citation_target_id	normalized_source_key	source_abbreviation	normalized_author	normalized_title	normalized_year	normalized_volume_issue	normalized_page_or_plate	source_type	likely_contains_translation	likely_contains_source_text	likely_contains_edition_only	likely_contains_commentary_only	language_scope_expected	target_priority	notes
corpus-citation-target-0001	annualReportsArchaeologicalSurveyIndia	ARASI		Annual Reports of the Archaeological Survey of India	1921	19a | 34, p. 190 | 37, p. 114 | 37, p. 115 | 37, p. 116 | 7, p. 114		article	false	false	false	true	unknown	low	7 corpus citation rows
corpus-citation-target-0002	anthology		Anthology 5	p. 81		1, p. 39 | 5, p. 81 | 5, p. 82 | 5, p. 84 | 5, p. 85		article	false	false	false	true	mixed_or_uncertain	low	6 corpus citation rows
corpus-citation-target-0003	britishLibraryOrientalManuscripts	OR		British Library Oriental manuscripts		3434 (gā: verso) | 3434 fol. ghā verso (with further dates) | 3475, no. 18 | 3475, no. 4 | 3475, no. 5 | 3475, no. 6 (with date CS 581/1219) | 6452 B (1), no. 1 | 6452 B (1), no. 31 | 6452 B (1), no. 32 | 6452 B (1), nos. 22 and 26		unclear	false	false	false	true	unknown	low	21 corpus citation rows
corpus-citation-target-0004	bulletinBurmaHistoricalCommission	BBHC		Bulletin of the Burma Historical Commission	1960	1960, p. 231-7 | 1963, p. 118 | 1963, p. 62 | 1963, p. 65 | 1963, p. 69 | 1963, p. 72 | 1963, p. 74 | 1963, p. 80 | 1963, p. 88 | 1963, p. 91 | 1963, p. 96 | Luce/ U Pe Maung Tin, BBHC 1 (2)		article	false	false	false	true	unknown	low	13 corpus citation rows
corpus-citation-target-0005	duroiselle1921list	List	Charles Duroiselle	List of Inscriptions Found in Burma	1921	1014 | 102 | 1043-1044 | 105 | 106 | 1071 | 108 | 109-110 | 111 | 113 | 116 | 120 | 121 | 122 | 123/a | 123/b | 123a +b | 1248-555 | 125 | 1251 | 1252 | 1254 | 1255 | 128 | 129 | 129 BED B 554-4 | 1294 | 1296 | 1297 | 1299/a | 1299/b | 1299a | 129a+b | 130 | 1323 | 1324 | 1332 | 1334/a | 1334/b | 1336 | 134 | 1347 | 135 | 1353 (acc. to IB) | 1354 | 1356 | 136 | 1366 BED B 600-7 | 1368 | 1388a+b | 1391 | 1399 | 1400 | 1437 | 144 | 145/a | 145/b | 145/c | 146 | 146 BED B 559-6 & B 556-5 | 1499 | 151 | 151 BED B 560-6 | 152 | 153 | 154/a | 154/b | 154a+b | 155 | 156-157 | 157, 156 BED B 562-5 | 159 | 160/a | 160/b | 160a+b | 161 | 163 | 163 BED B 562-2 | 165 | 165-27 BED B 566-2 | 168 a+b | 168/a | 168a+b | 169/a & IOB1-30/a & BED A | 169/a & IOB1-30/a & BED B 619-1 | 169a | 169b | 171 | 172 | 173 | 174/a | 174/b | 174a+b | 175 | 176 | 179 | 180 and 1403 | 182 | 182 BED B 573-1 | 182 BED B 579-2 | 183 | 185 | 185, | 186 | 189 | 190 | 191 | 192 | 193 | 194 | 195 | 196 | 197 | 198 | 199 | 201 | 201 BED B 598-10 | 202 | 203 | 204 | 205 | 206 | 206/List 220 | 208 | 209 | 210 | 211 | 213 | 214 | 215 | 216 | 217 | 218 | 219 | 220 | 221 | 222 | 223 | 224 | 226 | 227 | 228 | 229 | 23 | 23, 27 BED B 420-2 | 230 | 231 | 232 | 233 | 233, | 235/a | 235/b | 235a+b | 236/a | 236/b | 236a+b | 237 | 238 | 24 | 24, | 241 | 242 | 243 | 244 | 245 | 246 | 247 | 248 | 248 BED B 600-1 | 249 | 253 | 254 | 254, | 255 | 256 | 257 | 258 | 258 (rev.) | 259 | 260 | 260-261 | 261 | 262 | 262-263 | 263, | 264/a | 264/b | 264a | 266/a | 266/b | 267 | 269 | 27 | 270 | 270a+b | 271 | 271a+b | 272 | 273(a) | 273(b) | 273/a | 273/b | 274 | 276/a | 276/b | 278/a | 278/b | 278b (?) | 280 | 281 | 282 | 283 | 284 | 285 | 285, | 286 | 287 | 288 | 289 | 290 | 291 | 292 | 293 & 1352 | 295 | 296 | 30 | 30 BED B 447-1 | 302 | 303 a+b | 303/a | 303/b | 305 | 306 | 306/a | 306/b | 307/a | 307/b | 307a+b | 308 | 309 | 31 | 310 | 311 | 313, | 314/a | 314/b | 314a+b | 32 | 32 BED B 562-4 | 322 | 323 | 325 | 326 | 327 | 328 | 329 | 330 | 331 | 332/a | 332/b | 332b | 333 | 334 | 335 | 335, | 339 | 340 | 342 | 343 | 344/a | 344/b | 344a | 345 | 346 | 346/a BED B 429-1 | 349 | 350 | 351 | 352 | 353 | 353/b | 354/a | 354/b | 355 | 357/a & 358/a | 357/b & 358/b | 359 | 362 | 363/b | 363b | 364 | 365 | 368 | 368, | 368/a | 369 | 370 | 373/a | 374 | 376 | 378/a | 378/b | 378/c | 378/d | 379 | 380/b | 380b | 383/a | 384/b | 386 | 387 | 389 | 391 | 392/a | 392/b | 393 | 394 | 396 | 397 | 400/a/a | 404/a | 404/b | 405 | 406 | 407 | 408 | 409/a | 409/b | 410/a | 410/b | 411 | 412 | 417 | 418 | 422 | 428 | 431 | 434 | 435 | 437 | 438 | 443, 437 | 448 BED B 622-6 | 451 | 452 | 457 | 458 | 46 | 46/a BED B 467-1 | 464 | 465/a | 465a | 467 | 477 | 478 | 479 | 48 | 48 BED B 468-1 | 480 | 482 | 483 | 486 | 487 | 488 | 489 | 49 | 49 BED B 469-1 | 490 | 492 | 493 | 494 | 497 | 498, | 499 | 50 a+b | 50/a BED B 472-1 | 503, | 504/b | 506 | 507 | 51 | 51+52 | 512 | 515 | 516 | 516, | 517/a, | 517/b, | 52 | 523, | 524/a | 524/b | 525/a--468/a | 530 | 532/a | 533 | 535 | 535/b | 536/b | 538 | 550 | 56 | 563 & 1436 | 564/a | 564/b | 565/b, | 569 | 585 | 598 | 599 | 622 | 633/a | 634/a | 634/b | 634/c | 634/d | 638 | 66 a+b | 66/a | 66/b | 67/a | 67/b | 67b | 701/a | 701/b | 710 | 72 | 722 | 73 | 73 BED B 513-3 | 748 | 75 | 761 | 772 | 78 | 80 | 804 | 81/a | 81/b | 81a+b | 821 | 875 | 876 | 890 | 90 | 91 | 91 BED B 534-2 | 92/a | 92/b | 92a | 92b | 939 | 943 | 944 | 958 | 963 | 97 | 97 BED B 547-2 | 982, | <xx> | ? | ??? | copy List 106 | copy List 114 | copy List 150 | copy List 163 (162?) | copy List 221 | copy List 316-317 | copy List 347 | copy List 402 | copy List 427 | copy List 486 | copy List 5 | copy List 918		catalogue	false	true	true	false	mixed_or_uncertain	medium	838 corpus citation rows
corpus-citation-target-0006	epigraphiaBirmanica	EB		Epigraphia Birmanica	1919	1919, p. 1 | EB Vol.1 n°1 BED B 474-1 | EB Vol.1, n°1 | EB Vol.1, n°1 BED B 474-1		corpus_volume	false	true	true	false	Mixed Burmese/Pali	medium	6 corpus citation rows
corpus-citation-target-0007	fam-raw-12			12		12		unclear	false	false	false	true	unknown	low	1 corpus citation rows
corpus-citation-target-0008	fam-raw-17			17		17		unclear	false	false	false	true	unknown	low	1 corpus citation rows
corpus-citation-target-0009	fam-raw-184-bed-b-614-2			-184 BED B 614-2		-184 BED B 614-2		unclear	false	false	false	true	unknown	low	1 corpus citation rows
corpus-citation-target-0010	fam-raw-1936-37-4003-1938-39-4080		-1936-37/ 4003	1938-39/ 4080	1936	1936		unclear	false	false	false	true	unknown	low	1 corpus citation rows
corpus-citation-target-0011	fam-raw-1958-59			1958-59	1958	1958		unclear	false	false	false	true	unknown	low	1 corpus citation rows
corpus-citation-target-0012	fam-raw-1960		1960	p. 241	1960	1960, p. 241		article	false	false	false	true	unknown	low	1 corpus citation rows
corpus-citation-target-0013	fam-raw-1962-63-bed-b-622-6			1962-63 BED B 622-6	1962	1962		unclear	false	false	false	true	unknown	low	1 corpus citation rows
corpus-citation-target-0014	fam-raw-1963			1963,	1963	1963		unclear	false	false	false	true	unknown	low	1 corpus citation rows
corpus-citation-target-0015	fam-raw-1970-71			1970-71	1970	1970		unclear	false	false	false	true	unknown	low	1 corpus citation rows
corpus-citation-target-0016	fam-raw-2			& 2		& 2 | -2		unclear	false	false	false	true	unknown	low	2 corpus citation rows
corpus-citation-target-0017	fam-raw-265			---265,		---265,		unclear	false	false	false	true	unknown	low	1 corpus citation rows
corpus-citation-target-0018	fam-raw-3			3 ,		3 ,		unclear	false	false	false	true	unknown	low	1 corpus citation rows
corpus-citation-target-0019	fam-raw-31-2-3			-31 . . . . . . 2 . . . . . . 3 . . . . . . . . .		-31 . . . . . . 2 . . . . . . 3 . . . . . . . . .		unclear	false	false	false	true	unknown	low	1 corpus citation rows
corpus-citation-target-0020	fam-raw-377			-377		-377		unclear	false	false	false	true	unknown	low	1 corpus citation rows
corpus-citation-target-0021	fam-raw-6			-6-,		-6-,		unclear	false	false	false	true	unknown	low	1 corpus citation rows
corpus-citation-target-0022	fam-raw-617			617		617		unclear	false	false	false	true	unknown	low	1 corpus citation rows
corpus-citation-target-0023	fam-raw-769			--769		--769		unclear	false	false	false	true	unknown	low	1 corpus citation rows
corpus-citation-target-0024	fam-raw-another-is-list-401			another copy is List 401		another copy is List 401		catalogue	false	true	true	false	unknown	medium	1 corpus citation rows
corpus-citation-target-0025	fam-raw-aung-thwin-ceylonese-burmese-relations-jss-1976		Aung-Thwin	Ceylonese-Burmese Relations, JSS 1976, p. 53-74	1976	1976, p. 53-74		article	false	false	false	true	unknown	low	1 corpus citation rows
corpus-citation-target-0026	fam-raw-ba-1-9	BA 1	BA 1	9		BA 1, 9		unclear	false	false	false	true	unknown	low	1 corpus citation rows
corpus-citation-target-0027	fam-raw-ba-10	BA-10		BA-10		BA-10		unclear	false	false	false	true	unknown	low	1 corpus citation rows
corpus-citation-target-0028	fam-raw-ba-101	BA-101		BA-101		BA-101		unclear	false	false	false	true	unknown	low	1 corpus citation rows
corpus-citation-target-0029	fam-raw-ba-103	BA-103		BA-103		BA-103		unclear	false	false	false	true	unknown	low	1 corpus citation rows
corpus-citation-target-0030	fam-raw-ba-105	BA-105		BA-105		BA-105		unclear	false	false	false	true	unknown	low	1 corpus citation rows
corpus-citation-target-0031	fam-raw-ba-106	BA-106		BA-106,		BA-106,		unclear	false	false	false	true	unknown	low	1 corpus citation rows
corpus-citation-target-0032	fam-raw-ba-107	BA 107		BA 107		BA 107		unclear	false	false	false	true	unknown	low	1 corpus citation rows
corpus-citation-target-0033	fam-raw-ba-109-157	BA-109	BA-109	157		BA-109, 157		unclear	false	false	false	true	unknown	low	1 corpus citation rows
corpus-citation-target-0034	fam-raw-ba-11	BA-11		BA-11		BA-11		unclear	false	false	false	true	unknown	low	1 corpus citation rows
corpus-citation-target-0035	fam-raw-ba-110	BA-110		BA-110		BA-110		unclear	false	false	false	true	unknown	low	1 corpus citation rows
corpus-citation-target-0036	fam-raw-ba-111	BA-111		BA-111		BA-111		unclear	false	false	false	true	unknown	low	1 corpus citation rows
corpus-citation-target-0037	fam-raw-ba-112	BA 112		BA 112		BA 112		unclear	false	false	false	true	unknown	low	1 corpus citation rows
corpus-citation-target-0038	fam-raw-ba-113	BA-113		BA-113,		BA-113,		unclear	false	false	false	true	unknown	low	1 corpus citation rows
corpus-citation-target-0039	fam-raw-ba-114	BA-114		BA-114		BA-114		unclear	false	false	false	true	unknown	low	1 corpus citation rows
corpus-citation-target-0040	fam-raw-ba-115	BA-115		BA-115		BA-115		unclear	false	false	false	true	unknown	low	1 corpus citation rows
corpus-citation-target-0041	fam-raw-ba-116	BA-116		BA-116		BA-116		unclear	false	false	false	true	unknown	low	1 corpus citation rows
corpus-citation-target-0042	fam-raw-ba-117	BA-117		BA-117		BA-117		unclear	false	false	false	true	unknown	low	1 corpus citation rows
corpus-citation-target-0043	fam-raw-ba-118	BA-118		BA-118		BA-118		unclear	false	false	false	true	unknown	low	1 corpus citation rows
corpus-citation-target-0044	fam-raw-ba-121	BA-121		BA-121		BA-121		unclear	false	false	false	true	unknown	low	1 corpus citation rows
corpus-citation-target-0045	fam-raw-ba-122	BA-122		BA-122		BA-122		unclear	false	false	false	true	unknown	low	1 corpus citation rows
corpus-citation-target-0046	fam-raw-ba-124	BA-124		BA-124		BA-124		unclear	false	false	false	true	unknown	low	1 corpus citation rows
corpus-citation-target-0047	fam-raw-ba-125	BA-125		BA-125		BA-125		unclear	false	false	false	true	unknown	low	1 corpus citation rows
corpus-citation-target-0048	fam-raw-ba-127	BA-127		BA-127		BA-127		unclear	false	false	false	true	unknown	low	1 corpus citation rows
corpus-citation-target-0049	fam-raw-ba-128	BA-128		BA-128		BA-128		unclear	false	false	false	true	unknown	low	1 corpus citation rows
corpus-citation-target-0050	fam-raw-ba-130	BA-130		BA-130		BA-130		unclear	false	false	false	true	unknown	low	1 corpus citation rows
corpus-citation-target-0051	fam-raw-ba-133	BA-133		BA-133		BA-133		unclear	false	false	false	true	unknown	low	1 corpus citation rows
corpus-citation-target-0052	fam-raw-ba-135	BA 135		BA 135		BA 135		unclear	false	false	false	true	unknown	low	1 corpus citation rows
corpus-citation-target-0053	fam-raw-ba-137-138	BA-137-138		BA-137-138		BA-137-138		unclear	false	false	false	true	unknown	low	1 corpus citation rows
corpus-citation-target-0054	fam-raw-ba-139-140	BA-139-140		BA-139-140		BA-139-140		unclear	false	false	false	true	unknown	low	1 corpus citation rows
corpus-citation-target-0055	fam-raw-ba-141	BA-141		BA-141		BA-141		unclear	false	false	false	true	unknown	low	1 corpus citation rows
corpus-citation-target-0056	fam-raw-ba-142	BA-142		BA-142		BA-142		unclear	false	false	false	true	unknown	low	1 corpus citation rows
corpus-citation-target-0057	fam-raw-ba-143-144	BA-143-144		BA-143-144		BA-143-144		unclear	false	false	false	true	unknown	low	1 corpus citation rows
corpus-citation-target-0058	fam-raw-ba-145	BA-145		BA-145		BA-145		unclear	false	false	false	true	unknown	low	1 corpus citation rows
corpus-citation-target-0059	fam-raw-ba-146	BA-146		BA-146		BA-146		unclear	false	false	false	true	unknown	low	1 corpus citation rows
corpus-citation-target-0060	fam-raw-ba-147	BA-147		BA-147		BA-147		unclear	false	false	false	true	unknown	low	1 corpus citation rows
corpus-citation-target-0061	fam-raw-ba-149	BA-149		BA-149		BA-149		unclear	false	false	false	true	unknown	low	1 corpus citation rows
corpus-citation-target-0062	fam-raw-ba-150	BA-150		BA-150		BA-150		unclear	false	false	false	true	unknown	low	1 corpus citation rows
corpus-citation-target-0063	fam-raw-ba-151-152	BA-151-152		BA-151-152		BA-151-152		unclear	false	false	false	true	unknown	low	1 corpus citation rows
corpus-citation-target-0064	fam-raw-ba-153	BA-153		BA-153		BA-153		unclear	false	false	false	true	unknown	low	1 corpus citation rows
corpus-citation-target-0065	fam-raw-ba-154	BA-154		BA-154		BA-154		unclear	false	false	false	true	unknown	low	1 corpus citation rows
corpus-citation-target-0066	fam-raw-ba-156	BA-156		BA-156		BA-156		unclear	false	false	false	true	unknown	low	1 corpus citation rows
corpus-citation-target-0067	fam-raw-ba-16	BA-16		BA-16		BA-16		unclear	false	false	false	true	unknown	low	1 corpus citation rows
corpus-citation-target-0068	fam-raw-ba-162	BA-162		BA-162		BA-162		unclear	false	false	false	true	unknown	low	1 corpus citation rows
corpus-citation-target-0069	fam-raw-ba-164	BA-164		BA-164		BA-164		unclear	false	false	false	true	unknown	low	1 corpus citation rows
corpus-citation-target-0070	fam-raw-ba-165	BA-165		BA-165		BA-165		unclear	false	false	false	true	unknown	low	1 corpus citation rows
corpus-citation-target-0071	fam-raw-ba-166-167	BA-166-167		BA-166-167		BA-166-167		unclear	false	false	false	true	unknown	low	1 corpus citation rows
corpus-citation-target-0072	fam-raw-ba-168	BA-168		BA-168		BA-168		unclear	false	false	false	true	unknown	low	1 corpus citation rows
corpus-citation-target-0073	fam-raw-ba-169	BA-169		BA-169		BA-169		unclear	false	false	false	true	unknown	low	1 corpus citation rows
corpus-citation-target-0074	fam-raw-ba-170	BA-170		BA-170		BA-170		unclear	false	false	false	true	unknown	low	1 corpus citation rows
corpus-citation-target-0075	fam-raw-ba-174	BA-174		BA-174		BA-174		unclear	false	false	false	true	unknown	low	1 corpus citation rows
corpus-citation-target-0076	fam-raw-ba-177	BA-177		BA-177		BA-177		unclear	false	false	false	true	unknown	low	1 corpus citation rows
corpus-citation-target-0077	fam-raw-ba-179	BA-179		BA-179		BA-179		unclear	false	false	false	true	unknown	low	1 corpus citation rows
corpus-citation-target-0078	fam-raw-ba-18	BA-18		BA-18		BA-18		unclear	false	false	false	true	unknown	low	1 corpus citation rows
corpus-citation-target-0079	fam-raw-ba-183	BA-183		BA-183		BA-183		unclear	false	false	false	true	unknown	low	1 corpus citation rows
corpus-citation-target-0080	fam-raw-ba-184	BA-184		BA-184		BA-184		unclear	false	false	false	true	unknown	low	1 corpus citation rows
corpus-citation-target-0081	fam-raw-ba-185	BA-185		BA-185		BA-185		unclear	false	false	false	true	unknown	low	1 corpus citation rows
corpus-citation-target-0082	fam-raw-ba-186	BA-186		BA-186		BA-186		unclear	false	false	false	true	unknown	low	1 corpus citation rows
corpus-citation-target-0083	fam-raw-ba-187	BA-187		BA-187		BA-187		unclear	false	false	false	true	unknown	low	1 corpus citation rows
corpus-citation-target-0084	fam-raw-ba-188	BA-188		BA-188		BA-188		unclear	false	false	false	true	unknown	low	1 corpus citation rows
corpus-citation-target-0085	fam-raw-ba-189	BA-189		BA-189		BA-189		unclear	false	false	false	true	unknown	low	1 corpus citation rows
corpus-citation-target-0086	fam-raw-ba-19	BA-19		BA-19		BA-19		unclear	false	false	false	true	unknown	low	1 corpus citation rows
corpus-citation-target-0087	fam-raw-ba-190	BA-190		BA-190		BA-190		unclear	false	false	false	true	unknown	low	1 corpus citation rows
corpus-citation-target-0088	fam-raw-ba-191	BA-191		BA-191		BA-191		unclear	false	false	false	true	unknown	low	1 corpus citation rows
corpus-citation-target-0089	fam-raw-ba-192	BA-192		BA-192		BA-192		unclear	false	false	false	true	unknown	low	1 corpus citation rows
corpus-citation-target-0090	fam-raw-ba-193	BA-193		BA-193		BA-193		unclear	false	false	false	true	unknown	low	1 corpus citation rows
corpus-citation-target-0091	fam-raw-ba-194	BA-194		BA-194,		BA-194,		unclear	false	false	false	true	unknown	low	1 corpus citation rows
corpus-citation-target-0092	fam-raw-ba-195	BA-195		BA-195,		BA-195,		unclear	false	false	false	true	unknown	low	1 corpus citation rows
corpus-citation-target-0093	fam-raw-ba-197	BA-197		BA-197		BA-197		unclear	false	false	false	true	unknown	low	1 corpus citation rows
corpus-citation-target-0094	fam-raw-ba-198-199	BA-198-199		BA-198-199		BA-198-199		unclear	false	false	false	true	unknown	low	1 corpus citation rows
corpus-citation-target-0095	fam-raw-ba-200	BA-200		BA-200		BA-200		unclear	false	false	false	true	unknown	low	1 corpus citation rows
corpus-citation-target-0096	fam-raw-ba-202	BA-202		BA-202,		BA-202,		unclear	false	false	false	true	unknown	low	1 corpus citation rows
corpus-citation-target-0097	fam-raw-ba-209	BA-209		BA-209		BA-209		unclear	false	false	false	true	unknown	low	1 corpus citation rows
corpus-citation-target-0098	fam-raw-ba-215	BA-215		BA-215		BA-215		unclear	false	false	false	true	unknown	low	1 corpus citation rows
corpus-citation-target-0099	fam-raw-ba-217	BA-217		BA-217		BA-217		unclear	false	false	false	true	unknown	low	1 corpus citation rows
corpus-citation-target-0100	fam-raw-ba-225-226	BA-225-226		BA-225-226		BA-225-226		unclear	false	false	false	true	unknown	low	1 corpus citation rows
corpus-citation-target-0101	fam-raw-ba-228-582	BA-228		BA-228 & 582		BA-228 & 582		unclear	false	false	false	true	unknown	low	1 corpus citation rows
corpus-citation-target-0102	fam-raw-ba-229	BA-229		BA-229		BA-229		unclear	false	false	false	true	unknown	low	1 corpus citation rows
corpus-citation-target-0103	fam-raw-ba-244	BA-244		BA-244		BA-244		unclear	false	false	false	true	unknown	low	1 corpus citation rows
corpus-citation-target-0104	fam-raw-ba-254	BA-254		BA-254		BA-254		unclear	false	false	false	true	unknown	low	1 corpus citation rows
corpus-citation-target-0105	fam-raw-ba-27	BA-27		BA-27		BA-27		unclear	false	false	false	true	unknown	low	1 corpus citation rows
corpus-citation-target-0106	fam-raw-ba-270	BA-270		BA-270		BA-270		unclear	false	false	false	true	unknown	low	1 corpus citation rows
corpus-citation-target-0107	fam-raw-ba-271-272	BA-271-272		BA-271-272		BA-271-272		unclear	false	false	false	true	unknown	low	1 corpus citation rows
corpus-citation-target-0108	fam-raw-ba-273	BA-273		BA-273		BA-273		unclear	false	false	false	true	unknown	low	1 corpus citation rows
corpus-citation-target-0109	fam-raw-ba-274	BA-274		BA-274		BA-274		unclear	false	false	false	true	unknown	low	1 corpus citation rows
corpus-citation-target-0110	fam-raw-ba-28	BA-28		BA-28		BA-28		unclear	false	false	false	true	unknown	low	1 corpus citation rows
corpus-citation-target-0111	fam-raw-ba-332	BA-332		BA-332		BA-332		unclear	false	false	false	true	unknown	low	1 corpus citation rows
corpus-citation-target-0112	fam-raw-ba-34	BA-34		BA-34		BA-34		unclear	false	false	false	true	unknown	low	1 corpus citation rows
corpus-citation-target-0113	fam-raw-ba-357	BA-357		BA-357		BA-357		unclear	false	false	false	true	unknown	low	1 corpus citation rows
corpus-citation-target-0114	fam-raw-ba-36	BA-36		BA-36		BA-36		unclear	false	false	false	true	unknown	low	1 corpus citation rows
corpus-citation-target-0115	fam-raw-ba-39	BA-39		BA-39		BA-39		unclear	false	false	false	true	unknown	low	1 corpus citation rows
corpus-citation-target-0116	fam-raw-ba-395	BA-395		BA-395		BA-395		unclear	false	false	false	true	unknown	low	1 corpus citation rows
corpus-citation-target-0117	fam-raw-ba-399	BA-399		BA-399,		BA-399,		unclear	false	false	false	true	unknown	low	1 corpus citation rows
corpus-citation-target-0118	fam-raw-ba-41	BA-41		BA-41		BA-41		unclear	false	false	false	true	unknown	low	1 corpus citation rows
corpus-citation-target-0119	fam-raw-ba-419	BA-419		BA-419		BA-419		unclear	false	false	false	true	unknown	low	1 corpus citation rows
corpus-citation-target-0120	fam-raw-ba-42	BA-42		BA-42		BA-42		unclear	false	false	false	true	unknown	low	1 corpus citation rows
corpus-citation-target-0121	fam-raw-ba-428	BA-428		BA-428,		BA-428,		unclear	false	false	false	true	unknown	low	1 corpus citation rows
corpus-citation-target-0122	fam-raw-ba-43	BA-43		BA-43		BA-43		unclear	false	false	false	true	unknown	low	1 corpus citation rows
corpus-citation-target-0123	fam-raw-ba-436-1-2-3-4-5	BA-436	BA-436	1-2-3-4-5-,		BA-436, 1-2-3-4-5-,		unclear	false	false	false	true	unknown	low	1 corpus citation rows
corpus-citation-target-0124	fam-raw-ba-437	BA-437		BA-437		BA-437		unclear	false	false	false	true	unknown	low	1 corpus citation rows
corpus-citation-target-0125	fam-raw-ba-466	BA-466		BA-466		BA-466		unclear	false	false	false	true	unknown	low	1 corpus citation rows
corpus-citation-target-0126	fam-raw-ba-47	BA-47		BA-47		BA-47		unclear	false	false	false	true	unknown	low	1 corpus citation rows
corpus-citation-target-0127	fam-raw-ba-471	BA-471		BA-471		BA-471		unclear	false	false	false	true	unknown	low	1 corpus citation rows
corpus-citation-target-0128	fam-raw-ba-472	BA-472		BA-472		BA-472		unclear	false	false	false	true	unknown	low	1 corpus citation rows
corpus-citation-target-0129	fam-raw-ba-474	BA-474		BA-474		BA-474		unclear	false	false	false	true	unknown	low	1 corpus citation rows
corpus-citation-target-0130	fam-raw-ba-487	BA-487		BA-487		BA-487		unclear	false	false	false	true	unknown	low	1 corpus citation rows
corpus-citation-target-0131	fam-raw-ba-49	BA-49		BA-49		BA-49		unclear	false	false	false	true	unknown	low	1 corpus citation rows
corpus-citation-target-0132	fam-raw-ba-494	BA-494		BA-494		BA-494		unclear	false	false	false	true	unknown	low	1 corpus citation rows
corpus-citation-target-0133	fam-raw-ba-496	BA-496		BA-496		BA-496		unclear	false	false	false	true	unknown	low	1 corpus citation rows
corpus-citation-target-0134	fam-raw-ba-50	BA-50		BA-50		BA-50		unclear	false	false	false	true	unknown	low	1 corpus citation rows
corpus-citation-target-0135	fam-raw-ba-508	BA-508		BA-508		BA-508		unclear	false	false	false	true	unknown	low	1 corpus citation rows
corpus-citation-target-0136	fam-raw-ba-51	BA-51		BA-51		BA-51		unclear	false	false	false	true	unknown	low	1 corpus citation rows
corpus-citation-target-0137	fam-raw-ba-510	BA-510		BA-510		BA-510		unclear	false	false	false	true	unknown	low	1 corpus citation rows
corpus-citation-target-0138	fam-raw-ba-52	BA-52		BA-52		BA-52		unclear	false	false	false	true	unknown	low	1 corpus citation rows
corpus-citation-target-0139	fam-raw-ba-535	BA-535		BA-535		BA-535		unclear	false	false	false	true	unknown	low	1 corpus citation rows
corpus-citation-target-0140	fam-raw-ba-54	BA-54		BA-54		BA-54		unclear	false	false	false	true	unknown	low	1 corpus citation rows
corpus-citation-target-0141	fam-raw-ba-545	BA-545		BA-545		BA-545		unclear	false	false	false	true	unknown	low	1 corpus citation rows
corpus-citation-target-0142	fam-raw-ba-546	BA-546		BA-546		BA-546		unclear	false	false	false	true	unknown	low	1 corpus citation rows
corpus-citation-target-0143	fam-raw-ba-55-56	BA-55		BA-55 & 56		BA-55 & 56		unclear	false	false	false	true	unknown	low	2 corpus citation rows
corpus-citation-target-0144	fam-raw-ba-554	BA-554		BA-554		BA-554		unclear	false	false	false	true	unknown	low	1 corpus citation rows
corpus-citation-target-0145	fam-raw-ba-57-539	BA-57		BA-57 & 539		BA-57 & 539		unclear	false	false	false	true	unknown	low	1 corpus citation rows
corpus-citation-target-0146	fam-raw-ba-574-227	BA-574-227		BA-574-227		BA-574-227		unclear	false	false	false	true	unknown	low	1 corpus citation rows
corpus-citation-target-0147	fam-raw-ba-58	BA-58		BA-58		BA-58		unclear	false	false	false	true	unknown	low	1 corpus citation rows
corpus-citation-target-0148	fam-raw-ba-583	BA-583		BA-583		BA-583		unclear	false	false	false	true	unknown	low	1 corpus citation rows
corpus-citation-target-0149	fam-raw-ba-59	BA-59		BA-59		BA-59		unclear	false	false	false	true	unknown	low	1 corpus citation rows
corpus-citation-target-0150	fam-raw-ba-595	BA-595		BA-595		BA-595		unclear	false	false	false	true	unknown	low	1 corpus citation rows
corpus-citation-target-0151	fam-raw-ba-60	BA-60		BA-60		BA-60		unclear	false	false	false	true	unknown	low	1 corpus citation rows
corpus-citation-target-0152	fam-raw-ba-61	BA-61		BA-61		BA-61		unclear	false	false	false	true	unknown	low	1 corpus citation rows
corpus-citation-target-0153	fam-raw-ba-62	BA-62		BA-62		BA-62		unclear	false	false	false	true	unknown	low	1 corpus citation rows
corpus-citation-target-0154	fam-raw-ba-63	BA-63		BA-63		BA-63		unclear	false	false	false	true	unknown	low	1 corpus citation rows
corpus-citation-target-0155	fam-raw-ba-66	BA-66		BA-66,		BA-66,		unclear	false	false	false	true	unknown	low	1 corpus citation rows
corpus-citation-target-0156	fam-raw-ba-67	BA-67		BA-67		BA-67		unclear	false	false	false	true	unknown	low	1 corpus citation rows
corpus-citation-target-0157	fam-raw-ba-68	BA-68		BA-68		BA-68		unclear	false	false	false	true	unknown	low	1 corpus citation rows
corpus-citation-target-0158	fam-raw-ba-69	BA 69		BA 69		BA 69		unclear	false	false	false	true	unknown	low	1 corpus citation rows
corpus-citation-target-0159	fam-raw-ba-7	BA-7		BA-7		BA-7		unclear	false	false	false	true	unknown	low	1 corpus citation rows
corpus-citation-target-0160	fam-raw-ba-70	BA-70		BA-70		BA-70		unclear	false	false	false	true	unknown	low	1 corpus citation rows
corpus-citation-target-0161	fam-raw-ba-71	BA-71		BA-71		BA-71		unclear	false	false	false	true	unknown	low	1 corpus citation rows
corpus-citation-target-0162	fam-raw-ba-72	BA-72		BA-72		BA-72		unclear	false	false	false	true	unknown	low	1 corpus citation rows
corpus-citation-target-0163	fam-raw-ba-75	BA-75		BA-75		BA-75		unclear	false	false	false	true	unknown	low	1 corpus citation rows
corpus-citation-target-0164	fam-raw-ba-79	BA-79		BA-79		BA-79		unclear	false	false	false	true	unknown	low	1 corpus citation rows
corpus-citation-target-0165	fam-raw-ba-80	BA-80		BA-80		BA-80		unclear	false	false	false	true	unknown	low	1 corpus citation rows
corpus-citation-target-0166	fam-raw-ba-81	BA-81		BA-81		BA-81		unclear	false	false	false	true	unknown	low	1 corpus citation rows
corpus-citation-target-0167	fam-raw-ba-82	BA-82		BA-82		BA-82		unclear	false	false	false	true	unknown	low	1 corpus citation rows
corpus-citation-target-0168	fam-raw-ba-83	BA-83		BA-83		BA-83		unclear	false	false	false	true	unknown	low	1 corpus citation rows
corpus-citation-target-0169	fam-raw-ba-85	BA-85		BA-85		BA-85		unclear	false	false	false	true	unknown	low	1 corpus citation rows
corpus-citation-target-0170	fam-raw-ba-86	BA-86		BA-86		BA-86		unclear	false	false	false	true	unknown	low	1 corpus citation rows
corpus-citation-target-0171	fam-raw-ba-88	BA-88		BA-88		BA-88		unclear	false	false	false	true	unknown	low	1 corpus citation rows
corpus-citation-target-0172	fam-raw-ba-89	BA-89		BA-89		BA-89		unclear	false	false	false	true	unknown	low	1 corpus citation rows
corpus-citation-target-0173	fam-raw-ba-90	BA-90		BA-90		BA-90		unclear	false	false	false	true	unknown	low	1 corpus citation rows
corpus-citation-target-0174	fam-raw-ba-93	BA-93		BA-93		BA-93		unclear	false	false	false	true	unknown	low	1 corpus citation rows
corpus-citation-target-0175	fam-raw-ba-97-492	BA-97		BA-97 & 492		BA-97 & 492		unclear	false	false	false	true	unknown	low	1 corpus citation rows
corpus-citation-target-0176	fam-raw-ba-98	BA-98		BA-98		BA-98		unclear	false	false	false	true	unknown	low	1 corpus citation rows
corpus-citation-target-0177	fam-raw-ba-99	BA-99		BA-99		BA-99		unclear	false	false	false	true	unknown	low	1 corpus citation rows
corpus-citation-target-0178	fam-raw-ba-bed-b-635-2	BA BED B 635-2		BA BED B 635-2		BA BED B 635-2		unclear	false	false	false	true	unknown	low	1 corpus citation rows
corpus-citation-target-0179	fam-raw-bed-a	BED A		BED A		BED A		unclear	false	false	false	true	unknown	low	1 corpus citation rows
corpus-citation-target-0180	fam-raw-bm1-183-184	BM1-183-184		BM1-183-184		BM1-183-184		unclear	false	false	false	true	unknown	low	1 corpus citation rows
corpus-citation-target-0181	fam-raw-bm1-184	BM1-184		BM1-184		BM1-184		unclear	false	false	false	true	unknown	low	1 corpus citation rows
corpus-citation-target-0182	fam-raw-bm1-245	BM1-245		BM1-245		BM1-245		unclear	false	false	false	true	unknown	low	1 corpus citation rows
corpus-citation-target-0183	fam-raw-bm1-250	BM1-250		BM1-250,		BM1-250,		unclear	false	false	false	true	unknown	low	1 corpus citation rows
corpus-citation-target-0184	fam-raw-bm1-262-270	BM1-262		BM1-262+270		BM1-262+270		unclear	false	false	false	true	unknown	low	1 corpus citation rows
corpus-citation-target-0185	fam-raw-bm1-270-279	BM1-270		BM1-270 + 279		BM1-270 + 279		unclear	false	false	false	true	unknown	low	1 corpus citation rows
corpus-citation-target-0186	fam-raw-bm1-351-352	BM1-351-352		BM1-351-352		BM1-351-352		unclear	false	false	false	true	unknown	low	1 corpus citation rows
corpus-citation-target-0187	fam-raw-bm1-380	BM1-380		BM1-380		BM1-380		unclear	false	false	false	true	unknown	low	1 corpus citation rows
corpus-citation-target-0188	fam-raw-bm1-381	BM1-381		BM1-381		BM1-381		unclear	false	false	false	true	unknown	low	1 corpus citation rows
corpus-citation-target-0189	fam-raw-bm1-420	BM1-420		BM1-420		BM1-420		unclear	false	false	false	true	unknown	low	1 corpus citation rows
corpus-citation-target-0190	fam-raw-bm1-72	BM1-72		BM1-72		BM1-72		unclear	false	false	false	true	unknown	low	1 corpus citation rows
corpus-citation-target-0191	fam-raw-bm1-80	BM1-80		BM1-80		BM1-80		unclear	false	false	false	true	unknown	low	1 corpus citation rows
corpus-citation-target-0192	fam-raw-bm1184	BM1184		BM1184		BM1184		unclear	false	false	false	true	unknown	low	1 corpus citation rows
corpus-citation-target-0193	fam-raw-bm2-558	BM2 -558		BM2 -558		BM2 -558		unclear	false	false	false	true	unknown	low	1 corpus citation rows
corpus-citation-target-0194	fam-raw-bm2-760	BM2-760		BM2-760		BM2-760		unclear	false	false	false	true	unknown	low	1 corpus citation rows
corpus-citation-target-0195	fam-raw-bm2-768	BM2-768		BM2-768		BM2-768		unclear	false	false	false	true	unknown	low	1 corpus citation rows
corpus-citation-target-0196	fam-raw-bm2-830-838	BM2-830	BM2-830	838		BM2-830, 838		unclear	false	false	false	true	unknown	low	1 corpus citation rows
corpus-citation-target-0197	fam-raw-co-pies-list-225			co pies List 225		co pies List 225		catalogue	false	true	true	false	unknown	medium	1 corpus citation rows
corpus-citation-target-0198	fam-raw-copies-list-212			copies: List 212		copies: List 212		catalogue	false	true	true	false	unknown	medium	1 corpus citation rows
corpus-citation-target-0199	fam-raw-copies-list-217			copies List 217		copies List 217		catalogue	false	true	true	false	unknown	medium	1 corpus citation rows
corpus-citation-target-0200	fam-raw-copies-list-402-second-inscr			copies List 402 (second inscr.)		copies List 402 (second inscr.)		catalogue	false	true	true	false	unknown	medium	1 corpus citation rows
corpus-citation-target-0201	fam-raw-cp-a-first-part		cp. A	p. 17 (first part)		17		article	false	false	false	true	unknown	low	1 corpus citation rows
corpus-citation-target-0202	fam-raw-duroiselle-arasi-1912-hledaung-inscr		Duroiselle	ARASI 1912, p. 149-51 (Hledaung inscr.)	1912	1912, p. 149-51		article	false	false	false	true	unknown	low	1 corpus citation rows
corpus-citation-target-0203	fam-raw-frasch-coastal-peripheries		Frasch	“Coastal Peripheries”, p. 74		74		article	false	false	false	true	unknown	low	1 corpus citation rows
corpus-citation-target-0204	fam-raw-frasch-mhrj-1998		Frasch	MHRJ 1998, p. 23-37	1998	1998, p. 23-37		article	false	false	false	true	unknown	low	1 corpus citation rows
corpus-citation-target-0205	fam-raw-frasch-pagan		Frasch	Pagan, p. 102-103		102-103		article	false	false	false	true	unknown	low	1 corpus citation rows
corpus-citation-target-0206	fam-raw-hla-thamein-bagan-hket		Hla Thamein	Bagan-hket, p. 113		113		article	false	false	false	true	unknown	low	1 corpus citation rows
corpus-citation-target-0207	fam-raw-htupayon-2		Htupayon 2	p. 117		2, p. 117 | 2, p. 183		article	false	false	false	true	unknown	low	2 corpus citation rows
corpus-citation-target-0208	fam-raw-htupayon1			Htupayon1 p.249,		249		article	false	false	false	true	unknown	low	1 corpus citation rows
corpus-citation-target-0209	fam-raw-in-situ			in situ		in situ		unclear	false	false	false	true	unknown	low	1 corpus citation rows
corpus-citation-target-0210	fam-raw-iub1	IUB1		IUB1 p.140		140		article	false	false	false	true	unknown	low	1 corpus citation rows
corpus-citation-target-0211	fam-raw-iub1-103	IUB1-103		IUB1-103		IUB1-103		unclear	false	false	false	true	unknown	low	1 corpus citation rows
corpus-citation-target-0212	fam-raw-iub1-106-2-3	IUB1-106-2-3		IUB1-106-2-3		IUB1-106-2-3		unclear	false	false	false	true	unknown	low	1 corpus citation rows
corpus-citation-target-0213	fam-raw-iub1-120	IUB1-120		IUB1-120		IUB1-120		unclear	false	false	false	true	unknown	low	1 corpus citation rows
corpus-citation-target-0214	fam-raw-iub1-123	IUB1-123		IUB1-123		IUB1-123		unclear	false	false	false	true	unknown	low	1 corpus citation rows
corpus-citation-target-0215	fam-raw-iub1-125	IUB1-125		IUB1-125,		IUB1-125,		unclear	false	false	false	true	unknown	low	1 corpus citation rows
corpus-citation-target-0216	fam-raw-iub1-126-1002	IUB1-126-1002		IUB1-126-1002		1002		unclear	false	false	false	true	unknown	low	1 corpus citation rows
corpus-citation-target-0217	fam-raw-iub1-13-14	IUB1-13-14		IUB1-13-14		IUB1-13-14		unclear	false	false	false	true	unknown	low	1 corpus citation rows
corpus-citation-target-0218	fam-raw-iub1-146	IUB1-146		IUB1-146		IUB1-146		unclear	false	false	false	true	unknown	low	1 corpus citation rows
corpus-citation-target-0219	fam-raw-iub1-149	IUB1-149		IUB1-149		IUB1-149		unclear	false	false	false	true	unknown	low	1 corpus citation rows
corpus-citation-target-0220	fam-raw-iub1-168	IUB1-168		IUB1-168		IUB1-168		unclear	false	false	false	true	unknown	low	1 corpus citation rows
corpus-citation-target-0221	fam-raw-iub1-173	IUB1-173		IUB1-173		IUB1-173		unclear	false	false	false	true	unknown	low	1 corpus citation rows
corpus-citation-target-0222	fam-raw-iub1-174	IUB1-174		IUB1-174		IUB1-174		unclear	false	false	false	true	unknown	low	1 corpus citation rows
corpus-citation-target-0223	fam-raw-iub1-175	IUB1 175		IUB1 175		IUB1 175		unclear	false	false	false	true	unknown	low	1 corpus citation rows
corpus-citation-target-0224	fam-raw-iub1-176	IUB1-176		IUB1-176		IUB1-176		unclear	false	false	false	true	unknown	low	1 corpus citation rows
corpus-citation-target-0225	fam-raw-iub1-177	IUB1-177		IUB1-177		IUB1-177		unclear	false	false	false	true	unknown	low	1 corpus citation rows
corpus-citation-target-0226	fam-raw-iub1-181	IUB1-181		IUB1-181		IUB1-181		unclear	false	false	false	true	unknown	low	1 corpus citation rows
corpus-citation-target-0227	fam-raw-iub1-183	IUB1-183		IUB1-183		IUB1-183		unclear	false	false	false	true	unknown	low	1 corpus citation rows
corpus-citation-target-0228	fam-raw-iub1-186	IUB1-186		IUB1-186		IUB1-186		unclear	false	false	false	true	unknown	low	1 corpus citation rows
corpus-citation-target-0229	fam-raw-iub1-189	IUB1-189		IUB1-189		IUB1-189		unclear	false	false	false	true	unknown	low	1 corpus citation rows
corpus-citation-target-0230	fam-raw-iub1-191-192-bed-b-597-8	IUB1-191	IUB1-191	192 BED B 597-8		IUB1-191, 192 BED B 597-8		unclear	false	false	false	true	unknown	low	1 corpus citation rows
corpus-citation-target-0231	fam-raw-iub1-193-194	IUB1-193-194		IUB1-193-194		IUB1-193-194		unclear	false	false	false	true	unknown	low	1 corpus citation rows
corpus-citation-target-0232	fam-raw-iub1-195-196	IUB1-195-196		IUB1-195-196		IUB1-195-196		unclear	false	false	false	true	unknown	low	1 corpus citation rows
corpus-citation-target-0233	fam-raw-iub1-197	IUB1-197		IUB1-197		IUB1-197		unclear	false	false	false	true	unknown	low	1 corpus citation rows
corpus-citation-target-0234	fam-raw-iub1-198-199	IUB1-198	IUB1-198	199		IUB1-198, 199		unclear	false	false	false	true	unknown	low	1 corpus citation rows
corpus-citation-target-0235	fam-raw-iub1-200	IUB1-200		IUB1-200		IUB1-200		unclear	false	false	false	true	unknown	low	1 corpus citation rows
corpus-citation-target-0236	fam-raw-iub1-201-202	IUB1-201-202		IUB1-201-202		IUB1-201-202		unclear	false	false	false	true	unknown	low	1 corpus citation rows
corpus-citation-target-0237	fam-raw-iub1-203	IUB1-203		IUB1-203		IUB1-203		unclear	false	false	false	true	unknown	low	1 corpus citation rows
corpus-citation-target-0238	fam-raw-iub1-204	IUB1-204		IUB1-204		IUB1-204		unclear	false	false	false	true	unknown	low	1 corpus citation rows
corpus-citation-target-0239	fam-raw-iub1-205	IUB1-205		IUB1-205,		IUB1-205,		unclear	false	false	false	true	unknown	low	1 corpus citation rows
corpus-citation-target-0240	fam-raw-iub1-206	IUB1-206		IUB1-206		IUB1-206		unclear	false	false	false	true	unknown	low	1 corpus citation rows
corpus-citation-target-0241	fam-raw-iub1-207	IUB1-207		IUB1-207		IUB1-207		unclear	false	false	false	true	unknown	low	1 corpus citation rows
corpus-citation-target-0242	fam-raw-iub1-209-211	IUB1-209-211		IUB1-209-211		IUB1-209-211		unclear	false	false	false	true	unknown	low	1 corpus citation rows
corpus-citation-target-0243	fam-raw-iub1-212	IUB1-212		IUB1-212		IUB1-212		unclear	false	false	false	true	unknown	low	2 corpus citation rows
corpus-citation-target-0244	fam-raw-iub1-213	IUB1-213		IUB1-213		IUB1-213		unclear	false	false	false	true	unknown	low	1 corpus citation rows
corpus-citation-target-0245	fam-raw-iub1-216	IUB1-216		IUB1-216		IUB1-216		unclear	false	false	false	true	unknown	low	1 corpus citation rows
corpus-citation-target-0246	fam-raw-iub1-219-220	IUB1-219-220		IUB1-219-220		IUB1-219-220		unclear	false	false	false	true	unknown	low	1 corpus citation rows
corpus-citation-target-0247	fam-raw-iub1-222-223	IUB1-222-223		IUB1-222-223		IUB1-222-223		unclear	false	false	false	true	unknown	low	1 corpus citation rows
corpus-citation-target-0248	fam-raw-iub1-224	IUB1-224		IUB1-224		IUB1-224		unclear	false	false	false	true	unknown	low	1 corpus citation rows
corpus-citation-target-0249	fam-raw-iub1-225-304	IUB1-225		IUB1-225 & 304		IUB1-225 & 304		unclear	false	false	false	true	unknown	low	1 corpus citation rows
corpus-citation-target-0250	fam-raw-iub1-226-305	IUB1-226		IUB1-226 & 305		IUB1-226 & 305		unclear	false	false	false	true	unknown	low	1 corpus citation rows
corpus-citation-target-0251	fam-raw-iub1-227-228	IUB1-227-228		IUB1-227-228		IUB1-227-228		unclear	false	false	false	true	unknown	low	1 corpus citation rows
corpus-citation-target-0252	fam-raw-iub1-253-254	IUB1-253-254		IUB1-253-254		IUB1-253-254		unclear	false	false	false	true	unknown	low	1 corpus citation rows
corpus-citation-target-0253	fam-raw-iub1-255	IUB1-255		IUB1-255		IUB1-255		unclear	false	false	false	true	unknown	low	1 corpus citation rows
corpus-citation-target-0254	fam-raw-iub1-257	IUB1-257		IUB1-257		IUB1-257		unclear	false	false	false	true	unknown	low	1 corpus citation rows
corpus-citation-target-0255	fam-raw-iub1-258	IUB1-258		IUB1-258		IUB1-258		unclear	false	false	false	true	unknown	low	1 corpus citation rows
corpus-citation-target-0256	fam-raw-iub1-269	IUB1-269		IUB1-269		IUB1-269		unclear	false	false	false	true	unknown	low	1 corpus citation rows
corpus-citation-target-0257	fam-raw-iub1-271	IUB1-271		IUB1-271		IUB1-271		unclear	false	false	false	true	unknown	low	1 corpus citation rows
corpus-citation-target-0258	fam-raw-iub1-287	IUB1-287		IUB1-287		IUB1-287		unclear	false	false	false	true	unknown	low	1 corpus citation rows
corpus-citation-target-0259	fam-raw-iub1-288	IUB1-288		IUB1-288		IUB1-288		unclear	false	false	false	true	unknown	low	1 corpus citation rows
corpus-citation-target-0260	fam-raw-iub1-291-292	IUB1-291-292		IUB1-291-292		IUB1-291-292		unclear	false	false	false	true	unknown	low	1 corpus citation rows
corpus-citation-target-0261	fam-raw-iub1-293	IUB1-293		IUB1-293		IUB1-293		unclear	false	false	false	true	unknown	low	1 corpus citation rows
corpus-citation-target-0262	fam-raw-iub1-294	IUB1-294		IUB1-294		IUB1-294		unclear	false	false	false	true	unknown	low	1 corpus citation rows
corpus-citation-target-0263	fam-raw-iub1-296	IUB1-296		IUB1-296		IUB1-296		unclear	false	false	false	true	unknown	low	1 corpus citation rows
corpus-citation-target-0264	fam-raw-iub1-298	IUB1-298		IUB1-298		IUB1-298		unclear	false	false	false	true	unknown	low	1 corpus citation rows
corpus-citation-target-0265	fam-raw-iub1-299	IUB1-299		IUB1-299		IUB1-299		unclear	false	false	false	true	unknown	low	1 corpus citation rows
corpus-citation-target-0266	fam-raw-iub1-300	IUB1-300		IUB1-300		IUB1-300		unclear	false	false	false	true	unknown	low	1 corpus citation rows
corpus-citation-target-0267	fam-raw-iub1-301	IUB1-301		IUB1-301		IUB1-301		unclear	false	false	false	true	unknown	low	1 corpus citation rows
corpus-citation-target-0268	fam-raw-iub1-302-303	IUB1-302-303		IUB1-302-303		IUB1-302-303		unclear	false	false	false	true	unknown	low	1 corpus citation rows
corpus-citation-target-0269	fam-raw-iub1-306-307	IUB1-306-307		IUB1-306-307		IUB1-306-307		unclear	false	false	false	true	unknown	low	1 corpus citation rows
corpus-citation-target-0270	fam-raw-iub1-308	IUB1-308		IUB1-308		IUB1-308		unclear	false	false	false	true	unknown	low	1 corpus citation rows
corpus-citation-target-0271	fam-raw-iub1-309	IUB1-309		IUB1-309		IUB1-309		unclear	false	false	false	true	unknown	low	1 corpus citation rows
corpus-citation-target-0272	fam-raw-iub1-32	IUB1-32		IUB1-32		IUB1-32		unclear	false	false	false	true	unknown	low	1 corpus citation rows
corpus-citation-target-0273	fam-raw-iub1-33	IUB1-33		IUB1-33		IUB1-33		unclear	false	false	false	true	unknown	low	1 corpus citation rows
corpus-citation-target-0274	fam-raw-iub1-34-35	IUB1-34-35		IUB1-34-35		IUB1-34-35		unclear	false	false	false	true	unknown	low	1 corpus citation rows
corpus-citation-target-0275	fam-raw-iub1-36	IUB1-36		IUB1-36,		IUB1-36,		unclear	false	false	false	true	unknown	low	1 corpus citation rows
corpus-citation-target-0276	fam-raw-iub1-37	IUB1-37		IUB1-37,		IUB1-37,		unclear	false	false	false	true	unknown	low	1 corpus citation rows
corpus-citation-target-0277	fam-raw-iub1-38-39	IUB1-38-39		IUB1-38-39		IUB1-38-39		unclear	false	false	false	true	unknown	low	1 corpus citation rows
corpus-citation-target-0278	fam-raw-iub1-40	IUB1-40		IUB1-40		IUB1-40		unclear	false	false	false	true	unknown	low	1 corpus citation rows
corpus-citation-target-0279	fam-raw-iub1-47	IUB1-47		IUB1-47		IUB1-47		unclear	false	false	false	true	unknown	low	1 corpus citation rows
corpus-citation-target-0280	fam-raw-iub1-49	IUB1-49		IUB1-49		IUB1-49		unclear	false	false	false	true	unknown	low	1 corpus citation rows
corpus-citation-target-0281	fam-raw-iub1-52	IUB1-52		IUB1-52,		IUB1-52,		unclear	false	false	false	true	unknown	low	1 corpus citation rows
corpus-citation-target-0282	fam-raw-iub1-67	IUB1-67		IUB1-67,		IUB1-67,		unclear	false	false	false	true	unknown	low	1 corpus citation rows
corpus-citation-target-0283	fam-raw-iub1-68	IUB1-68		IUB1-68		IUB1-68		unclear	false	false	false	true	unknown	low	1 corpus citation rows
corpus-citation-target-0284	fam-raw-iub1-75	IUB1-75		IUB1-75		IUB1-75		unclear	false	false	false	true	unknown	low	1 corpus citation rows
corpus-citation-target-0285	fam-raw-iub1-78	IUB1-78		IUB1-78		IUB1-78		unclear	false	false	false	true	unknown	low	1 corpus citation rows
corpus-citation-target-0286	fam-raw-iub1-80	IUB1-80		IUB1-80,		IUB1-80,		unclear	false	false	false	true	unknown	low	1 corpus citation rows
corpus-citation-target-0287	fam-raw-iub1-81	IUB1-81		IUB1-81		IUB1-81		unclear	false	false	false	true	unknown	low	1 corpus citation rows
corpus-citation-target-0288	fam-raw-iub1-86	IUB1-86		IUB1-86,		IUB1-86,		unclear	false	false	false	true	unknown	low	1 corpus citation rows
corpus-citation-target-0289	fam-raw-iub1-90	IUB1-90		IUB1-90		IUB1-90		unclear	false	false	false	true	unknown	low	1 corpus citation rows
corpus-citation-target-0290	fam-raw-iub1-93	IUB1-93		IUB1-93,		IUB1-93,		unclear	false	false	false	true	unknown	low	1 corpus citation rows
corpus-citation-target-0291	fam-raw-iub1-94	IUB1-94		IUB1-94		IUB1-94		unclear	false	false	false	true	unknown	low	1 corpus citation rows
corpus-citation-target-0292	fam-raw-iub1-98	IUB1-98		IUB1-98		IUB1-98		unclear	false	false	false	true	unknown	low	1 corpus citation rows
corpus-citation-target-0293	fam-raw-iub1-bed-b-600-7	IUB1- BED B 600-7		IUB1- BED B 600-7		IUB1- BED B 600-7		unclear	false	false	false	true	unknown	low	1 corpus citation rows
corpus-citation-target-0294	fam-raw-iub1184-185	IUB1184	IUB1184	185		IUB1184, 185		unclear	false	false	false	true	unknown	low	1 corpus citation rows
corpus-citation-target-0295	fam-raw-iub1bm1-84	IUB1BM1--84		IUB1BM1--84		IUB1BM1--84		unclear	false	false	false	true	unknown	low	1 corpus citation rows
corpus-citation-target-0296	fam-raw-iub2-132	IUB2-132		IUB2-132		IUB2-132		unclear	false	false	false	true	unknown	low	1 corpus citation rows
corpus-citation-target-0297	fam-raw-iub2-133	IUB2-133		IUB2-133		IUB2-133		unclear	false	false	false	true	unknown	low	1 corpus citation rows
corpus-citation-target-0298	fam-raw-iub2-134	IUB2-134		IUB2-134		IUB2-134		unclear	false	false	false	true	unknown	low	1 corpus citation rows
corpus-citation-target-0299	fam-raw-iub2-135	IUB2-135		IUB2-135		IUB2-135		unclear	false	false	false	true	unknown	low	1 corpus citation rows
corpus-citation-target-0300	fam-raw-iub2-136	IUB2-136		IUB2-136		IUB2-136		unclear	false	false	false	true	unknown	low	1 corpus citation rows
corpus-citation-target-0301	fam-raw-iub2-137	IUB2-137		IUB2-137		IUB2-137		unclear	false	false	false	true	unknown	low	1 corpus citation rows
corpus-citation-target-0302	fam-raw-iub2-138	IUB2-138		IUB2-138		IUB2-138		unclear	false	false	false	true	unknown	low	1 corpus citation rows
corpus-citation-target-0303	fam-raw-iub2-186-187	IUB2-186-187		IUB2-186-187		IUB2-186-187		unclear	false	false	false	true	unknown	low	1 corpus citation rows
corpus-citation-target-0304	fam-raw-iub2-197	IUB2-197		IUB2-197		IUB2-197		unclear	false	false	false	true	unknown	low	1 corpus citation rows
corpus-citation-target-0305	fam-raw-iub2-198	IUB2-198		IUB2-198		IUB2-198		unclear	false	false	false	true	unknown	low	1 corpus citation rows
corpus-citation-target-0306	fam-raw-iub2-200	IUB2-200		IUB2-200		IUB2-200		unclear	false	false	false	true	unknown	low	1 corpus citation rows
corpus-citation-target-0307	fam-raw-iub2-202	IUB2-202		IUB2-202		IUB2-202		unclear	false	false	false	true	unknown	low	1 corpus citation rows
corpus-citation-target-0308	fam-raw-iub2-203	IUB2-203		IUB2-203		IUB2-203		unclear	false	false	false	true	unknown	low	1 corpus citation rows
corpus-citation-target-0309	fam-raw-iub2-204	IUB2-204		IUB2-204		IUB2-204		unclear	false	false	false	true	unknown	low	1 corpus citation rows
corpus-citation-target-0310	fam-raw-iub2-205	IUB2-205		IUB2-205		IUB2-205		unclear	false	false	false	true	unknown	low	1 corpus citation rows
corpus-citation-target-0311	fam-raw-iub2-206	IUB2-206		IUB2-206		IUB2-206		unclear	false	false	false	true	unknown	low	1 corpus citation rows
corpus-citation-target-0312	fam-raw-iub2-207	IUB2-207		IUB2-207		IUB2-207		unclear	false	false	false	true	unknown	low	1 corpus citation rows
corpus-citation-target-0313	fam-raw-iub2-209	IUB2-209		IUB2-209		IUB2-209		unclear	false	false	false	true	unknown	low	1 corpus citation rows
corpus-citation-target-0314	fam-raw-iub2-210	IUB2-210		IUB2-210		IUB2-210		unclear	false	false	false	true	unknown	low	1 corpus citation rows
corpus-citation-target-0315	fam-raw-iub2-212	IUB2-212		IUB2-212		IUB2-212		unclear	false	false	false	true	unknown	low	1 corpus citation rows
corpus-citation-target-0316	fam-raw-iub2-225-226	IUB2-225-226		IUB2-225-226		IUB2-225-226		unclear	false	false	false	true	unknown	low	1 corpus citation rows
corpus-citation-target-0317	fam-raw-iub2-229	IUB2-229		IUB2-229		IUB2-229		unclear	false	false	false	true	unknown	low	1 corpus citation rows
corpus-citation-target-0318	fam-raw-iub2-231	IUB2-231		IUB2-231		IUB2-231		unclear	false	false	false	true	unknown	low	1 corpus citation rows
corpus-citation-target-0319	fam-raw-iub2-232	IUB2-232		IUB2-232		IUB2-232		unclear	false	false	false	true	unknown	low	1 corpus citation rows
corpus-citation-target-0320	fam-raw-iub2-233-bed-b-557-4	IUB2-233 BED B 557-4		IUB2-233 BED B 557-4		IUB2-233 BED B 557-4		unclear	false	false	false	true	unknown	low	1 corpus citation rows
corpus-citation-target-0321	fam-raw-iub2-250	IUB2-250		IUB2-250		IUB2-250		unclear	false	false	false	true	unknown	low	1 corpus citation rows
corpus-citation-target-0322	fam-raw-iub2-254	IUB2-254		IUB2-254		IUB2-254		unclear	false	false	false	true	unknown	low	1 corpus citation rows
corpus-citation-target-0323	fam-raw-iub2-259	IUB2-259		IUB2-259		IUB2-259		unclear	false	false	false	true	unknown	low	1 corpus citation rows
corpus-citation-target-0324	fam-raw-iub2-260	IUB2-260		IUB2-260		IUB2-260		unclear	false	false	false	true	unknown	low	1 corpus citation rows
corpus-citation-target-0325	fam-raw-lubeigt-pagan		Lubeigt	Pagan, p. 339		339		article	false	false	false	true	unknown	low	1 corpus citation rows
corpus-citation-target-0326	fam-raw-luce-2829			Luce 2829		Luce 2829		unclear	false	false	false	true	unknown	low	1 corpus citation rows
corpus-citation-target-0327	fam-raw-luce-c-570			Luce C 570		Luce C 570		unclear	false	false	false	true	unknown	low	1 corpus citation rows
corpus-citation-target-0328	fam-raw-luce-files-g-1763			Luce files G 1763		1763		unclear	false	false	false	true	unknown	low	1 corpus citation rows
corpus-citation-target-0329	fam-raw-luce-g-1899			Luce G 1899	1899	1899		unclear	false	false	false	true	unknown	low	1 corpus citation rows
corpus-citation-target-0330	fam-raw-luce-g-1964			Luce G 1964	1964	1964		unclear	false	false	false	true	unknown	low	1 corpus citation rows
corpus-citation-target-0331	fam-raw-luce-obep		Luce	OBEP, p. 109		109		article	false	false	false	true	unknown	low	1 corpus citation rows
corpus-citation-target-0332	fam-raw-luce-obep-1		Luce	OBEP 1, p. 117-25		1, p. 117-25		article	false	false	false	true	unknown	low	1 corpus citation rows
corpus-citation-target-0333	fam-raw-mm-3		copy MM 3	no. 30, p. 131		30, p. 131		article	false	false	false	true	unknown	low	1 corpus citation rows
corpus-citation-target-0334	fam-raw-myaketu-nandhale-hmattan		Myaketu	Nandhale Hmattan, p. 29-30		29-30		article	false	false	false	true	unknown	low	1 corpus citation rows
corpus-citation-target-0335	fam-raw-nce-list-216	NCE L		NCE List 216		NCE List 216		catalogue	false	true	true	false	unknown	medium	1 corpus citation rows
corpus-citation-target-0336	fam-raw-not-in-u-min-hswe			(not in U Min Hswe)		t		unclear	false	false	false	true	unknown	low	3 corpus citation rows
corpus-citation-target-0337	fam-raw-other-copies-are-list-148			other copies are List 148		other copies are List 148		catalogue	false	true	true	false	unknown	medium	1 corpus citation rows
corpus-citation-target-0338	fam-raw-partly-in-list			partly in List		partly in List		catalogue	false	true	true	false	unknown	medium	1 corpus citation rows
corpus-citation-target-0339	fam-raw-partly-list-116			copy (partly): List 116		copy (partly): List 116		catalogue	false	true	true	false	unknown	medium	1 corpus citation rows
corpus-citation-target-0340	fam-raw-picture-archdept-on-file			picture (ArchDept) on file		picture (ArchDept) on file		unclear	false	false	false	true	unknown	low	2 corpus citation rows
corpus-citation-target-0341	fam-raw-ref-pl-i-73	I 73		Ref.: Pl. I 73		I 73		unclear	false	false	false	false	unknown	medium	1 corpus citation rows
corpus-citation-target-0342	fam-raw-rsasb-1912	RSASB 1912	RSASB 1912	p. 34	1912	1912, p. 34		article	false	false	false	true	unknown	low	1 corpus citation rows
corpus-citation-target-0343	fam-raw-rsasb-1915	RSASB 1915	RSASB 1915	p. 57	1915	1915, p. 57		article	false	false	false	true	unknown	low	1 corpus citation rows
corpus-citation-target-0344	fam-raw-rsasb-1926	RSASB 1926	RSASB 1926	p. 26	1926	1926, p. 26		article	false	false	false	true	unknown	low	1 corpus citation rows
corpus-citation-target-0345	fam-raw-rsasb-926-and-app-g	RSASB 926	RSASB 926	p. 26 and App. G, no. 13		926, p. 26		article	false	false	false	true	unknown	low	1 corpus citation rows
corpus-citation-target-0346	fam-raw-similar-but-incomplete-version-pl-ii-144	II 144		similar but incomplete version Pl. II 144		II 144		unclear	false	false	false	false	unknown	medium	1 corpus citation rows
corpus-citation-target-0347	fam-raw-strachan-pagan		Strachan	Pagan, p. 127-8		127-8		article	false	false	false	true	unknown	low	1 corpus citation rows
corpus-citation-target-0348	fam-raw-than-tun-hnaung-dwe		Than Tun	Hnaung-dwe, no. 8, p. 18		8, p. 18		article	false	false	false	true	unknown	low	1 corpus citation rows
corpus-citation-target-0349	fam-raw-u-maung-maung-lat-nos-1-2	U M	U Maung Maung Lat	nos. 1+2		s.		unclear	false	false	false	true	unknown	low	1 corpus citation rows
corpus-citation-target-0350	fam-raw-u-nyein-maung-s-update-to-obi-5-htupayon	U N	U Nyein Maung’s update to OBI 5 (Htupayon)	p. 2		2		article	false	false	false	true	unknown	low	1 corpus citation rows
corpus-citation-target-0351	fam-raw-u-nyein-maung-she-haung-pancama-twe-nauk-hset-twe	U N	U Nyein Maung	She-haung … Pancama-twe Nauk-hset-twe, p. 1		1		article	false	false	false	true	unknown	low	1 corpus citation rows
corpus-citation-target-0352	fam-raw-ub1	UB1	UB1	p. 287		287		article	false	false	false	true	unknown	low	1 corpus citation rows
corpus-citation-target-0353	fam-raw-unknown			. .		. .		unclear	false	false	false	true	unknown	low	1 corpus citation rows
corpus-citation-target-0354	fraschBaganEpigraphicDatabasePartA	A	Tilman Frasch	Bagan Epigraphic Database, Part A		1 | 101 | 103-105 | 106 | 11 | 112 | 113 | 114 | 116 | 128 | 16 | 18 | 19 | 27 | 28 | 34 | 36 | 377 | 39 | 41 | 410 | 42 | 43 | 46 | 50 | 51 | 532 | 54 | 55 | 56 | 58 | 59 | 60 | 61 | 62 | 63 | 66 | 68 | 7 | 70 | 71 | 75 | 79 | 8 | 80 | 81 | 83 | 88 | 89 | 9 | 94 | 97		catalogue	false	true	true	false	unknown	medium	132 corpus citation rows
corpus-citation-target-0355	fraschBaganEpigraphicDatabasePartB	BED B; B	Tilman Frasch	Bagan Epigraphic Database, Part B		/b+ 28 | 1, p. 420 | 1, p. 428 | 2, p. 509 | 2, p. 554 | 2, p. 621 | 2, p. 630 | 2, p. 645-646 | 2, p. 665 | 2, p. 72 | 2, p. 722 | 2, p. 747 | 2, p. 76 | 2, p. 760 | 2, p. 768 | 2, p. 769 | 2, p. 781-783 | 2, p. 788 | 2, p. 792 | 2, p. 796 | 2, p. 813 | 2, p. 815 | 2, p. 818 | 2, p. 819 | 2, p. 821 | 2, p. 822 | 2, p. 823 | 2, p. 827 | 2, p. 830 | 2, p. 838 | 2, p. 842 | 2, p. 846 | 2, p. 847 | 2, p. 887 | 2, p. 927 | BED B 481-1 | BED B 512-1 | BED B 512-4 | BED B 530-3 | BED B 532-1 | BED B 538-1 | BED B 545-1 | BED B 557-5 | BED B 558-2 | BED B 559-2 | BED B 567-1 | BED B 570-3 | BED B 577-1 | BED B 584-1 | BED B 586-4 | BED B 586-8 | BED B 587-2a | BED B 587-2b | BED B 587-7 | BED B 588-4 | BED B 591-6 | BED B 593-3 | BED B 594-5 | BED B 595-11 | BED B 595-7 | BED B 595-8 | BED B 597-11 | BED B 597-12 | BED B 597-3 | BED B 598-6a | BED B 600-7 | BED B 602-1 | BED B 602-4 | BED B 602-5 | BED B 603-2 | BED B 603-4 | BED B 604-6 | BED B 604-9 | BED B 609-2 | BED B 612-1 | BED B 620-3 | BED B 622-12 | BED B 622-4 | BED B 622-6 | BED B 623-1 | BED B 628-7 | BED B 645-2 | BED B 711-1		catalogue	false	true	true	false	unknown	medium	107 corpus citation rows
corpus-citation-target-0356	gHLuceNotebookD	Luce D	G. H. Luce	G. H. Luce Notebook D		Luce D 809		unclear	false	false	false	true	unknown	low	2 corpus citation rows
corpus-citation-target-0357	gHLuceNotebookJ	Luce J	G. H. Luce	G. H. Luce Notebook J		Luce J 2665 | Luce J 2667 | Luce J 2672 | Luce J 2675		unclear	false	false	false	true	unknown	low	5 corpus citation rows
corpus-citation-target-0358	harvey1925historyBurma	History of Burma	G. E. Harvey	History of Burma	1925	331 | 43-44		book	false	false	false	true	mixed_or_uncertain	low	3 corpus citation rows
corpus-citation-target-0359	htway1974oldest	u tin htway first burmese royal inscription	Tin Htway	Oldest Burmese Inscription	1974	U Tin Htway, “First Burmese Royal Inscription”		article	false	true	false	false	unknown	medium	1 corpus citation rows
corpus-citation-target-0360	journalBurmaResearchSociety	JBRS		Journal of the Burma Research Society	1920	1916, p. 88 | 1920, p. 67-74 | 1932, p. 125 | 1936, p. 135 | 1959, p. 74-5 | 1959, p. 77-79 | 1965, p. 67 | 1976, p. 135-7 | 1978, p. 130-3 | 1978, p. 140 | 1978, p. 15 | U Lu Pe Win, OBEP – A Radical Review, in JBRS		article	false	false	false	true	unknown	low	22 corpus citation rows
corpus-citation-target-0361	journalRoyalAsiaticSociety	JRAS		Journal of the Royal Asiatic Society	1909	1909, p. 10		article	false	false	false	true	Old Burmese	low	2 corpus citation rows
corpus-citation-target-0362	luce197615th	luce u tin htway 15th century library	Luce and Tin Htway	15th Century Inscription and Library at Pagan	1976	Luce/U Tin Htway, “15th Century Library”		article	false	true	false	false	unknown	medium	1 corpus citation rows
corpus-citation-target-0363	lucePeMaungTinInscriptionsOfBurma	IOB; Pl.	G. H. Luce and U Pe Maung Tin	Inscriptions of Burma	1933	I 1+2 | I 100a | I 100b | I 101 | I 103-104 | I 105a | I 106-107 | I 108a | I 108b | I 109a | I 109b | I 10a+b | I 11 | I 12 | I 121b | I 126a | I 13 | I 14 | I 19-20 | I 21 | I 22 | I 24 | I 25 | I 27 | I 28a+b | I 29 | I 3 | I 30a | I 30b | I 31 | I 32-33 | I 34-35 | I 36 | I 37-38a | I 38a | I 39-40 | I 4-5 | I 41 | I 42-43 | I 44a | I 44b and IV 331b | I 45 | I 46 | I 47 | I 48-49 | I 50 | I 51 | I 52 | I 53 | I 54 | I 55a | I 55b | I 56a | I 56b | I 57a and Pl. V 563b | I 57b | I 58 | I 59 | I 6 | I 60a+b | I 61 | I 62 | I 63 | I 64 | I 65a+b | I 66 | I 67 | I 68 | I 69 | I 7 | I 70 | I 71-72 | I 74 | I 75a | I 76 | I 77 | I 78a | I 78b | I 79a | I 79b | I 80-81-82a+b | I 83 | I 84 | I 85 | I 86-87 | I 88 | I 8a | I 8b | I 90 | I 91+92 | I 93 | I 94a+b | I 95a | I 95b | I 96-97 | I 98 | I 99 | I 9a | II 110 | II 111 | II 112 | II 113 | II 114a | II 114b | II 115 | II 116 | II 117a | II 117b | II 118a | II 119a | II 119b | II 120a-b | II 121a | II 122a | II 122b | II 123 | II 124a | II 125a | II 125b | II 126b | II 127a | II 127b | II 128a | II 128b+c | II 129 | II 130 | II 131a | II 131b | II 132a | II 132b | II 133 | II 134a | II 136 | II 138 | II 139 | II 140a+b | II 141a | II 141b | II 142 | II 143a+b | II 145 | II 146 | II 147a+b | II 148a | II 148b | II 149 | II 156 | II 157 | II 158-159 | II 160a | II 160b | II 162-163 | II 177a | II 178 | II 182a | II 183a | II 184 | II 185 | II 187 | II 188 | II 190a | II 191a | II 195a | II 195b | II 198 | II 200 + Pl. II 201a | II 201b | II 202 | II 203 | II 204a+b | II 205-206 | II 210a | II 211 (l. 1-28) | II 217 and Pl. II 218a | II 218b | II 219 a+b | II 222a+b | II 225 | II 228b | III 229 | III 230 | III 231a | III 231b | III 232 | III 232b | III 233 | III 235 | III 236b | III 237 | III 238 | III 239 | III 241 | III 242 | III 245a | III 246 | III 256 | III 270 | III 302 | III 303 | III 304-305 | III 308-310 | III 312a+b | III 314a | III 314b+c | III 318a+b | III 319a-c | III 321 | III 322 | III 323a | III 324a | III 325 | III 330 | III 331a | III 333 | III 339a+b | IOB--278 BED B 622-4 | IOB--462/b | IOB-1-51. BED B 572 | IOB-192 BED B 600-7 | IOB-34 BED B 573-2 | IOB-418 BED B 622-6 | IOB-44/b & 33/b BED B 578-4 | IOB-446/a BED B 623-1 | IOB-47 BED B 582-2 | IOB1 78/a | IOB1--8 BED B 597-9 | IOB1-1 BED B 493-1 | IOB1-10/a BED B 552-1 | IOB1-10/b | IOB1-100/a BED B 597-10 | IOB1-100/b BED B 599-2 | IOB1-101 BED B 599-3 | IOB1-102 BED B 602-1 | IOB1-103 BED B 600-8 | IOB1-104 | IOB1-105/a BED B 599-4 | IOB1-106 BED B 509-1 | IOB1-107 | IOB1-108/a BED B 567-6 | IOB1-108/b BED B 585-2 | IOB1-109/a BED B 598-7 | IOB1-109/b BED B 596-2 | IOB1-11 BED B 553-1 | IOB1-118/b BED B 579-1 | IOB1-12 BED B 554-1 | IOB1-14 BED B 558-1 | IOB1-15 | IOB1-16 | IOB1-17 | IOB1-18 | IOB1-19/a, BED B 560-1 | IOB1-2 | IOB1-20/a, | IOB1-21 BED B 560-4 | IOB1-22 BED B 563-2 | IOB1-23 | IOB1-24 BED B 564-1 | IOB1-25 BED A | IOB1-26 BED B 600-7 | IOB1-28/a BED B 568-1 | IOB1-28/b | IOB1-29 BED B 568-2 | IOB1-3 BED B 512-2 | IOB1-3 BED B 550-1 | IOB1-31 BED B 593-1 | IOB1-32 BED B 570-1 | IOB1-32, 33 BED B 570-2 | IOB1-33 | IOB1-35 | IOB1-36 BED B 574-1 | IOB1-37 BED 574-2 | IOB1-38/a | IOB1-38/b BED B 573-4 | IOB1-39 BED B 575-1 | IOB1-4 BED B 527-1 | IOB1-40 | IOB1-41 BED B 578-1 | IOB1-42 BED B 578-2 | IOB1-43 | IOB1-44/a BED B 578-3 | IOB1-45 BED B 581-2 | IOB1-46 BED B 586-6 | IOB1-47 | IOB1-48 BED B 582-1 | IOB1-49 | IOB1-5 | IOB1-50 -b | IOB1-51 BED B 585-3 | IOB1-53 BED B 586-5 | IOB1-54 587 BED B 586-10 | IOB1-55/a BED B 587-5 | IOB1-55/b BED B 599-1 | IOB1-56/a | IOB1-56/b BED B 577-2 | IOB1-56/b BED B 587-6 | IOB1-57/a & IOB5-563/b BED B 588-5 | IOB1-57/b BED B 588-1 | IOB1-58 | IOB1-59 BED B 561-1 & B 509-2 | IOB1-6 BED B 541-1 | IOB1-60/a BED B 591-2 | IOB1-60/b | IOB1-61 BED B 591-3 | IOB1-62 BED B 591-7 | IOB1-63/a-b BED A | IOB1-64 BED B 585-1 | IOB1-65/a BED B 592-4 | IOB1-65/b | IOB1-66 | IOB1-67, BED B 577-3 | IOB1-68 BED B 595-1 | IOB1-69 BED B 593-2 | IOB1-7 BED B 543-1 | IOB1-70 BED B 595-2 | IOB1-71 BED B 595-6 | IOB1-72 | IOB1-73 BED B 585-4 | IOB1-74 BED B 585-5 | IOB1-75/a BED B 587-3 | IOB1-75/b BED B 586-1 | IOB1-76 | IOB1-77 | IOB1-78/b BED B 595-3 | IOB1-79/a | IOB1-79/b BED B 595-4 | IOB1-8/a BED B 544-1 | IOB1-80 BED B 589-2 | IOB1-81 | IOB1-82/a BED B 589-1 | IOB1-82/b | IOB1-84 BED B 571-2 | IOB1-86 BED B 597-5 | IOB1-87 | IOB1-89 | IOB1-9/a BED B 555-1 | IOB1-91 n°48 BED B 598-2 | IOB1-92 | IOB1-93 BED B 598-5 | IOB1-94/a BED B 598-4 | IOB1-94/b | IOB1-95/a BED B 598-8 | IOB1-96 BED B 598-9 | IOB1-97 | IOB1-c/b BED B 546-1 | IOB183 BED B 591-5 | IOB2 114/a BED B 537-1 | IOB2 132/b BED B 601-2 | IOB2 140/a BED B 604-1 | IOB2 141/ BED B 604-7 | IOB2 141/ BED B 604-8 | IOB2 167 BED B 600-7 | IOB2 177/b BED B 602-1 | IOB2 205 BED B 624-4 | IOB2 214/b BED B 622-6 | IOB2-110 BED B 443-1 | IOB2-111 BED B 482-1 | IOB2-112 BED B 482-2 | IOB2-113 BED B 537-6 | IOB2-114/b BED B 548-1 | IOB2-115 BED B 549-1 | IOB2-116 BED B 559-1 | IOB2-117/a | IOB2-117/b BED B 560-5 | IOB2-118/a BED B 570-2 | IOB2-119/a BED B 577-5 | IOB2-119/b BED B 591-8 | IOB2-120/a BED B 579-8 | IOB2-120/b | IOB2-121/a BED B 581-1 | IOB2-121/b BED B 586-2 | IOB2-122/a BED B 587-1 | IOB2-122/b BED B 587-8 | IOB2-123 BED B 587-4 | IOB2-125/a BED B 591-1 | IOB2-125/b BED B 580-1 | IOB2-126/a BED B 592-1 | IOB2-126/b BED B 592-2 | IOB2-127/a BED B 597-2 | IOB2-127/b BED B 597-1 | IOB2-128 BED B 597-6 | IOB2-128 BED B 597-7 | IOB2-128 BED B 597-8 | IOB2-129 BED B 600-9 | IOB2-130 BED B 600-3 | IOB2-131/a BED B 600-4 | IOB2-131/b BED B 600-5 | IOB2-132/a BED B 600-6 | IOB2-133 BED B 601-4 | IOB2-134/a | IOB2-134/b BED B 593-5 | IOB2-135/a BED B 600-7 | IOB2-135/b BED B 600-7 | IOB2-137 BED B 600-7 | IOB2-138 BED B 603-3 | IOB2-139 BED B 603-5 | IOB2-140/b BED B 571-2 | IOB2-143/a BED B 571-2 | IOB2-143/b BED B 571-2 | IOB2-144 BED B 571-2 | IOB2-145 BED B 604-3 | IOB2-146 BED B 604-4 | IOB2-147/ BED B 601-2 | IOB2-147/a BED B 604-5 | IOB2-149 BED B 604-10 | IOB2-150 BED B 601-4 | IOB2-151 BED B 601-4 | IOB2-152 BED B 601-4 | IOB2-153/a BED B 601-4 | IOB2-153/b BED B 601-4 | IOB2-154 & IOB3-340 BED B 601-4 | IOB2-155 BED B 601-4 | IOB2-156 BED B 607-1 | IOB2-157 BED B 607-2 | IOB2-158 BED B 607-6 | IOB2-159 | IOB2-160/a BED B 609-1 | IOB2-161/a BED B 622-4 | IOB2-161/b BED B 593-5 | IOB2-162 BED B 610-2 | IOB2-163 BED B 593-5 | IOB2-164 BED B 593-5 | IOB2-165/a BED B 600-7 | IOB2-165/b BED B 600-7 | IOB2-166/a BED B 600-7 | IOB2-166/b BED B 600-7 | IOB2-168 BED B 600-7 | IOB2-169 BED B 600-7 | IOB2-170 BED B 600-7 | IOB2-171 BED B 600-7 | IOB2-172 BED B 600-7 | IOB2-173 BED B 604-2 | IOB2-174 BED B 600-7 | IOB2-175 BED B 600-7 | IOB2-176/a BED B 600-7 | IOB2-176/b BED B 602-1 | IOB2-177/a BED B 613-2 | IOB2-178 BED B 513-1 | IOB2-180 BED B 622-6 | IOB2-181 BED B 600-7 | IOB2-182/a BED B 615-4 | IOB2-182/b | IOB2-183/a BED B 615-6 | IOB2-183/b BED B 600-7 | IOB2-185 BED B 617-1 | IOB2-186 BED B 600-7 | IOB2-187 BED B 616-4 | IOB2-188 BED B 617-3 | IOB2-189 BED B 600-7 | IOB2-190/a BED B 586-3 | IOB2-190/b BED B 600-7 | IOB2-191/a BED B 620-1 | IOB2-191/b BED B 600-7 | IOB2-193 BED B 600-7 | IOB2-194 BED B 600-7 | IOB2-195/a BED B 622-3 | IOB2-195/b BED B 622-4 | IOB2-196 BED B 622-4 | IOB2-197 BED B 600-7 | IOB2-198 BED B 622-6 | IOB2-199 BED B 600-7 | IOB2-200 BED B 631-6 | IOB2-201/a | IOB2-201/b BED B 623-1 | IOB2-202 BED B 624-1 | IOB2-203 BED B 624-2 | IOB2-204/a BED B 624-3 | IOB2-204/b BED B 624-3 | IOB2-206 BED B 622-4 | IOB2-207 BED B 622-6 | IOB2-208 BED B 622-4 | IOB2-209 BED B 622-4 | IOB2-210/a BED B 600-2 | IOB2-210/b BED B 622-6 | IOB2-211 BED B 622-6 | IOB2-212 BED B 622-8 | IOB2-213/a BED B 622-6 | IOB2-213/b BED B 622-6 | IOB2-214/a & IOB5-579 BED B 622-6 | IOB2-215/a BED B 622-6 | IOB2-215/b BED B 622-6 | IOB2-216 BED B 622-6 | IOB2-217 BED B 623-1 | IOB2-218/a BED B 623-1 | IOB2-218/b BED B 623-1 | IOB2-218/b BED B 628-6b | IOB2-219/a BED B 629-1 | IOB2-219/b BED B 623-1 | IOB2-220 BED B 623-1 | IOB2-221 BED A | IOB2-222/a BED B 630-1 | IOB2-222/b BED A | IOB2-223/a BED A | IOB2-223/b BED A | IOB2160/b BED B 609-5 | IOB3- BED B 622-4 | IOB3-224 BED B 624-1 | IOB3-225 BED B 631-1 | IOB3-226 BED B 624-1 | IOB3-227 BED B 622-4 | IOB3-227 BED B 624-1 | IOB3-228/a BED B 624-1 | IOB3-228/b BED B 632-1 | IOB3-229 BED B 632-2 | IOB3-230 BED B 632-3 | IOB3-231/a BED B 632-4 | IOB3-231/b BED B 633-1 | IOB3-232 BED B 633-2 | IOB3-233 | IOB3-233 BED B 633-3 | IOB3-234 BED B 624-1 | IOB3-235 BED B 634-1 | IOB3-236/a BED B 624-2 | IOB3-236/b BED B 634-3 | IOB3-237 BED B 634-4 | IOB3-238 BED B 634-5 | IOB3-239 BED B 635-1 | IOB3-240 BED B 624-2 | IOB3-241 | IOB3-242 BED B 635-3 | IOB3-243 BED B 624-3 | IOB3-244 BED B 624-4 | IOB3-245/a BED B 636-2 | IOB3-245/b BED B 622-4 | IOB3-246 BED B 623-2 & B 636-3 | IOB3-247 BED B 624-4 | IOB3-248 BED B 622-4 | IOB3-249 BED B 622-4 | IOB3-250 BED B 622-4 | IOB3-251 BED B 622-4 | IOB3-252 BED B 622-4 | IOB3-253/a BED B 622-4 | IOB3-253/b BED B 622-4 | IOB3-254/a BED B 622-4 | IOB3-254/b BED B 622-4 | IOB3-256 BED B 604-14 & B 604-12 | IOB3-257 BED B 622-4 | IOB3-258 BED B 622-4 | IOB3-259 BED B 622-4 | IOB3-260 BED B 622-4 | IOB3-261 BED B 622-4 | IOB3-262 BED B 622-4 | IOB3-263 BED B 622-4 | IOB3-264 BED B 622-4 | IOB3-265 BED B 622-4 | IOB3-266/a BED B 622-4 | IOB3-266/b BED B 622-4 | IOB3-266/c BED B 622-4 | IOB3-267 BED B 622-4 | IOB3-268 BED B 622-4 | IOB3-269 BED B 622-4 | IOB3-270 BED B 614-4 | IOB3-271 BED B 622-4 | IOB3-273 BED B 622-4 | IOB3-274 BED B 622-4 | IOB3-276/a BED B 622-4 | IOB3-276/b BED B 622-4 | IOB3-279 BED B 622-4 | IOB3-280/a BED B 622-4 | IOB3-280/b BED B 622-4 | IOB3-281/a BED B 622-4 | IOB3-281/b BED B 622-4 | IOB3-282 BED B 622-4 | IOB3-283 BED B 622-4 | IOB3-284/a BED B 622-4 | IOB3-284/b BED B 622-4 | IOB3-285 BED B 622-4 | IOB3-286 BED B 622-4 | IOB3-287/b BED B 622-4 | IOB3-288 BED B 622-4 | IOB3-289 BED B 622-4 | IOB3-290/a BED B 622-4 | IOB3-290/b BED B 622-4 | IOB3-291 BED B 622-4 | IOB3-292 BED B 622-4 | IOB3-293 BED B 622-4 | IOB3-294 BED B 622-4 | IOB3-295 BED B 622-6 | IOB3-296 | IOB3-296 & 298/a-b | IOB3-296, 297, 298/a | IOB3-296-297-198/b | IOB3-297 BED B 622-6 | IOB3-297/a-b BED B 600-7 | IOB3-298/a BED B 622-6 | IOB3-298/b BED B 623-1 | IOB3-299 BED B 622-4 | IOB3-302 BED B 610-5 | IOB3-303 BED A | IOB3-304 BED A | IOB3-305/a | IOB3-306/a & IOB5-586/b/c BED B 623-1 | IOB3-306/b BED B 623-1 | IOB3-306/c BED B 623-1 | IOB3-306/d BED B 623-1 | IOB3-308 BED B 603-1 | IOB3-309 | IOB3-310/a | IOB3-310/b | IOB3-311/a BED B 603-2 | IOB3-311/b BED B 603-2 | IOB3-312/a BED A | IOB3-312/a BED B 600-7 | IOB3-312/b BED B 603-2 | IOB3-313/a BED B 603-2 | IOB3-313/b BED B 603-2 | IOB3-314/a BED A | IOB3-314/b BED A | IOB3-314/c BED B 603-2 | IOB3-315/a BED B 603-2 | IOB3-315/b | IOB3-316/a BED B 600-7 | IOB3-316/b | IOB3-317/a & BED B 603-2 | IOB3-318/a BED B 603-2 | IOB3-318/b | IOB3-319/a BED A | IOB3-319/c | IOB3-320 | IOB3-320 BED B 600-7 | IOB3-321 BED A | IOB3-322 BED A | IOB3-323/a-b-c BED A | IOB3-323/a-b-c BED B 594-4 | IOB3-324/a | IOB3-324/b BED B 602-5 | IOB3-325 BED B 551-1 | IOB3-326 BED B 593-5 | IOB3-328/a BED B 601-4 | IOB3-329 | IOB3-330 BED A | IOB3-331/a BED A | IOB3-332/a BED B 603-3 | IOB3-332/b BED B 603-3 | IOB3-333 BED B 608-1 & B 626-3 | IOB3-334/a | IOB3-335/a BED B 603-3 | IOB3-335/b BED B 603-3 | IOB3-336/a BED B 603-3 | IOB3-336/b BED B 603-3 | IOB3-337/a BED B 603-3 | IOB3-337/b BED B 603-3 | IOB3-338 BED B 603-3 | IOB3-339/a-b BED A | IOB3-341 BED B 622-4 | IOB3-342/b - BED B 603-3 | IOB3-343/b/a 4- BED B 603-3 | IOB3-344/a-b BED B 600-7 | IOB3-345/a BED B 600-7 | IOB3-345/b | IOB3-389/b BED B 622-4 | IOB3-460/a | IOB4 446/b BED B 623-1 | IOB4-361/a | IOB4-361/b | IOB4-364/a | IOB4-364/b | IOB4-365/a BED B 533-2 | IOB4-365/b BED B 552-3 | IOB4-365/c BED B 573-3 | IOB4-370 | IOB4-371/a BED B 581-4 | IOB4-373/a BED B 593-4 | IOB4-375 BED B 598-3 | IOB4-376 | IOB4-377/a BED B 584-3 | IOB4-378/a BED B 609-3 | IOB4-378/b BED B 609-4 | IOB4-380 BED B 611-4 | IOB4-381 BED B 622-4 | IOB4-383/a BED B 623-1 | IOB4-383/b BED B 623-1 | IOB4-384 BED B 634-6 | IOB4-385/a BED B 624-4 | IOB4-385/b BED B 624-4 | IOB4-386 BED B 637-5 | IOB4-387/a BED B 623-1 | IOB4-389/a BED B 622-4 | IOB4-389/c BED B 622-4 | IOB4-390 | IOB4-391 | IOB4-392 | IOB4-393 | IOB4-394 BED B 622-6 | IOB4-395 BED B 622-6 | IOB4-396/a BED B 622-6 | IOB4-396/b BED B 622-6 | IOB4-397/a BED B 622-6 | IOB4-397/b BED B 622-6 | IOB4-398 BED B 622-6 | IOB4-399/a BED B 622-6 | IOB4-399/b BED B 622-6 | IOB4-399/c BED B 622-6 | IOB4-399/c BED B 666-1a | IOB4-399/d BED B 651-1 | IOB4-400/a BED B 622-6 | IOB4-400/b BED B 622-6 | IOB4-401 BED B 622-6 | IOB4-402/a | IOB4-402/b BED B 567-7 | IOB4-403/a BED B 622-6 | IOB4-403/b BED B 622-4 | IOB4-404 BED B 623-1 | IOB4-405/a BED B 622-6 | IOB4-405/b} BED B 622-6 | IOB4-405/c} BED B 622-6 | IOB4-405/d BED B 622-6 | IOB4-406/a BED B 622-6 | IOB4-406/b BED B 622-6 | IOB4-407/b BED B 622-6 | IOB4-408 BED B 622-6 | IOB4-409/a BED B 622-6 | IOB4-409/b BED B 622-6 | IOB4-411 BED B 624-6 | IOB4-412/a BED B 622-6 | IOB4-412/b BED B 622-6 | IOB4-413 BED B 622-6 | IOB4-414/a BED B 622-6 | IOB4-414/b BED B 622-6 | IOB4-415 BED B 622-6 | IOB4-416/a BED B 622-6 | IOB4-416/b BED B 622-6 | IOB4-416/c BED B 622-6 | IOB4-417 BED B 622-6 | IOB4-419/a BED B 622-6 | IOB4-419/b BED B 622-6 | IOB4-420/a BED B 623-1 | IOB4-420/b BED B 623-1 | IOB4-421/a BED B 622-4 | IOB4-423 BED B 622-6 | IOB4-424 BED B 622-6 | IOB4-425/a BED B 622-6 | IOB4-425/b BED B 622-6 | IOB4-426 BED B 622-6 | IOB4-427/b BED B 622-6 | IOB4-428 BED B 622-6 | IOB4-429 BED B 622-6 | IOB4-430 BED B 622-6 | IOB4-431/a BED B 622-6 | IOB4-431/b BED B 622-6 | IOB4-432/a BED B 622-6 | IOB4-432/b BED B 622-6 | IOB4-433/a | IOB4-433/b | IOB4-434/b BED B 622-6 | IOB4-435/a BED B 623-1 | IOB4-435/b BED B 623-1 | IOB4-436/a BED B 623-1 | IOB4-436/b BED B 623-1 | IOB4-437/b BED B 623-1 | IOB4-438/a BED B 623-1 | IOB4-438/b BED B 623-1 | IOB4-439/a BED B 623-1 | IOB4-439/b BED B 623-1 | IOB4-440/a BED B 623-1 | IOB4-440/b BED B 623-1 | IOB4-440/c BED B 623-1 | IOB4-441/a BED B 623-1 | IOB4-441/b BED B 623-1 | IOB4-442/a BED B 623-1 | IOB4-442/b BED B 623-1 | IOB4-443 BED B 622-6 | IOB4-444/a BED B 622-6 | IOB4-444/b BED B 623-1 | IOB4-445/a BED B 623-1 | IOB4-445/b BED B 623-1 | IOB4-445/c BED B 623-1 | IOB4-446/c BED B 623-1 | IOB4-447 BED B 623-1 | IOB4-448/a BED B 623-1 | IOB4-448/b BED B 623-1 | IOB4-448/c BED B 623-1 | IOB4-449 BED B 623-1 | IOB4-450/a BED B 623-1 | IOB4-450/b BED B 623-1 | IOB4-451 BED B 623-1 | IOB4-452/a BED B 623-1 | IOB4-452/b BED B 623-1 | IOB4-453/a BED B 623-1 | IOB4-454/a BED B 623-1 | IOB4-454/b BED B 623-1 | IOB4-455/a BED B 623-1 | IOB4-455/b BED B 623-1 | IOB4-456/a | IOB4-456/a BED B 623-1 | IOB4-456/b BED B 623-1 | IOB4-457/a BED B 623-1 | IOB4-457/b | IOB4-458 | IOB4-458 BED B 623-1 | IOB4-459/b | IOB4-460/b | IOB4-461/a | IOB4-461/b | IOB4-462/a | IOB4437/a BED B 623-1 | IOB5- | IOB5-302/c BED B 600-7 | IOB5-463 BED B 703-1 | IOB5-464/a BED B 703-2 | IOB5-464/b | IOB5-465/a BED B 645-2 | IOB5-465/b | IOB5-466/a | IOB5-466/b | IOB5-467/a | IOB5-467/b | IOB5-467/c | IOB5-467/d | IOB5-469/a | IOB5-469/b | IOB5-470/a | IOB5-470/b | IOB5-471 | IOB5-472 | IOB5-473/a | IOB5-473/b | IOB5-474 | IOB5-475 | IOB5-477/a | IOB5-477/b | IOB5-478 | IOB5-479 BED B 578-5 | IOB5-480/a BED B 565-1 | IOB5-480/c | IOB5-481/a BED B 635-6 | IOB5-482/a | IOB5-482/b | IOB5-483/b | IOB5-485/a | IOB5-485/b | IOB5-486/b | IOB5-488/a | IOB5-491 | IOB5-497 | IOB5-499/a | IOB5-499/b | IOB5-499/c | IOB5-499/d | IOB5-501 | IOB5-502 | IOB5-509 BED B 628-9 | IOB5-510 | IOB5-512/b | IOB5-514/a | IOB5-514/b | IOB5-517/a | IOB5-524/a | IOB5-524/b | IOB5-525/a | IOB5-525/b | IOB5-530 | IOB5-541/a | IOB5-541/b | IOB5-541/c | IOB5-541/d | IOB5-542 | IOB5-543/a BED B 675-1 | IOB5-543/b | IOB5-544/a | IOB5-544/b | IOB5-545/a | IOB5-545/b | IOB5-546 | IOB5-547/a | IOB5-547/b | IOB5-563/a BED B 602-4 | IOB5-565/a BED A | IOB5-571/a BED A | IOB5-571/b BED B 537-2 | IOB5-572/a BED B 602-4 | IOB5-573/a BED B 602-4 | IOB5-573/b BED B 602-5 | IOB5-574/a BED B 582-4 | IOB5-574/b | IOB5-575 BED B 602-5 | IOB5-576/a BED B 602-4 | IOB5-576/b 15 BED B 602-4 | IOB5-577 BED B 600-7 | IOB5-577 BED B 602-1 | IOB5-578/a BED B 600-7 | IOB5-578/b BED B 600-7 | IOB5-581/b BED B 559-5 | IOB5-583 BED B 622-6 | IOB5-584 BED B 622-6 | IOB5-587/a BED B 624-1 | IOB5-587/b | IOB5-588 | IOB5-589 | IOB5-590 | IOB5-591/a | IOB5-591/b | IOB5-592/a | IOB5-593/a BED B 539-1 | IOB5-593/b | IOB5-597/ | IOB5-597/c | IOB5-597/d | IOB5-599/d + | IOB5498 9 | IV 364a+b | IV 365a | IV 365b | IV 365c | IV 370 | IV 371a | IV 373a | IV 373b | IV 373c | IV 373d | IV 375 + 376 | IV 377a | IV 377b | IV 378a | IV 378b | IV 380 | IV 382 | IV 384 | IV 386 and Pl. IV 387 | IV 399a | IV 399c | IV 402 | IV 411 | IV 465a (l. 1-14) | IV 479 (l. 1-20) | V 463 | V 464a | V 479 (l. 21-30) | V 480a | V 481a | V 509 | V 543a | V 565a | V 571b | V 573a | V 574a | V 574b | V 593a | V 597a-b		corpus_volume	false	true	true	false	mixed_or_uncertain	medium	1232 corpus citation rows
corpus-citation-target-0364	lwin1989rajakumars	U T	U Tin Lwin	Rajakumar's Inscription in Pali, in Takkasuil ... (repr. Yangon 1989)	1989	1989		unclear	false	true	false	false	Old Burmese	medium	2 corpus citation rows
corpus-citation-target-0365	mandalayPalaceStoneCollection	MP		Mandalay Palace stone collection		1, p. 1 | 1, p. 139 | 1, p. 159 | 1, p. 17 | 1, p. 21 | 1, p. 25 | 1, p. 29 | 1, p. 45 | 1, p. 49 | 1, p. 5 | 1, p. 53 | 1, p. 57 | 1, p. 61-65 | 1, p. 77 | 1, p. 81 | 1, p. 97 | 107 | 13 | 151 | 155 | 163 | 2, p. 159 | 2, p. 61 | 2, p. 65 | 93		article	false	false	false	true	unknown	low	36 corpus citation rows
corpus-citation-target-0366	mmSourceFamily	MM		MM source family		1, p. 1 | 13, p. 117 | 15, p. 136 | 16, p. 140 | 20, p. 90 | 25, p. 107 | 3, p. 90 | 3, p. 93 | 31, p. 133 | 34, p. 306 | 36, p. 144 | 38, p. 155-160 | 39, p. 166 | 4, p. 8 | 40, p. 1186 | 40, p. 170 | 40, p. 186 | 41, p. 172 | 42, p. 175 | 43, p. 168-172 | 43, p. 183 | 44, p. 189 | 47, p. 214 | 58, p. 253 | 64, p. 275 | 9, p. 44 | s.		catalogue	false	true	true	false	unknown	medium	27 corpus citation rows
corpus-citation-target-0367	oldBurmeseInscriptions	OBI	Tilman Frasch	Old Burmese Inscriptions		1, p. 1 | 1, p. 100 | 1, p. 102 | 1, p. 105 | 1, p. 106 | 1, p. 107 | 1, p. 108 | 1, p. 11 | 1, p. 111 | 1, p. 112 | 1, p. 116 | 1, p. 117 | 1, p. 118 | 1, p. 119 | 1, p. 121 | 1, p. 123 | 1, p. 124 | 1, p. 125 | 1, p. 127 | 1, p. 128 | 1, p. 129 | 1, p. 130 | 1, p. 133 | 1, p. 134 | 1, p. 136 | 1, p. 137 | 1, p. 138 | 1, p. 139 | 1, p. 140 | 1, p. 141 | 1, p. 142 | 1, p. 143 | 1, p. 151 | 1, p. 156 | 1, p. 161 | 1, p. 164 | 1, p. 167 | 1, p. 168 | 1, p. 169 | 1, p. 171 | 1, p. 172 | 1, p. 173 | 1, p. 174 | 1, p. 175 | 1, p. 176 | 1, p. 179 | 1, p. 183 | 1, p. 184 | 1, p. 185 | 1, p. 186 | 1, p. 187 | 1, p. 188 | 1, p. 189 | 1, p. 19 | 1, p. 190 | 1, p. 191 | 1, p. 193 | 1, p. 198 | 1, p. 20 | 1, p. 202 | 1, p. 203 | 1, p. 204 | 1, p. 205 | 1, p. 206 | 1, p. 208 | 1, p. 209 | 1, p. 211 | 1, p. 212 | 1, p. 213 | 1, p. 214 | 1, p. 215 | 1, p. 218 | 1, p. 22 | 1, p. 220 | 1, p. 221 | 1, p. 222 | 1, p. 224 | 1, p. 226 | 1, p. 227 | 1, p. 229 | 1, p. 23 | 1, p. 233 | 1, p. 235 | 1, p. 238 | 1, p. 240 | 1, p. 242 | 1, p. 244 | 1, p. 245 | 1, p. 246 | 1, p. 248 | 1, p. 249 | 1, p. 25 | 1, p. 251 | 1, p. 253 | 1, p. 255 | 1, p. 256 | 1, p. 257 | 1, p. 259 | 1, p. 26 | 1, p. 260 | 1, p. 263 | 1, p. 264 | 1, p. 265 | 1, p. 267 | 1, p. 27 | 1, p. 270 | 1, p. 272 | 1, p. 273 | 1, p. 278 | 1, p. 282 | 1, p. 287 | 1, p. 289 | 1, p. 29 | 1, p. 290 | 1, p. 291 | 1, p. 298 | 1, p. 302 | 1, p. 304 | 1, p. 305 | 1, p. 306 | 1, p. 311 | 1, p. 314 | 1, p. 315 | 1, p. 316 | 1, p. 318 | 1, p. 319 | 1, p. 32 | 1, p. 320 | 1, p. 321 | 1, p. 322 | 1, p. 324 | 1, p. 325 | 1, p. 326 | 1, p. 328 | 1, p. 329 | 1, p. 33 | 1, p. 330 | 1, p. 331 | 1, p. 333 | 1, p. 334 | 1, p. 336 | 1, p. 337 | 1, p. 339 | 1, p. 34 | 1, p. 340 | 1, p. 342 | 1, p. 343 | 1, p. 344 | 1, p. 345 | 1, p. 346 | 1, p. 347 | 1, p. 351 | 1, p. 352 | 1, p. 353 | 1, p. 354 | 1, p. 360 | 1, p. 362 | 1, p. 363 | 1, p. 365 | 1, p. 366 | 1, p. 37 | 1, p. 370 | 1, p. 371 | 1, p. 375 | 1, p. 376 | 1, p. 377 | 1, p. 379 | 1, p. 38 | 1, p. 381 | 1, p. 4 | 1, p. 40 | 1, p. 41 | 1, p. 42 | 1, p. 43 | 1, p. 44 | 1, p. 45 | 1, p. 46 | 1, p. 48 | 1, p. 49 | 1, p. 50 | 1, p. 53 | 1, p. 54 | 1, p. 55 | 1, p. 56 | 1, p. 57 | 1, p. 58 | 1, p. 59 | 1, p. 64 | 1, p. 65 | 1, p. 69 | 1, p. 70 | 1, p. 71 | 1, p. 73 | 1, p. 74 | 1, p. 75 | 1, p. 77 | 1, p. 8 | 1, p. 80 | 1, p. 81 | 1, p. 82 | 1, p. 83 | 1, p. 86 | 1, p. 89 | 1, p. 90 | 1, p. 91 | 1, p. 93 | 1, p. 96 | 1, p. 97 | 1, p. 99 | 2, p. 1 | 2, p. 137 | 2, p. 148 | 2, p. 15 | 2, p. 155 | 2, p. 156 | 2, p. 162 | 2, p. 165 | 2, p. 170 | 2, p. 173 | 2, p. 176 | 2, p. 179 | 2, p. 183 | 2, p. 188 | 2, p. 189 | 2, p. 190 | 2, p. 193 | 2, p. 20 | 2, p. 202 | 2, p. 207 | 2, p. 21 | 2, p. 217 | 2, p. 22 | 2, p. 222-3 | 2, p. 227 | 2, p. 230 | 2, p. 232 | 2, p. 233 | 2, p. 234 | 2, p. 235 | 2, p. 238 | 2, p. 239 | 2, p. 24 | 2, p. 247 | 2, p. 27 | 2, p. 29 | 2, p. 3 | 2, p. 30 | 2, p. 33 | 2, p. 4 | 2, p. 41 | 2, p. 44 | 2, p. 47 | 2, p. 51 | 2, p. 52 | 2, p. 53 | 2, p. 54 | 2, p. 56 | 2, p. 58 | 2, p. 6 | 2, p. 72-73 | 2, p. 74 | 2, p. 76 | 2, p. 78-80 | 2, p. 82 | 2, p. 83 | 2, p. 85 | 2, p. 87 | 2, p. 88 | 2, p. 89 | 2, p. 9 | 2, p. 93 | 3, p. 1 | 3, p. 2 | 3, p. 221 | 3, p. 222 | 3, p. 283 | 3, p. 3 | 3, p. 35 | 3, p. 360-361 | 3, p. 37 | 3, p. 4 | 3, p. 43-45 | 3, p. 49 | 3, p. 5 | 3, p. 53 | 3, p. 62 | 3, p. 65 | 3, p. 66 | 3, p. 68 | 3, p. 7 | 3, p. 70 | 3, p. 72 | 3, p. 74 | 3, p. 78 | 3, p. 79 | 3, p. 8 | 3, p. 80 | 3, p. 81 | 3, p. 83 | 3, p. 85 | 3, p. 87 | 3, p. 9-11 | 3, p. 94 | 3, p. 95 | 4, p. 102 | 4, p. 147 | 4, p. 163 | 4, p. 171 | 4, p. 191 | 4, p. 235 | 4, p. 251 | 4, p. 26 | 4, p. 29 | 4, p. 36 | 4, p. 64 | 4, p. 65 | 4, p. 73 | 4, p. 81 | 5, p. 110 | 5, p. 111 | OBI 1	p.x231x	corpus_volume	false	true	true	false	mixed_or_uncertain	medium	701 corpus citation rows
corpus-citation-target-0368	ppaCatalogue	PPA; IPPA	Archaeological Survey of Burma (ed.)	Inscriptions of Pagan, Pinya and Ava		101-102 | 103-104 | 105 | 106 | 107 | 109 | 109, 111 | 112 | 112-113 | 114 | 114, 116 | 117 | 117-118 | 119 | 119-120 | 12 | 121-122 | 123 | 137-138 | 139 | 141 | 141-2 | 143 | 145 | 145-146 BED B 545-3 | 147 | 147-148 | 149 | 15 | 150 | 151 | 153, 154 | 155 | 155-157 | 159 | 162 | 165 | 166 | 167 | 168 | 169 | 17 | 170 | 172 | 172-173 | 174 | 174-175 | 176 | 177 | 179 | 18 | 181 | 181, 182 | 183 | 184 | 184, 185 | 186 | 187 | 188-189 | 190 | 191 | 192 | 193 | 1935, p. 159 | 20 | 201 | 203 | 207 | 209 | 209, 211 | 21 | 212 | 212-213, | 213 | 215 | 216 | 217 | 217, 218 | 219 | 219-220 | 221 | 224 | 224-226 | 227 | 227, 228 | 229, 230 | 231 | 231, 232 | 234 | 235 | 237 | 237, 238 | 239 | 240 | 240-241 | 242 | 243 | 243-245 | 246-248 | 253-254 | 255 | 257 | 260 | 264 | 266 | 269 | 270-271 | 274 | 274-276 | 277 | 278 | 280 | 281 | 283 | 284 | 286 | 286-287 | 293 | 294 | 295 | 297-8-9 | 300-1-2 | 303, 4-5 | 306, 7-8 | 310 | 311-312 | 313 | 313-314 | 320 | 341 | 55 | 57 | 58 | 59 | 59, 60 | 61 | 61, 62 | 63 | 64 | 78-79-80-81-82 | 83-84-85-86 | 87-88 | 89-90 | 9 | 96-97 | 98 | 99 | 99-100 | IPPA		catalogue	false	true	true	false	mixed_or_uncertain	medium	358 corpus citation rows
corpus-citation-target-0369	rayTheravadaBuddhism	Theravada Buddhism	Ray	Theravada Buddhism		p. 106 | p. 108 | p. 164, Frasch, ‘King Nadaungmya's Great Gift’, p. xx | p. 165		book	false	false	false	true	mixed_or_uncertain	low	5 corpus citation rows
corpus-citation-target-0370	rdasbSourceFamily	RDASB		Report of the Director, Archaeological Survey of Burma	1955	1905 | 1915 | 1918 | 1925 | 1926, p. 26 | 1937 | 1938 | 1939 | 1947 | 1953 | 1954 | 1955 | 1956 | 1957 | 1958 | 1959 | 1960 | 1961 | 1961, p. 13 | 1961, p. 145 | 1961, p. 15 | 1962 | 1962, p. 19 | 1963 | 1963, p. 27 | 1963, p. 27-8 | 1963, p. 28 | 1963, p. 29 | 1963, p. 31 | 1964 | 1964, p. 20 | 1964, p. 21 | 1964, p. 22 | 1965 | 1965, p. 34 | 1966 | 1966, p. 31 | 1967 | 1968 | 1969 | 1970 | 1971 | 1972 | 1973 | 1974 | 1977 | 20 | 6, p. 25 | RDASB 196-64 | RDASB 62-63		book	false	false	false	true	unknown	low	228 corpus citation rows
corpus-citation-target-0371	sipSelectionsPagan	SIP	Pe Maung Tin and G. H. Luce	Selections from the Inscriptions of Pagan		11, p. 19 | 12, p. 21 | 14, p. 25 | 15, p. 26 | 16, p. 29 | 17, p. 13 | 17, p. 30 | 19, p. 35 | 20, p. 39 | 22, p. 45 | 24, p. 49 | 25, p. 52 | 26, p. 55 | 27, p. 59 | 28, p. 63 | 29, p. 66 | 3, p. 3 | 30, p. 70 | 31, p. 72 | 34, p. 83 | 37, p. 89 | 39, p. 95 | 4, p. 4 | 40, p. 101 | 42, p. 110 | 8, p. 13 | 9, p. 16		corpus_volume	false	true	true	false	unknown	medium	38 corpus citation rows
corpus-citation-target-0372	tnInscriptionsPaganPinyaAva	TN	U Tun Nyein (tr.)	Inscriptions of Pagan, Pinya and Ava	1897	100 | 100-106 | 101 | 103 | 106 | 107 | 108 | 109 | 111 | 116 | 126 | 136 | 143 | 144 | 26 | 27 | 28 | 29 | 3 | 51 | 52 | 54 | 56 | 57 | 58-60 | 6 | 60 | 61-62 | 65 | 66 | 67 | 68 | 69 | 70 | 71 | 73 | 79 | 80 | 81 | 82 | 83 | 84 | 85 | 86 | 87 | 88 | 89 | 91 | 92 | 93 | 96 | 97 | 98 | 99 | TN | TN, p.		corpus_volume	false	true	true	false	mixed_or_uncertain	medium	233 corpus citation rows
corpus-citation-target-0373	uKyawBaganMinsa	Bagan Minsa	U Kyaw	Bagan Minsa		195		article	false	false	false	true	unknown	low	12 corpus citation rows
corpus-citation-target-0374	uMinHsweSourceFamily	U Min Hswe	U Min Hswe	U Min Hswe		12 | 14 | 17 | 18 | 19 | 20 | 21 | 22-3 | 24 | 28 | 3 | 32 | 34 | 37 | 39 | 4 | 40 | 41 | 43 | 44 | 45 | 46 | 49 | 51 | 57 | 58 | 59 | 6 | 62 | 67 | 7 | 70 | 73 | 76 | 77 | 82 | 85 | s.		catalogue	false	true	true	false	unknown	medium	211 corpus citation rows
corpus-citation-target-0375	uPeMaungTin1966myazediInscription	Myazedi Inscription	U Pe Maung Tin	The Myazedi Inscription	1966	1966, p. 23-33		article	false	true	false	false	Old Burmese	medium	2 corpus citation rows
corpus-citation-target-0376	uThaMyat1958paliVersionMyazedi	Myazedi Inscription	U Tha Myat	The Pali Version of the Myazedi Inscription	1958	1958		book	false	true	false	false	Old Burmese	medium	2 corpus citation rows
corpus-citation-target-0377	ubSourceFamily	UB		Inscriptions Collected in Upper Burma		1, p. 147 | 1, p. 173 | 1, p. 176 | 1, p. 178 | 1, p. 181 | 1, p. 184 | 1, p. 191 | 1, p. 195 | 1, p. 198 | 1, p. 202 | 1, p. 206 | 1, p. 212 | 1, p. 219 | 1, p. 221 | 1, p. 222-4 | 1, p. 257 | 1, p. 288 | 1, p. 291 | 1, p. 293 | 1, p. 296 | 1, p. 297 | 1, p. 300 | 1, p. 32 | 1, p. 382 | 2, p. 133 | 2, p. 134 | 2, p. 135 | 2, p. 137 | 2, p. 200 | 2, p. 203 | 2, p. 205 | 2, p. 225 | 2, p. 229 | 2, p. 233 | 2, p. 259 | 2, p. 51 | UB 2, 135		catalogue	false	true	true	false	unknown	medium	46 corpus citation rows
corpus-citation-target-0378	uemSelectionsPagan	UEM	U E Maung (ed.)	Selections from the Inscriptions of Pagan	1958	1, p. 1 | 11, p. 19 | 12, p. 23 | 14, p. 28 | 15, p. 29 | 16, p. 33 | 18, p. 36 | 19, p. 38 | 2, p. 2 | 20, p. 179 | 21, p. 41 | 21, p. 43 | 22, p. 44 | 23, p. 44 | 24, p. 46 | 25, p. 48 | 26, p. 49 | 28, p. 52 | 29, p. 50 | 29, p. 54 | 3, p. 3 | 30, p. 57 | 31, p. 58 | 31, p. 65 | 31, p. 72 | 31, p. 76 | 31, p. 78 | 31, p. 79 | 31, p. 84 | 31, p. 86 | 31, p. 88 | 32, p. 90 | 33, p. 69 | 33, p. 91 | 35, p. 95 | 36, p. 99 | 37, p. 102 | 37, p. 104 | 37, p. 105 | 37, p. 106 | 40, p. 112 | 41, p. 113 | 42, p. 115 | 43, p. 116 | 44, p. 117 | 45, p. 120 | 46, p. 122 | 46, p. 124 | 47, p. 129 | 47, p. 131 | 48, p. 134 | 49, p. 137 | 49, p. 139 | 5, p. 9 | 53, p. 148 | 54, p. 150 | 56, p. 153 | 6, p. 11 | 61, p. 179 | 63, p. 183 | 7, p. 12 | 8, p. 13 | 9, p. 16		corpus_volume	false	true	true	false	mixed_or_uncertain	medium	84 corpus citation rows
