raw_reference_string	occurrence_count
BED B 645-2; Pl. IV 465a (l. 1-14); OBI 4, p. 26	7
RDASB 1958-59	7
BED B 622-4; Pl. II 195b; OBI 3, p. 1; List 302; PPA, p. 191; TN, p. 91; U Min Hswe, no. 18	5
BED B 623-1; Pl. II 201b; OBI 3, p. 3; List 255; A, p. 79	5
RDASB 1962-63 BED B 622-4; Pl. II 195b; OBI 3, p. 1; List 302; PPA, p. 191; TN, p. 91; U Min Hswe, no. 18	5
RDASB 1963-64	5
RDASB 1959-60	4
BED B 600-7; OBI 2, p. 1; RDASB 1971	3
RDASB 1961-62	3
RDASB 1962-63	3
RDASB 1964-65	3
RDASB 1970-71	3
1962-63-b RDASB BED B 622-6; Pl. II 198; OBI 3, p. 2; List 90; PPA, p. 55; TN, p. 26; U Min Hswe, no. 51	2
1963-64-b RDASB	2
BED B 602-4; OBI 2, p. 20; RDASB 1966; U Min Hswe, no. 7	2
BED B 622-6; Pl. II 198; OBI 3, p. 2; List 90; PPA, p. 55; TN, p. 26; U Min Hswe, no. 51	2
IOB5-542	2
RDASB 1960-61	2
RDASB 1974-75 BED B 602-5; OBI 2, p. 21; RDASB 1963, p. 27, no. 16	2
& 2; IPPA-240-241; List-257; IOB2-146 BED B 604-4; Pl. II 146; OBI 2, p. 44; UEM no. 47, p. 131; List 257; PPA, p. 240; TN, p. 109, U Min Hswe, no. 53	1
---265,; List-310; IOB2-215/b BED B 622-6; Pl. II 198; OBI 3, p. 2; List 90; PPA, p. 55; TN, p. 26; U Min Hswe, no. 51	1
--769; List-221; IOB1-70 BED B 595-2; Pl. I 70; OBI 1, p. 242; UEM no. 30, p. 57; copy List 221; B 2, p. 769; MM 3, no. 40, p. 170; U Min Hswe, no. 85	1
-184 BED B 614-2; Pl. II 184; OBI 2, p. 162; List 288; A, p. 94	1
-1936-37/ 4003, 1938-39/ 4080; IOB4-381 BED B 622-4; Pl. II 195b; OBI 3, p. 1; List 302; PPA, p. 191; TN, p. 91; U Min Hswe, no. 18	1
-2; BA-357; List-821; IOB5-592/a	1
-31 . . . . . . 2 . . . . . . 3 . . . . . . . . .	1
-377; List-890; IOB2-125/a BED B 591-1; Pl. II 125a; OBI 1, p. 204; List 890; A p. 377	1
-6-,; IOB4-462/a	1
. .; IOB3-338 BED B 603-3; Pl. II 138; OBI 2, p. 24; SIP no. 26, p. 55; UEM no. 44, p. 117; List 254; PPA, p. 155; TN, p. 71; RDASB 1926, p. 26 and App. G; U Min Hswe, no. 43; OR 3475, no. 4; U Kyaw, “Bagan Minsa”, p. 195	1
/b+ 28; IOB3-344/a-b BED B 600-7; OBI 2, p. 1; RDASB 1971	1
12; IPPA-121-122; List-261; IOB2-147/a BED B 604-5; Pl. II 147a+b; OBI 2, p. 47; UEM no. 48, p. 134; List 260-261; PPA, p. 119; TN, p. 61-62; U Min Hswe, no. 22-3	1
17; IPPA 306, 7-8; List-701/b; IOB4-393	1
1938-39-bRDASB BED B 592-3; Pl. IV 373c; OBI 1, p. 214; RDASB 1939	1
1938-39-bRDASB BED B 595-5; Pl. IV 373d; OBI 1, p. 248	1
1958-59	1
1958-59-b RDASB BED B 568-3; OBI 1, p. 82	1
1960-61-b RDASB BED B 590-3; OBI 1, p. 203; RDASB 1961, p. 15	1
1962-63 BED B 622-6; Pl. II 198; OBI 3, p. 2; List 90; PPA, p. 55; TN, p. 26; U Min Hswe, no. 51	1
1962-63 RDASB BED B 600-7; OBI 2, p. 1; RDASB 1971	1
1963,; RDASB 1964	1
1970-71	1
3 ,; RDASB 1969-70	1
617; IPPA-255; List-344/a; IOB3-239 BED B 635-1; Pl. III 239; OBI 3, p. 83; SIP no. 31, p. 72; List 344a; PPA p. 255; TN, p. 116	1
BA 107; List 328	1
BA 112; List-331; IOB3-231/a BED B 632-4; Pl. III 231a; OBI 3, p. 68; List 331; A, p. 112; MP, p. 163	1
BA 135; List-396; IOB3-281/a BED B 622-4; Pl. II 195b; OBI 3, p. 1; List 302; PPA, p. 191; TN, p. 91; U Min Hswe, no. 18	1
BA 69; List 244	1
BA-101; List-308; IOB2-202 BED B 624-1; Pl. II 202; OBI 3, p. 5; List 308; A, p. 101; MP, p. 107	1
BA-103; List-307/a; IOB2 205 BED B 624-4; Pl. II 205-206; OBI 3, p. 9-11; List 307a+b; A, p. 103-105; MP 2, p. 159	1
BA-105; List-307/b; IOB2-206 BED B 622-4; Pl. II 195b; OBI 3, p. 1; List 302; PPA, p. 191; TN, p. 91; U Min Hswe, no. 18	1
BA-106,; List-516,; IOB5-464/a BED B 703-2; Pl. V 464a; OBI 4, p. 36; List 516; A, p. 106	1
BA-109, 157; List-443, 437; IOB4-408 BED B 622-6; Pl. II 198; OBI 3, p. 2; List 90; PPA, p. 55; TN, p. 26; U Min Hswe, no. 51	1
BA-10; List-32 BED B 562-4; List 32; OBI 1, p. 370; A, p. 410	1
BA-110; List-327; IOB3-227 BED B 624-1; Pl. II 202; OBI 3, p. 5; List 308; A, p. 101; MP, p. 107	1
BA-111; List-326; IOB2 167 BED B 600-7; OBI 2, p. 1; RDASB 1971	1
BA-113,; List-335,; IOB3-241; BA BED B 635-2; Pl. III 241; OBI 3, p. 85; List 335; A, p. 113; MP 1, p. 159; copy List 28 (dated CS 433/ 1071); B 2, p. 887; MM 1, no. 13, p. 117	1
BA-114; List 340; IOB3-238 BED B 634-5; Pl. III 238; OBI 3, p. 80; List 340; A, p. 114; MP, p. 155	1
BA-115; List-342; IOB3-236/a BED B 624-2; Pl. II 203; OBI 3, p. 7; List 305; UB 1, p. 300	1
BA-116; List-343; IOB3-236/b BED B 634-3; Pl. III 236b; OBI 3, p. 78; List 343; A, p. 116; MP, p. 151	1
BA-117; List-353; IOB4-443 BED B 622-6; Pl. II 198; OBI 3, p. 2; List 90; PPA, p. 55; TN, p. 26; U Min Hswe, no. 51	1
BA-118; List-353/b; IOB4-444/a BED B 622-6; Pl. II 198; OBI 3, p. 2; List 90; PPA, p. 55; TN, p. 26; U Min Hswe, no. 51	1
BA-11; List 46/a BED B 467-1; List 46; OBI 1, p. 326; A, p. 11	1
BA-121; List-362; IOB3-259 BED B 622-4; Pl. II 195b; OBI 3, p. 1; List 302; PPA, p. 191; TN, p. 91; U Min Hswe, no. 18	1
BA-122; List-365; IOB3-263 BED B 622-4; Pl. II 195b; OBI 3, p. 1; List 302; PPA, p. 191; TN, p. 91; U Min Hswe, no. 18	1
BA-124; List-370; IOB3-267 BED B 622-4; Pl. II 195b; OBI 3, p. 1; List 302; PPA, p. 191; TN, p. 91; U Min Hswe, no. 18	1
BA-125; List-373/a; IOB3-269 BED B 622-4; Pl. II 195b; OBI 3, p. 1; List 302; PPA, p. 191; TN, p. 91; U Min Hswe, no. 18	1
BA-128; List-380/b; IOB2-117/a; BA-127; IOB5-581/b BED B 559-5; Pl. II 117a; OBI 1, p. 64; List 380b; A, p. 128	1
BA-130; List-386; IOB3-288 BED B 622-4; Pl. II 195b; OBI 3, p. 1; List 302; PPA, p. 191; TN, p. 91; U Min Hswe, no. 18	1
BA-133; List-391; IOB3-276/b BED B 622-4; Pl. II 195b; OBI 3, p. 1; List 302; PPA, p. 191; TN, p. 91; U Min Hswe, no. 18	1
BA-137-138; List-397; IOB3-285 BED B 622-4; Pl. II 195b; OBI 3, p. 1; List 302; PPA, p. 191; TN, p. 91; U Min Hswe, no. 18	1
BA-139-140; List-400/a/a; IOB3-286 BED B 622-4; Pl. II 195b; OBI 3, p. 1; List 302; PPA, p. 191; TN, p. 91; U Min Hswe, no. 18	1
BA-141; List-504/b; IOB--462/b	1
BA-142; List-412; IOB3-292 BED B 622-4; Pl. II 195b; OBI 3, p. 1; List 302; PPA, p. 191; TN, p. 91; U Min Hswe, no. 18	1
BA-143-144; List-410/a; IOB2-193 BED B 600-7; OBI 2, p. 1; RDASB 1971	1
BA-145; List-410/b; IOB3-280/a BED B 622-4; Pl. II 195b; OBI 3, p. 1; List 302; PPA, p. 191; TN, p. 91; U Min Hswe, no. 18	1
BA-146; List-411; IOB3-287/b BED B 622-4; Pl. II 195b; OBI 3, p. 1; List 302; PPA, p. 191; TN, p. 91; U Min Hswe, no. 18	1
BA-147; List-418; IOB4-394 BED B 622-6; Pl. II 198; OBI 3, p. 2; List 90; PPA, p. 55; TN, p. 26; U Min Hswe, no. 51	1
BA-149; List-422; IOB4-398 BED B 622-6; Pl. II 198; OBI 3, p. 2; List 90; PPA, p. 55; TN, p. 26; U Min Hswe, no. 51	1
BA-150; List-428; IOB4-400/a BED B 622-6; Pl. II 198; OBI 3, p. 2; List 90; PPA, p. 55; TN, p. 26; U Min Hswe, no. 51	1
BA-151-152; List-431; IOB4-401 BED B 622-6; Pl. II 198; OBI 3, p. 2; List 90; PPA, p. 55; TN, p. 26; U Min Hswe, no. 51	1
BA-153; List-435; IOB4-406/b BED B 622-6; Pl. II 198; OBI 3, p. 2; List 90; PPA, p. 55; TN, p. 26; U Min Hswe, no. 51	1
BA-154; List-434; IOB4-406/a BED B 622-6; Pl. II 198; OBI 3, p. 2; List 90; PPA, p. 55; TN, p. 26; U Min Hswe, no. 51	1
BA-156; List-438; IOB4-409/a BED B 622-6; Pl. II 198; OBI 3, p. 2; List 90; PPA, p. 55; TN, p. 26; U Min Hswe, no. 51	1
BA-162; List-569; IOB5-501	1
BA-164; List 536/b; IOB5-483/b	1
BA-165; List-451; IOB4-415 BED B 622-6; Pl. II 198; OBI 3, p. 2; List 90; PPA, p. 55; TN, p. 26; U Min Hswe, no. 51	1
BA-166-167; List-452; IOB-418 BED B 622-6; Pl. II 198; OBI 3, p. 2; List 90; PPA, p. 55; TN, p. 26; U Min Hswe, no. 51	1
BA-168; List-480; IOB4-420/a BED B 623-1; Pl. II 201b; OBI 3, p. 3; List 255; A, p. 79	1
BA-169; List-458; IOB3-389/b BED B 622-4; Pl. II 195b; OBI 3, p. 1; List 302; PPA, p. 191; TN, p. 91; U Min Hswe, no. 18	1
BA-16; List-48 BED B 468-1; OBI 1, p. 328; List 48; A, p. 16; OR 6452 B (1), nos. 22 and 26	1
BA-170; List-457; IOB4-419/a BED B 622-6; Pl. II 198; OBI 3, p. 2; List 90; PPA, p. 55; TN, p. 26; U Min Hswe, no. 51	1
BA-174; List-875; IOB5-575 BED B 602-5; OBI 2, p. 21; RDASB 1963, p. 27, no. 16	1
BA-177; List-464; IOB4-432/a BED B 622-6; Pl. II 198; OBI 3, p. 2; List 90; PPA, p. 55; TN, p. 26; U Min Hswe, no. 51	1
BA-179; List-467; IOB4-434/b BED B 622-6; Pl. II 198; OBI 3, p. 2; List 90; PPA, p. 55; TN, p. 26; U Min Hswe, no. 51	1
BA-183; List-437; IOB4-438/a BED B 623-1; Pl. II 201b; OBI 3, p. 3; List 255; A, p. 79	1
BA-184; List-478; IOB4-442/a BED B 623-1; Pl. II 201b; OBI 3, p. 3; List 255; A, p. 79	1
BA-185; List-482; IOB-446/a BED B 623-1; Pl. II 201b; OBI 3, p. 3; List 255; A, p. 79	1
BA-186; List-483; IOB4-450/b BED B 623-1; Pl. II 201b; OBI 3, p. 3; List 255; A, p. 79	1
BA-187; List-489; IOB4-453/a BED B 623-1; Pl. II 201b; OBI 3, p. 3; List 255; A, p. 79	1
BA-188; List-490; IOB4-455/a BED B 623-1; Pl. II 201b; OBI 3, p. 3; List 255; A, p. 79	1
BA-189; List-494; IOB4-455/b BED B 623-1; Pl. II 201b; OBI 3, p. 3; List 255; A, p. 79	1
BA-18; List-49 BED B 469-1; List 49; OBI 1, p. 329; SIP no. 3, p. 3; A, p. 18; MP, p. 13; cp. A, p. 17 (first part)	1
BA-190; List-493; IOB4-456/a BED B 623-1; Pl. II 201b; OBI 3, p. 3; List 255; A, p. 79	1
BA-191; List-492; IOB4-456/b BED B 623-1; Pl. II 201b; OBI 3, p. 3; List 255; A, p. 79	1
BA-192; List-497; IOB4-457/a BED B 623-1; Pl. II 201b; OBI 3, p. 3; List 255; A, p. 79	1
BA-193; List-499; IOB5-485/a	1
BA-194,; List-498,; IOB4-457/b	1
BA-195,; List-503,; IOB4-461/b	1
BA-197; List-515; IOB5-464/b	1
BA-198-199; List-532/a; IOB5-474	1
BA-19; List-50/a BED B 472-1; List 50 a+b; OBI 1, p. 331; SIP no. 4, p. 4; A, p. 19; TN, p.; MP 1, p. 5; Duroiselle, ARASI 1912, p. 149-51 (Hledaung inscr.)	1
BA-200; List-535/b; IOB5-475	1
BA-202,; List-523,; IOB5-467/d	1
BA-209; List-538; IOB5-482/b	1
BA-215; List-550; IOB5-486/b	1
BA-217; List-530; IOB5-470/a	1
BA-225-226; List-622; IOB5-546	1
BA-228 & 582; List 563 & 1436; IOB5-499/b	1
BA-229; List-56; IOB5-499/a	1
BA-244; List-585; IOB5-514/a	1
BA-254; List-598; IOB5-525/a	1
BA-270; List 634/a; IOB5-541/a	1
BA-271-272; List-634/b; IOB5-541/b	1
BA-273; List-634/c; IOB5-541/c	1
BA-274; List 634/d; IOB5-541/d	1
BA-27; List 72; IOB1-3 BED B 512-2; Pl. I 3; OBI 1, p. 26; List 72; MP 1, p. 25; A, p. 27; Luce/U Pe Maung Tin, BBHC 1 (2), 1960, p. 231-7	1
BA-28; List-73 BED B 513-3; List 73; OBI 1, p. 346; A, p. 28; SIP no. 17, p. 13	1
BA-332; List-772; IOB4 446/b BED B 623-1; Pl. II 201b; OBI 3, p. 3; List 255; A, p. 79	1
BA-34; List 108; IOB1-8/a BED B 544-1; Pl. I 8a; OBI 1, p. 44; List 108; A, p. 34; MP 1, p. 49; Luce/U Pe Maung Tin, BBHC 3, 1963, p. 69	1
BA-36; List-125; IOB1-11 BED B 553-1; Pl. I 11; OBI 1, p. 54; List 125; A, p. 36; MP 1, p. 139; Luce/U Pe Maung Tin, BBHC 3, 1963, p. 88	1
BA-395	1
BA-399,; List-944	1
BA-39; List-146 BED B 559-6 & B 556-5; List 146; OBI 1, p. 360; SIP no. 12, p. 21; A, p. 39; List 135; B 2, p. 630; copy List 402; B 2, p. 819 (first inscr.); MM 4, no. 40, p. 186 (first part); List 134; B 2, p. 818	1
BA-419; BA-554	1
BA-41; List-153; IOB1-29 BED B 568-2; Pl. I 29; OBI 1, p. 81; UEM no. 14, p. 28; List 153; A, p. 41; MP, p. 93	1
BA-428,	1
BA-42; List-152; IOB1-21 BED B 560-4; Pl. I 21; OBI 1, p. 69; List 152; A, p. 42; MP 1, p. 53	1
BA-436, 1-2-3-4-5-,	1
BA-437	1
BA-43; List-151 BED B 560-6; List 151; OBI 1, p. 366; A, p. 43; MP 2, p. 61; B 2, p. 821; MM 3, p. 90 (not in List); copy List 150; A, p. 46; other copies are List 148; B 2, p. 822; MM 3, p. 93 (which has Vattalaṅkapuil as donor) and List 149; another copy is List 401; B 2, p. 823; MM 4, no. 64, p. 275 (dated CS 660/1398)	1
BA-466; List-1332; IOB3-335/b BED B 603-3; Pl. II 138; OBI 2, p. 24; SIP no. 26, p. 55; UEM no. 44, p. 117; List 254; PPA, p. 155; TN, p. 71; RDASB 1926, p. 26 and App. G; U Min Hswe, no. 43; OR 3475, no. 4; U Kyaw, “Bagan Minsa”, p. 195	1
BA-471; List-1334/a; IOB3-336/b BED B 603-3; Pl. II 138; OBI 2, p. 24; SIP no. 26, p. 55; UEM no. 44, p. 117; List 254; PPA, p. 155; TN, p. 71; RDASB 1926, p. 26 and App. G; U Min Hswe, no. 43; OR 3475, no. 4; U Kyaw, “Bagan Minsa”, p. 195	1
BA-472; List-1334/b; IOB3-336/a BED B 603-3; Pl. II 138; OBI 2, p. 24; SIP no. 26, p. 55; UEM no. 44, p. 117; List 254; PPA, p. 155; TN, p. 71; RDASB 1926, p. 26 and App. G; U Min Hswe, no. 43; OR 3475, no. 4; U Kyaw, “Bagan Minsa”, p. 195	1
BA-474; List-1336; IOB3-334/a; IOB5-572/a BED B 602-4; OBI 2, p. 20; RDASB 1966; U Min Hswe, no. 7	1
BA-47; List-155	1
BA-487; List-1347; IOB5-502	1
BA-494; List-1354; IOB3-329	1
BA-496; List-1356; IOB4-405/d BED B 622-6; Pl. II 198; OBI 3, p. 2; List 90; PPA, p. 55; TN, p. 26; U Min Hswe, no. 51	1
BA-49; List-159; IOB4-373/a BED B 593-4; Pl. IV 373a; OBI 1, p. 221	1
BA-508; List-1366 BED B 600-7; OBI 2, p. 1; RDASB 1971	1
BA-50; List-163 BED B 562-2; List 163; OBI 1, p. 224; A, p. 50; List 217; B 2, p. 796 (MM); List 130; B 2, p. 813; List 216; B 2, p. 815	1
BA-510; List-1368; IOB5-578/a BED B 600-7; OBI 2, p. 1; RDASB 1971	1
BA-51; List-168/a; IOB1-28/a BED B 568-1; Pl. I 28a+b; OBI 1, p. 77; List 168a+b; A, p. 51; MP 1, p. 61-65	1
BA-52; List-160/b; IOB1-28/b	1
BA-535; List-1391; IOB3-337/a BED B 603-3; Pl. II 138; OBI 2, p. 24; SIP no. 26, p. 55; UEM no. 44, p. 117; List 254; PPA, p. 155; TN, p. 71; RDASB 1926, p. 26 and App. G; U Min Hswe, no. 43; OR 3475, no. 4; U Kyaw, “Bagan Minsa”, p. 195	1
BA-545; List-1399; IOB5-473/b	1
BA-546; List-1400; IOB3-332/a BED B 603-3; Pl. II 138; OBI 2, p. 24; SIP no. 26, p. 55; UEM no. 44, p. 117; List 254; PPA, p. 155; TN, p. 71; RDASB 1926, p. 26 and App. G; U Min Hswe, no. 43; OR 3475, no. 4; U Kyaw, “Bagan Minsa”, p. 195	1
BA-54; List-363/b; IOB3-256 BED B 604-14 & B 604-12; Pl. III 256; OBI 2, p. 58; List 363b; A, p. 54	1
BA-55 & 56; List-169/a & IOB1-30/a & BED A; Pl. I 30b; OBI 2, p. 189; List 169b; A, p. 56	1
BA-55 & 56; List-169/a & IOB1-30/a & BED B 619-1; Pl. I 30a; OBI 2, p. 188; List 169a; A, p. 55	1
BA-57 & 539; List <xx>; IOB-44/b & 33/b BED B 578-4; Pl. I 44b and IV 331b; OBI 1, p. 117; List 180 and 1403; A, p. 97 and 549	1
BA-574-227; List-1248-555; IOB5-590	1
BA-583; List-1437	1
BA-58; List-192; IOB1-55/a BED B 587-5; Pl. I 55a; OBI 1, p. 183; List 152; A, p. 58	1
BA-595; List-1499; IOB5-599/d +; IOB3-332/b BED B 603-3; Pl. II 138; OBI 2, p. 24; SIP no. 26, p. 55; UEM no. 44, p. 117; List 254; PPA, p. 155; TN, p. 71; RDASB 1926, p. 26 and App. G; U Min Hswe, no. 43; OR 3475, no. 4; U Kyaw, “Bagan Minsa”, p. 195	1
BA-59; List-195; IOB1-46 BED B 586-6; Pl. I 46; OBI 1, p. 169; List 195; A, p. 59	1
BA-60; List 194; IOB1-53 BED B 586-5; Pl. I 53; OBI 1, p. 168; List 194; A, p. 60	1
BA-61; List-198; IOB5-574/b	1
BA-62; List-202	1
BA-63; List-201 BED B 598-10; OBI 1, p. 377; List 202; A, p. 62; MP 1, p. 77; OBI 1, p. 379; List 201; A, p. 63; co pies List 225; B 2, p. 842; MM 3, no. 41, p. 172 (2nd and 3rd inscr.); OR 6452 B (1), no. 32; List 226; B 2, p. 847; MM 3, no. 42, p. 175; MM 3, no. 43, p. 183	1
BA-66,; List-233,; IOB2-128 BED B 597-6; Pl. II 128a; OBI 1, p. 263; List 232; A, p. 66	1
BA-67; List-232; IOB2-128 BED B 597-7; Pl. II 128b+c; OBI 1, p. 264; List 233	1
BA-68; List 238; IOB1-95/a BED B 598-8; Pl. I 95a; OBI 1, p. 298; List 238; A p. 68	1
BA-70; List 243; IOB1-55/b BED B 599-1; Pl. I 55b; OBI 1, p. 302; List 243; A, p. 70	1
BA-71; List-248 BED B 600-1; List 248; OBI 1, p. 381; A, p. 71; MP 1, p. 97	1
BA-72; List-368/a; IOB3-257 BED B 622-4; Pl. II 195b; OBI 3, p. 1; List 302; PPA, p. 191; TN, p. 91; U Min Hswe, no. 18	1
BA-75; List-249; IOB2 132/b BED B 601-2; Pl. II 132b; OBI 2, p. 4; List 249; A, p. 75; copy List 918; B 2, p. 665 (first part)	1
BA-79; List-255; IOB2-201/b BED B 623-1; Pl. II 201b; OBI 3, p. 3; List 255; A, p. 79	1
BA-7; List-346/a BED B 429-1; List 346; OBI 1, p. 322; A, p. 7; copy List 114; A, p. 8; MM 1, no. 34, p. 306 (= B 2, p. 804 ?)	1
BA-80; List-91 BED B 534-2; List 91; OBI 1, p. 343; A, p. 80; TN	1
BA-81; List-264/a; IOB2-149 BED B 604-10; Pl. II 149; OBI 2, p. 56; UEM no. 45, p. 120; List 264a; A, p. 81	1
BA-82; List-264/b; IOB5-482/a	1
BA-83; List 271; IOB3-333 BED B 608-1 & B 626-3; Pl. III 333; OBI 2, p. 83; List 271a+b; A, p. 83	1
BA-85; List-274; IOB2-161/a BED B 622-4; Pl. II 195b; OBI 3, p. 1; List 302; PPA, p. 191; TN, p. 91; U Min Hswe, no. 18	1
BA-86; List-280; IOB2-165/b BED B 600-7; OBI 2, p. 1; RDASB 1971	1
BA-88; List-284; IOB3-230 BED B 632-3; Pl. III 230; OBI 4, p. 171; List 284; A, p. 88	1
BA-90; List-633/a; IOB3-226 BED B 624-1; Pl. II 202; OBI 3, p. 5; List 308; A, p. 101; MP, p. 107	1
BA-93; List-286; IOB2 177/b BED B 602-1; Pl. II 136; OBI 2, p. 15; List 253; UB 1, p. 297	1
BA-97 & 492; List-293 & 1352; IOB2-214/a & IOB5-579 BED B 622-6; Pl. II 198; OBI 3, p. 2; List 90; PPA, p. 55; TN, p. 26; U Min Hswe, no. 51	1
BA-98; List-392/a; IOB2-196 BED B 622-4; Pl. II 195b; OBI 3, p. 1; List 302; PPA, p. 191; TN, p. 91; U Min Hswe, no. 18	1
BA-99; List-392/b; IOB3-279 BED B 622-4; Pl. II 195b; OBI 3, p. 1; List 302; PPA, p. 191; TN, p. 91; U Min Hswe, no. 18	1
BED A; OBI 1, p. 127	1
BED B 481-1; OBI 1, p. 333; MP 1, p. 29	1
BED B 512-1; OBI 1, p. 25	1
BED B 512-4; OBI 1, p. 337	1
BED B 530-3; OBI 1, p. 34	1
BED B 532-1; OBI 1, p. 37	1
BED B 538-1; OBI 1, p. 345	1
BED B 545-1; List 111; OBI 1, p. 330; A, p. 19; MM 2, nos. 42-43, p. 168-172; MP 1, p. 17; Luce C 570	1
BED B 557-5; OBI 1, p. 365; RDASB 1963, no. 6, p. 25	1
BED B 558-2; OBI 1, p. 57	1
BED B 559-2; OBI 1, p. 59	1
BED B 567-1; OBI 1, p. 375	1
BED B 570-3; Pl. V 573a; OBI 2, p. 207; OBI 1, p. 90	1
BED B 577-1; OBI 1, p. 106; Luce G 1899; ARASI 1936-37, p. 116	1
BED B 584-1; OBI 1, p. 138; MP 1, p. 45	1
BED B 586-4; Pl. II 124a; OBI 1, p. 167; RDASB 1947	1
BED B 586-8; Pl. I 52; OBI 1, p. 172	1
BED B 587-2a; Pl. V 597a-b; OBI 1, p. 175; List 1388a+b; A, p. 532; Luce D 809	1
BED B 587-2b; Pl. V 597a-b; OBI 1, p. 175; List 1388a+b; A, p. 532; Luce D 809	1
BED B 587-7; OBI 1, p. 185; RDASB 1962 (?1961); U Hswai, JBRS 48 (2), 1965, p. 67, no. 7	1
BED B 588-4; Pl. V 574b; OBI 1, p. 190; List 198; A, p. 61; MP 1, p. 81; OBI 1, p. 376; RDASB 1965, p. 34, no. 2; U Min Hswe, no. 32	1
BED B 591-6; Pl. I 98; OBI 1, p. 209; UEM no. 37 p. 102; List 479; PPA, p. 320	1
BED B 593-3; Pl. I 67; OBI 1, p. 220; Luce 2829; U Min Hswe, no. 58	1
BED B 594-5; OBI 1, p. 227; List 1437	1
BED B 595-11; Pl. I 95b; OBI 1, p. 244	1
BED B 595-7; Pl. IV 373b; OBI 1, p. 251	1
BED B 595-8; Pl. I 99; OBI 1, p. 253; UEM no. 37, p. 104; List 479; PPA, p. 310; TN, p. 143	1
BED B 597-11; OBI 1, p. 273 (not listed ?!); copy List 486; B 2, p. 747	1
BED B 597-12; Pl. I 90; OBI 1, p. 267; SIP no. 22, p. 45; List 230; UB 1, p. 178; in situ	1
BED B 597-3; Pl. I 85; OBI 1, p. 257; UEM no. 33, p. 91; List 231; PPA, p. 177; TN, p. 84; U Min Hswe, no. 40	1
BED B 598-6a; OBI 1, p. 289; Luce J 2667; RDASB 1954	1
BED B 602-1; Pl. II 136; OBI 2, p. 15; List 253; UB 1, p. 297	1
BED B 602-5; OBI 2, p. 21; RDASB 1963, p. 27, no. 16	1
BED B 603-2; Pl. III 318a+b; OBI 2, p. 22	1
BED B 603-4; Pl. II 148a; OBI 2, p. 27; UEM no. 49, p. 137; List 258 (rev.)	1
BED B 604-6; Pl. II 148b; OBI 2, p. 51; UEM no. 49, p. 139; List 258; PPA, p. 242; TN, p. 111	1
BED B 604-9; Pl. II 142; OBI 2, p. 54	1
BED B 609-2; Pl. IV 377b; OBI 2, p. 87	1
BED B 612-1; Pl. II 177a; OBI 2, p. 155; List 285; A, p. 89	1
BED B 620-3; OBI 2, p. 193	1
BED B 622-12; OBI 4, p. 235; Luce files G 1763	1
BED B 628-7; Pl. IV 382; OBI 4, p. 191; List 748; UB 1, p. 221	1
BED B 711-1; OBI 4, p. 81	1
BM1-184; List-638; IOB5-545/b	1
BM1-250,; List-1043-1044	1
BM1-262+270	1
BM1-270 + 279	1
BM1-351-352; List-448 BED B 622-6; Pl. II 198; OBI 3, p. 2; List 90; PPA, p. 55; TN, p. 26; U Min Hswe, no. 51	1
BM1-380	1
BM1-381	1
BM1-420; BM2-760; List-157, 156 BED B 562-5; List 156-157; OBI 1, p. 371; B 2, p. 76; B 1, p. 420; B 2, p. 760	1
BM1-72; List-30 BED B 447-1; List 30; OBI 1, p. 325; B 2, p. 72; MM 1, no. 15, p. 136; List 31; MM 1, no. 16, p. 140; another copy MM 4, no. 9, p. 44	1
BM1184; List-638	1
BM2-768; List 106; IOB1-7 BED B 543-1; Pl. I 7; OBI 1, p. 43; copy List 106; B 2, p. 768; MM 2, no. 36, p. 144; ARASI 1921-22, p. 35 and pl. 19a; Luce/U Pe Maung Tin, BBHC 3, 1963, p. 65	1
BM2-830, 838; BA 1, 9; List 23, 27 BED B 420-2; List 23; OBI 1, p. 321; B 2, p. 830; A, p.1; MP 1, p. 21; List 27; B 2, p. 838; A, p. 9; MM 2, no. 4, p. 8; copy List 5; B 2, p. 830; MM 2, no. 1, p. 1; another copy MM 4, no. 20, p. 90	1
Htupayon1 p.249,; IUB1 p.140	1
IOB--278 BED B 622-4; Pl. II 195b; OBI 3, p. 1; List 302; PPA, p. 191; TN, p. 91; U Min Hswe, no. 18	1
IOB1-100/a BED B 597-10; Pl. I 100a; OBI 1, p. 272; UEM, no. 37, p. 105; List 479; PPA, p. 310; TN, p. 143	1
IOB1-100/b BED B 599-2; Pl. I 100b; OBI 1, p. 302; UEM no. 37, p. 106; List 479; PPA, p. 310; TN, p. 143	1
IOB1-106 BED B 509-1; Pl. I 106-107; OBI 1, p. 20	1
IOB1-107	1
IOB1-108/a BED B 567-6; Pl. I 108a; OBI 1, p. 86; copy List 427; B 2, p. 792	1
IOB1-108/b BED B 585-2; Pl. I 108b; OBI 1, p. 141	1
IOB1-109/a BED B 598-7; Pl. I 109a; OBI 1, p. 290; List ???	1
IOB1-109/b BED B 596-2; Pl. I 109b; OBI 1, p. 255	1
IOB1-118/b BED B 579-1; Pl. II 118a; OBI 1, p. 118	1
IOB1-32, 33 BED B 570-2; Pl. II 118a; OBI 1, p. 89; U Hswai, JBRS 48 (2), 1965, p. 67, no. 5	1
IOB1-33	1
IOB1-36 BED B 574-1; Pl. I 36; OBI 1, p. 97; SIP no. 17, p. 30; UEM no. 18, p. 36	1
IOB1-38/a	1
IOB1-38/b BED B 573-4; Pl. I 38a; OBI 1, p. 97	1
IOB1-40	1
IOB1-42 BED B 578-2; Pl. I 42-43; OBI 1, p. 112	1
IOB1-43	1
IOB1-44/a BED B 578-3; Pl. I 44a; OBI 1, p. 116; Than Tun, Hnaung-dwe, no. 8, p. 18; U Min Hswe, no. 73	1
IOB1-45 BED B 581-2; Pl. I 45; OBI 1, p. 125	1
IOB1-48 BED B 582-1; Pl. I 48-49; OBI 1, p. 130	1
IOB1-49	1
IOB1-56/a; IOB1-56/b BED B 577-2; Pl. I 56a; OBI 1, p. 107; UEM no. 23, p. 44	1
IOB1-56/b BED B 587-6; Pl. I 56b; OBI 1, p. 184	1
IOB1-57/a & IOB5-563/b BED B 588-5; Pl. I 57a and Pl. V 563b; OBI 1, p. 191	1
IOB1-57/b BED B 588-1; Pl. I 57b; OBI 1, p. 187	1
IOB1-58	1
IOB1-60/a BED B 591-2; Pl. I 60a+b; OBI 1, p. 205; UEM no. 24, p. 46; List 203; UB 1, p. 382; Luce, OBEP 1, p. 117-25; Aung-Thwin, Ceylonese-Burmese Relations, JSS 1976, p. 53-74; Frasch, MHRJ 1998, p. 23-37; U Lu Pe Win, OBEP – A Radical Review, in JBRS	1
IOB1-61 BED B 591-3; Pl. I 61; OBI 1, p. 206	1
IOB1-64 BED B 585-1; Pl. I 64; OBI 1, p. 140; UEM no. 29, p. 50; List 185; PPA, p. 213; TN, p. 98	1
IOB1-66; IOB1-67, BED B 577-3; Pl. I 66; OBI 1, p. 108; U Min Hswe, no. 41	1
IOB1-78/b BED B 595-3; Pl. I 76; OBI 1, p. 229; UEM no. 31, p. 76; List 186; PPA, p. 221 (partly transl. U Pe Maung Tin, JBRS 25, 1935, p. 159); Pl. I 78a; OBI 1, p. 233; UEM no. 31, p. 78; List 189; PPA, p. 231; Pl. I 77; OBI 1, p. 235; UEM no. 31, p. 79; List 197; Pl. I 78b; OBI 1, p. 238; UEM no. 31, p. 84; List 199; TN, p. 100-106	1
IOB1-79/a	1
IOB1-80 BED B 589-2; Pl. I 80-81-82a+b; OBI 1, p. 193; List ?; TN, p. 106	1
IOB1-81	1
IOB1-82/a BED B 589-1; Pl. I 58; OBI 1, p. 198	1
IOB1-82/b	1
IOB1-86 BED B 597-5; Pl. I 86-87; OBI 1, p. 260	1
IOB1-87	1
IOB1-9/a BED B 555-1; Pl. I 9a; OBI 1, p. 56; Luce/U Pe Maung Tin, BBHC 3, 1963, p. 74	1
IOB1-94/b	1
IOB1-c/b BED B 546-1; Pl. I 8b; OBI 1, p. 45; Luce/ U Pe Maung Tin, BBHC 3, 1963, p. 72	1
IOB2 114/a BED B 537-1; Pl. II 114a; OBI 1, p. 41	1
IOB2 140/a BED B 604-1; Pl. II 140a+b; OBI 2, p. 30	1
IOB2 141/ BED B 604-7; Pl. II 141a; OBI 2, p. 52	1
IOB2-110 BED B 443-1; Pl. II 110; OBI 1, p. 324; UEM no. 2, p. 2; ARASI 1930-34, p. 190	1
IOB2-111 BED B 482-1; Pl. II 111; OBI 1, p. 334	1
IOB2-112 BED B 482-2; Pl. II 112; OBI 1, p. 336; ARASI 1930-34, p. 190	1
IOB2-113 BED B 537-6; Pl. II 113; OBI 1, p. 40; MP 1, no. 1, p. 1; Luce, OBEP, p. 109; Frasch, Pagan, p. 102-103	1
IOB2-114/b BED B 548-1; Pl. II 114b; OBI 1, p. 353; U Hswai, JBRS 48 (2), 1965, p. 67, no. 1	1
IOB2-115 BED B 549-1; Pl. II 115; OBI 1, p. 46; Htupayon 2, p. 117; RSASB 1912, p. 34; U Nyein Maung’s update to OBI 5 (Htupayon), p. 2	1
IOB2-116 BED B 559-1; Pl. II 116; OBI 1, p. 58; RSASB 1915, p. 57	1
IOB2-117/b BED B 560-5; Pl. II 117b; OBI 1, p. 70; Luce, Prayers, JBRS 1936, p. 135; U Than Tun, JBRS 1978, p. 15; Ray, Theravada Buddhism, p. 165	1
IOB2-118/a BED B 570-2; Pl. II 118a; OBI 1, p. 89; U Hswai, JBRS 48 (2), 1965, p. 67, no. 5	1
IOB2-119/a BED B 577-5; Pl. II 119a; OBI 1, p. 105	1
IOB2-119/b BED B 591-8; Pl. II 119b; OBI 1, p. 106	1
IOB2-120/a BED B 579-8; Pl. II 120a-b; OBI 1, p. 121; U Hswai, JBRS 48 (2), 1965, p. 67, no. 6	1
IOB2-120/b	1
IOB2-121/a BED B 581-1; Pl. II 121a; OBI 1, p. 125	1
IOB2-121/b BED B 586-2; Pl. I 121b; OBI 1, p. 164; RDASB 1926, p. 26 and App. G, no. 12	1
IOB2-122/a BED B 587-1; Pl. II 122a; OBI 1, p. 174; RDASB 1926, App. G, no. 20 (under date CS 583/1121)	1
IOB2-122/b BED B 587-8; Pl. II 122b; OBI 1, p. 186	1
IOB2-123 BED B 587-4; Pl. II 123; OBI 1, p. 179; partly in List	1
IOB2-126/a BED B 592-1; Pl. I 126a; OBI 1, p. 212	1
IOB2-127/b BED B 597-1; Pl. II 127b; OBI 1, p. 255; RSASB 926, p. 26 and App. G, no. 13	1
IOB2-128 BED B 597-8; OBI 1, p. 265; List 229; UB 1, p. 191; picture (ArchDept) on file	1
IOB2-131/a BED B 600-4; Pl. II 131a; OBI 1, p. 318	1
IOB2-134/a; RDASB 1915 BED B 594-2; List 163; OBI 1, p. 222; A, p. 50; copies List 217; B 2, p. 796; MM 3, no. 39, p. 166; NCE List 216; B 2, p. 815; MP 1, p. 57	1
IOB2-135/a BED B 600-7; OBI 2, p. 1; RDASB 1971	1
IOB2-135/b BED B 600-7; OBI 2, p. 1; RDASB 1971	1
IOB2-137 BED B 600-7; OBI 2, p. 1; RDASB 1971	1
IOB2-140/b BED B 571-2; Pl. I 84; OBI 2, p. 3; UEM no. 42, p. 115; List 173	1
IOB2-143/b BED B 571-2; Pl. I 84; OBI 2, p. 3; UEM no. 42, p. 115; List 173	1
IOB2-153/a BED B 601-4; Pl. II 133; OBI 2, p. 6; List 1255; PPA, p. 286 (this ref. in List is incorrect !)	1
IOB2-153/b BED B 601-4; Pl. II 133; OBI 2, p. 6; List 1255; PPA, p. 286 (this ref. in List is incorrect !)	1
IOB2-154 & IOB3-340 BED B 601-4; Pl. II 133; OBI 2, p. 6; List 1255; PPA, p. 286 (this ref. in List is incorrect !)	1
IOB2-155 BED B 601-4; Pl. II 133; OBI 2, p. 6; List 1255; PPA, p. 286 (this ref. in List is incorrect !)	1
IOB2-158 BED B 607-6; Pl. II 158-159; OBI 2, p. 78-80	1
IOB2-159	1
IOB2-163 BED B 593-5; Pl. II 134a; OBI 1, p. 222; UEM no. 41, p. 113; OBI 2, p. 9	1
IOB2-166/a BED B 600-7; OBI 2, p. 1; RDASB 1971	1
IOB2-166/b BED B 600-7; OBI 2, p. 1; RDASB 1971	1
IOB2-168 BED B 600-7; OBI 2, p. 1; RDASB 1971	1
IOB2-169 BED B 600-7; OBI 2, p. 1; RDASB 1971	1
IOB2-170 BED B 600-7; OBI 2, p. 1; RDASB 1971	1
IOB2-171 BED B 600-7; OBI 2, p. 1; RDASB 1971	1
IOB2-172 BED B 600-7; OBI 2, p. 1; RDASB 1971	1
IOB2-173 BED B 604-2; Pl. II 143a+b; OBI 2, p. 33; SIP no. 27, p. 59; UEM no. 46, p. 122; List 262-263; PPA, p. 117; TN, p. 60; similar but incomplete version Pl. II 144; OBI 2, p. 137; UEM no. 46, p. 124; List 262; PPA, p. 114; TN, p. 58-60; U Min Hswe, nos. 83-4;	1
IOB2-176/a BED B 600-7; OBI 2, p. 1; RDASB 1971	1
IOB2-178 BED B 513-1; Pl. II 178; OBI 1, p. 27	1
IOB2-180 BED B 622-6; Pl. II 198; OBI 3, p. 2; List 90; PPA, p. 55; TN, p. 26; U Min Hswe, no. 51	1
IOB2-183/a BED B 615-6; Pl. II 183a; OBI 2, p. 173; U Min Hswe, no. 82	1
IOB2-183/b BED B 600-7; OBI 2, p. 1; RDASB 1971	1
IOB2-188 BED B 617-3; Pl. II 188; OBI 2, p. 183	1
IOB2-189 BED B 600-7; OBI 2, p. 1; RDASB 1971	1
IOB2-190/a BED B 586-3; Pl. II 190a; OBI 1, p. 164	1
IOB2-190/b BED B 600-7; OBI 2, p. 1; RDASB 1971	1
IOB2-197 BED B 600-7; OBI 2, p. 1; RDASB 1971	1
IOB2-199 BED B 600-7; OBI 2, p. 1; RDASB 1971	1
IOB2-207 BED B 622-6; Pl. II 198; OBI 3, p. 2; List 90; PPA, p. 55; TN, p. 26; U Min Hswe, no. 51	1
IOB2-208 BED B 622-4; Pl. II 195b; OBI 3, p. 1; List 302; PPA, p. 191; TN, p. 91; U Min Hswe, no. 18	1
IOB2-209 BED B 622-4; Pl. II 195b; OBI 3, p. 1; List 302; PPA, p. 191; TN, p. 91; U Min Hswe, no. 18	1
IOB2-210/a BED B 600-2; Pl. II 210a; OBI 1, p. 314	1
IOB2-210/b BED B 622-6; Pl. II 198; OBI 3, p. 2; List 90; PPA, p. 55; TN, p. 26; U Min Hswe, no. 51	1
IOB2-212 BED B 622-8; Pl. II 211 (l. 1-28); OBI 3, p. 222; U Min Hswe, no. 46	1
IOB2-213/a BED B 622-6; Pl. II 198; OBI 3, p. 2; List 90; PPA, p. 55; TN, p. 26; U Min Hswe, no. 51	1
IOB2-213/b BED B 622-6; Pl. II 198; OBI 3, p. 2; List 90; PPA, p. 55; TN, p. 26; U Min Hswe, no. 51	1
IOB2-215/a BED B 622-6; Pl. II 198; OBI 3, p. 2; List 90; PPA, p. 55; TN, p. 26; U Min Hswe, no. 51	1
IOB2-218/a BED B 623-1; Pl. II 201b; OBI 3, p. 3; List 255; A, p. 79	1
IOB2-218/b BED B 623-1; Pl. II 201b; OBI 3, p. 3; List 255; A, p. 79	1
IOB2-218/b BED B 628-6b; Pl. II 218b; OBI3,p.33no22ob and OBI 5, p. 110 (with date CS 878/1516)	1
IOB2-220 BED B 623-1; Pl. II 201b; OBI 3, p. 3; List 255; A, p. 79	1
IOB2-221 BED A; Pl. III 321; OBI 3, p. 4	1
IOB2-222/a BED B 630-1; Pl. II 222a+b; OBI 3, p. 43-45; copy List 316-317; B 2, p. 645-646	1
IOB2-222/b BED A; Pl. III 321; OBI 3, p. 4	1
IOB2-223/a BED A; Pl. III 321; OBI 3, p. 4	1
IOB3- BED B 622-4; Pl. II 195b; OBI 3, p. 1; List 302; PPA, p. 191; TN, p. 91; U Min Hswe, no. 18	1
IOB3-225 BED B 631-1; Pl. II 225; OBI 3, p. 53; Frasch, “Coastal Peripheries”, p. 74	1
IOB3-228/a BED B 624-1; Pl. II 202; OBI 3, p. 5; List 308; A, p. 101; MP, p. 107	1
IOB3-232 BED B 633-2; Pl. III 232; OBI 3, p. 70; SIP no. 39, p. 95; RDASB 1926, p. 26, and app. G, no. 1	1
IOB3-242 BED B 635-3; Pl. III 242; OBI 3, p. 87	1
IOB3-245/a BED B 636-2; Pl. III 245a; OBI 3, p. 94; copy List 347; B 2, p. 927; MM 4, no. 58, p. 253	1
IOB3-251 BED B 622-4; Pl. II 195b; OBI 3, p. 1; List 302; PPA, p. 191; TN, p. 91; U Min Hswe, no. 18	1
IOB3-253/b BED B 622-4; Pl. II 195b; OBI 3, p. 1; List 302; PPA, p. 191; TN, p. 91; U Min Hswe, no. 18	1
IOB3-254/a BED B 622-4; Pl. II 195b; OBI 3, p. 1; List 302; PPA, p. 191; TN, p. 91; U Min Hswe, no. 18	1
IOB3-258 BED B 622-4; Pl. II 195b; OBI 3, p. 1; List 302; PPA, p. 191; TN, p. 91; U Min Hswe, no. 18	1
IOB3-261 BED B 622-4; Pl. II 195b; OBI 3, p. 1; List 302; PPA, p. 191; TN, p. 91; U Min Hswe, no. 18	1
IOB3-262 BED B 622-4; Pl. II 195b; OBI 3, p. 1; List 302; PPA, p. 191; TN, p. 91; U Min Hswe, no. 18	1
IOB3-264 BED B 622-4; Pl. II 195b; OBI 3, p. 1; List 302; PPA, p. 191; TN, p. 91; U Min Hswe, no. 18	1
IOB3-280/b BED B 622-4; Pl. II 195b; OBI 3, p. 1; List 302; PPA, p. 191; TN, p. 91; U Min Hswe, no. 18	1
IOB3-281/b BED B 622-4; Pl. II 195b; OBI 3, p. 1; List 302; PPA, p. 191; TN, p. 91; U Min Hswe, no. 18	1
IOB3-284/a BED B 622-4; Pl. II 195b; OBI 3, p. 1; List 302; PPA, p. 191; TN, p. 91; U Min Hswe, no. 18	1
IOB3-284/b BED B 622-4; Pl. II 195b; OBI 3, p. 1; List 302; PPA, p. 191; TN, p. 91; U Min Hswe, no. 18	1
IOB3-294 BED B 622-4; Pl. II 195b; OBI 3, p. 1; List 302; PPA, p. 191; TN, p. 91; U Min Hswe, no. 18	1
IOB3-295 BED B 622-6; Pl. II 198; OBI 3, p. 2; List 90; PPA, p. 55; TN, p. 26; U Min Hswe, no. 51	1
IOB3-296 & 298/a-b; IOB3-297 BED B 622-6; Pl. II 198; OBI 3, p. 2; List 90; PPA, p. 55; TN, p. 26; U Min Hswe, no. 51	1
IOB3-296, 297, 298/a; IOB3-298/b BED B 623-1; Pl. II 201b; OBI 3, p. 3; List 255; A, p. 79	1
IOB3-296-297-198/b; IOB3-298/a BED B 622-6; Pl. II 198; OBI 3, p. 2; List 90; PPA, p. 55; TN, p. 26; U Min Hswe, no. 51	1
IOB3-296; IOB3-297/a-b BED B 600-7; OBI 2, p. 1; RDASB 1971	1
IOB3-304 BED A; Pl. III 304-305; OBI 2, p. 72-73; copy (partly): List 116; List 116; B 2, p. 621	1
IOB3-305/a	1
IOB3-306/a & IOB5-586/b/c BED B 623-1; Pl. II 201b; OBI 3, p. 3; List 255; A, p. 79	1
IOB3-306/b BED B 623-1; Pl. II 201b; OBI 3, p. 3; List 255; A, p. 79	1
IOB3-306/c BED B 623-1; Pl. II 201b; OBI 3, p. 3; List 255; A, p. 79	1
IOB3-306/d BED B 623-1; Pl. II 201b; OBI 3, p. 3; List 255; A, p. 79	1
IOB3-308 BED B 603-1; Pl. III 308-310; OBI 1, p. 143	1
IOB3-309	1
IOB3-310/a	1
IOB3-310/b	1
IOB3-311/a BED B 603-2; Pl. III 318a+b; OBI 2, p. 22	1
IOB3-311/b BED B 603-2; Pl. III 318a+b; OBI 2, p. 22	1
IOB3-312/a BED A; Pl. III 312a+b; OBI 2, p. 222-3	1
IOB3-312/b BED B 603-2; Pl. III 318a+b; OBI 2, p. 22	1
IOB3-313/a BED B 603-2; Pl. III 318a+b; OBI 2, p. 22	1
IOB3-313/b BED B 603-2; Pl. III 318a+b; OBI 2, p. 22	1
IOB3-314/a BED A; Pl. III 314a; OBI 2, p. 227	1
IOB3-314/b BED A; Pl. III 314b+c; OBI 2, p. 227	1
IOB3-314/c BED B 603-2; Pl. III 318a+b; OBI 2, p. 22	1
IOB3-315/b; IOB3-315/a BED B 603-2; Pl. III 318a+b; OBI 2, p. 22	1
IOB3-316/a BED B 600-7; OBI 2, p. 1; RDASB 1971	1
IOB3-316/b; IOB4-456/a; IOB3-312/a BED B 600-7; OBI 2, p. 1; RDASB 1971	1
IOB3-317/a & BED B 603-2; Pl. III 318a+b; OBI 2, p. 22	1
IOB3-318/a BED B 603-2; Pl. III 318a+b; OBI 2, p. 22	1
IOB3-318/b	1
IOB3-319/a BED A; Pl. III 319a-c; OBI 2, p. 230	1
IOB3-319/c; IOB3-319/c	1
IOB3-320	1
IOB3-320 BED B 600-7; OBI 2, p. 1; RDASB 1971	1
IOB3-321 BED A; Pl. III 321; OBI 3, p. 4	1
IOB3-322 BED A; Pl. III 322; OBI 2, p. 232	1
IOB3-323/a-b-c BED A; Pl. III 323a; OBI 2, p. 233	1
IOB3-323/a-b-c BED B 594-4; Pl. III 232b; OBI 2, p. 234	1
IOB3-324/a; RDASB 1960-61 BED B 564-2; Pl. III 324a; OBI 1, p. 74; RDASB 1961, p. 13	1
IOB3-324/b BED B 602-5; OBI 2, p. 21; RDASB 1963, p. 27, no. 16	1
IOB3-325 BED B 551-1; Pl. III 325; OBI 1, p. 49	1
IOB3-326 BED B 593-5; Pl. II 134a; OBI 1, p. 222; UEM no. 41, p. 113; OBI 2, p. 9	1
IOB3-328/a BED B 601-4; Pl. II 133; OBI 2, p. 6; List 1255; PPA, p. 286 (this ref. in List is incorrect !)	1
IOB3-330 BED A; Pl. III 330; OBI 2, p. 238	1
IOB3-331/a BED A; Pl. III 331a; OBI 2, p. 239	1
IOB3-335/a BED B 603-3; Pl. II 138; OBI 2, p. 24; SIP no. 26, p. 55; UEM no. 44, p. 117; List 254; PPA, p. 155; TN, p. 71; RDASB 1926, p. 26 and App. G; U Min Hswe, no. 43; OR 3475, no. 4; U Kyaw, “Bagan Minsa”, p. 195	1
IOB3-337/b BED B 603-3; Pl. II 138; OBI 2, p. 24; SIP no. 26, p. 55; UEM no. 44, p. 117; List 254; PPA, p. 155; TN, p. 71; RDASB 1926, p. 26 and App. G; U Min Hswe, no. 43; OR 3475, no. 4; U Kyaw, “Bagan Minsa”, p. 195	1
IOB3-339/a-b BED A; Pl. III 339a+b; OBI 2, p. 247 (b only)	1
IOB3-341 BED B 622-4; Pl. II 195b; OBI 3, p. 1; List 302; PPA, p. 191; TN, p. 91; U Min Hswe, no. 18	1
IOB3-342/b - BED B 603-3; Pl. II 138; OBI 2, p. 24; SIP no. 26, p. 55; UEM no. 44, p. 117; List 254; PPA, p. 155; TN, p. 71; RDASB 1926, p. 26 and App. G; U Min Hswe, no. 43; OR 3475, no. 4; U Kyaw, “Bagan Minsa”, p. 195	1
IOB3-343/b/a 4- BED B 603-3; Pl. II 138; OBI 2, p. 24; SIP no. 26, p. 55; UEM no. 44, p. 117; List 254; PPA, p. 155; TN, p. 71; RDASB 1926, p. 26 and App. G; U Min Hswe, no. 43; OR 3475, no. 4; U Kyaw, “Bagan Minsa”, p. 195	1
IOB3-345/a BED B 600-7; OBI 2, p. 1; RDASB 1971	1
IOB3-345/b	1
IOB3-460/a	1
IOB4-365/a BED B 533-2; Pl. IV 365a; OBI 1, p. 342; Htupayon 2, p. 183; ARASI 1936-37, p. 114; U Nyein Maung, She-haung … Pancama-twe Nauk-hset-twe, p. 1	1
IOB4-365/c BED B 573-3; Pl. IV 365c; OBI 1, p. 96	1
IOB4-370; RDASB 1937-38 BED B 574-3; Pl. IV 370; OBI 1, p. 100	1
IOB4-371/a BED B 581-4; Pl. IV 371a; OBI 1, p. 128; List 1353 (acc. to IB)	1
IOB4-375 BED B 598-3; Pl. IV 375 + 376; OBI 1, p. 282	1
IOB4-376	1
IOB4-377/a BED B 584-3; Pl. IV 377a; OBI 1, p. 139	1
IOB4-378/a BED B 609-3; Pl. IV 378a; OBI 2, p. 87; ARASI 1936-37, p. 115	1
IOB4-378/b BED B 609-4; Pl. IV 378b; OBI 2, p. 88; ARASI 1936-7, p. 114, U Min Hswe, no. 11	1
IOB4-380 BED B 611-4; Pl. IV 380; OBI 2, p. 148; List 722; B 2, p. 722	1
IOB4-383/a BED B 623-1; Pl. II 201b; OBI 3, p. 3; List 255; A, p. 79	1
IOB4-383/b BED B 623-1; Pl. II 201b; OBI 3, p. 3; List 255; A, p. 79	1
IOB4-384 BED B 634-6; Pl. IV 384; OBI 3, p. 81	1
IOB4-385/a BED B 624-4; Pl. II 205-206; OBI 3, p. 9-11; List 307a+b; A, p. 103-105; MP 2, p. 159	1
IOB4-385/b BED B 624-4; Pl. II 205-206; OBI 3, p. 9-11; List 307a+b; A, p. 103-105; MP 2, p. 159	1
IOB4-386 BED B 637-5; Pl. IV 386 and Pl. IV 387; OBI 3, p. 360-361	1
IOB4-387/a BED B 623-1; Pl. II 201b; OBI 3, p. 3; List 255; A, p. 79	1
IOB4-389/a BED B 622-4; Pl. II 195b; OBI 3, p. 1; List 302; PPA, p. 191; TN, p. 91; U Min Hswe, no. 18	1
IOB4-389/c BED B 622-4; Pl. II 195b; OBI 3, p. 1; List 302; PPA, p. 191; TN, p. 91; U Min Hswe, no. 18	1
IOB4-396/a BED B 622-6; Pl. II 198; OBI 3, p. 2; List 90; PPA, p. 55; TN, p. 26; U Min Hswe, no. 51	1
IOB4-396/b BED B 622-6; Pl. II 198; OBI 3, p. 2; List 90; PPA, p. 55; TN, p. 26; U Min Hswe, no. 51	1
IOB4-397/a BED B 622-6; Pl. II 198; OBI 3, p. 2; List 90; PPA, p. 55; TN, p. 26; U Min Hswe, no. 51	1
IOB4-397/b BED B 622-6; Pl. II 198; OBI 3, p. 2; List 90; PPA, p. 55; TN, p. 26; U Min Hswe, no. 51	1
IOB4-399/a BED B 622-6; Pl. II 198; OBI 3, p. 2; List 90; PPA, p. 55; TN, p. 26; U Min Hswe, no. 51	1
IOB4-399/b BED B 622-6; Pl. II 198; OBI 3, p. 2; List 90; PPA, p. 55; TN, p. 26; U Min Hswe, no. 51	1
IOB4-399/c BED B 622-6; Pl. II 198; OBI 3, p. 2; List 90; PPA, p. 55; TN, p. 26; U Min Hswe, no. 51	1
IOB4-399/c BED B 666-1a; Pl. IV 399c; OBI 2, p. 74 and OBI3,p.220	1
IOB4-399/d BED B 651-1; Pl. IV 399a; OBI 3, p. 221	1
IOB4-400/b BED B 622-6; Pl. II 198; OBI 3, p. 2; List 90; PPA, p. 55; TN, p. 26; U Min Hswe, no. 51	1
IOB4-403/a BED B 622-6; Pl. II 198; OBI 3, p. 2; List 90; PPA, p. 55; TN, p. 26; U Min Hswe, no. 51	1
IOB4-403/b BED B 622-4; Pl. II 195b; OBI 3, p. 1; List 302; PPA, p. 191; TN, p. 91; U Min Hswe, no. 18	1
IOB4-404 BED B 623-1; Pl. II 201b; OBI 3, p. 3; List 255; A, p. 79	1
IOB4-405/a BED B 622-6; Pl. II 198; OBI 3, p. 2; List 90; PPA, p. 55; TN, p. 26; U Min Hswe, no. 51	1
IOB4-405/b} BED B 622-6; Pl. II 198; OBI 3, p. 2; List 90; PPA, p. 55; TN, p. 26; U Min Hswe, no. 51	1
IOB4-405/c} BED B 622-6; Pl. II 198; OBI 3, p. 2; List 90; PPA, p. 55; TN, p. 26; U Min Hswe, no. 51	1
IOB4-407/b BED B 622-6; Pl. II 198; OBI 3, p. 2; List 90; PPA, p. 55; TN, p. 26; U Min Hswe, no. 51	1
IOB4-409/b BED B 622-6; Pl. II 198; OBI 3, p. 2; List 90; PPA, p. 55; TN, p. 26; U Min Hswe, no. 51	1
IOB4-411 BED B 624-6; Pl. IV 411; OBI 3, p. 283	1
IOB4-412/a BED B 622-6; Pl. II 198; OBI 3, p. 2; List 90; PPA, p. 55; TN, p. 26; U Min Hswe, no. 51	1
IOB4-412/b BED B 622-6; Pl. II 198; OBI 3, p. 2; List 90; PPA, p. 55; TN, p. 26; U Min Hswe, no. 51	1
IOB4-413 BED B 622-6; Pl. II 198; OBI 3, p. 2; List 90; PPA, p. 55; TN, p. 26; U Min Hswe, no. 51	1
IOB4-414/a BED B 622-6; Pl. II 198; OBI 3, p. 2; List 90; PPA, p. 55; TN, p. 26; U Min Hswe, no. 51	1
IOB4-414/b BED B 622-6; Pl. II 198; OBI 3, p. 2; List 90; PPA, p. 55; TN, p. 26; U Min Hswe, no. 51	1
IOB4-416/a BED B 622-6; Pl. II 198; OBI 3, p. 2; List 90; PPA, p. 55; TN, p. 26; U Min Hswe, no. 51	1
IOB4-416/b BED B 622-6; Pl. II 198; OBI 3, p. 2; List 90; PPA, p. 55; TN, p. 26; U Min Hswe, no. 51	1
IOB4-416/c BED B 622-6; Pl. II 198; OBI 3, p. 2; List 90; PPA, p. 55; TN, p. 26; U Min Hswe, no. 51	1
IOB4-419/b BED B 622-6; Pl. II 198; OBI 3, p. 2; List 90; PPA, p. 55; TN, p. 26; U Min Hswe, no. 51	1
IOB4-420/b BED B 623-1; Pl. II 201b; OBI 3, p. 3; List 255; A, p. 79	1
IOB4-423 BED B 622-6; Pl. II 198; OBI 3, p. 2; List 90; PPA, p. 55; TN, p. 26; U Min Hswe, no. 51	1
IOB4-424 BED B 622-6; Pl. II 198; OBI 3, p. 2; List 90; PPA, p. 55; TN, p. 26; U Min Hswe, no. 51	1
IOB4-425/a BED B 622-6; Pl. II 198; OBI 3, p. 2; List 90; PPA, p. 55; TN, p. 26; U Min Hswe, no. 51	1
IOB4-425/b BED B 622-6; Pl. II 198; OBI 3, p. 2; List 90; PPA, p. 55; TN, p. 26; U Min Hswe, no. 51	1
IOB4-426 BED B 622-6; Pl. II 198; OBI 3, p. 2; List 90; PPA, p. 55; TN, p. 26; U Min Hswe, no. 51	1
IOB4-427/b BED B 622-6; Pl. II 198; OBI 3, p. 2; List 90; PPA, p. 55; TN, p. 26; U Min Hswe, no. 51	1
IOB4-428 BED B 622-6; Pl. II 198; OBI 3, p. 2; List 90; PPA, p. 55; TN, p. 26; U Min Hswe, no. 51	1
IOB4-429 BED B 622-6; Pl. II 198; OBI 3, p. 2; List 90; PPA, p. 55; TN, p. 26; U Min Hswe, no. 51	1
IOB4-430 BED B 622-6; Pl. II 198; OBI 3, p. 2; List 90; PPA, p. 55; TN, p. 26; U Min Hswe, no. 51	1
IOB4-431/a BED B 622-6; Pl. II 198; OBI 3, p. 2; List 90; PPA, p. 55; TN, p. 26; U Min Hswe, no. 51	1
IOB4-431/b BED B 622-6; Pl. II 198; OBI 3, p. 2; List 90; PPA, p. 55; TN, p. 26; U Min Hswe, no. 51	1
IOB4-432/b BED B 622-6; Pl. II 198; OBI 3, p. 2; List 90; PPA, p. 55; TN, p. 26; U Min Hswe, no. 51	1
IOB4-433/a	1
IOB4-433/b	1
IOB4-435/a BED B 623-1; Pl. II 201b; OBI 3, p. 3; List 255; A, p. 79	1
IOB4-435/b BED B 623-1; Pl. II 201b; OBI 3, p. 3; List 255; A, p. 79	1
IOB4-436/a BED B 623-1; Pl. II 201b; OBI 3, p. 3; List 255; A, p. 79	1
IOB4-437/b BED B 623-1; Pl. II 201b; OBI 3, p. 3; List 255; A, p. 79	1
IOB4-438/b BED B 623-1; Pl. II 201b; OBI 3, p. 3; List 255; A, p. 79	1
IOB4-439/a BED B 623-1; Pl. II 201b; OBI 3, p. 3; List 255; A, p. 79	1
IOB4-439/b BED B 623-1; Pl. II 201b; OBI 3, p. 3; List 255; A, p. 79	1
IOB4-440/a BED B 623-1; Pl. II 201b; OBI 3, p. 3; List 255; A, p. 79	1
IOB4-440/b BED B 623-1; Pl. II 201b; OBI 3, p. 3; List 255; A, p. 79	1
IOB4-440/c BED B 623-1; Pl. II 201b; OBI 3, p. 3; List 255; A, p. 79	1
IOB4-441/a BED B 623-1; Pl. II 201b; OBI 3, p. 3; List 255; A, p. 79	1
IOB4-441/b BED B 623-1; Pl. II 201b; OBI 3, p. 3; List 255; A, p. 79	1
IOB4-442/b BED B 623-1; Pl. II 201b; OBI 3, p. 3; List 255; A, p. 79	1
IOB4-444/b BED B 623-1; Pl. II 201b; OBI 3, p. 3; List 255; A, p. 79	1
IOB4-445/a BED B 623-1; Pl. II 201b; OBI 3, p. 3; List 255; A, p. 79	1
IOB4-445/b BED B 623-1; Pl. II 201b; OBI 3, p. 3; List 255; A, p. 79	1
IOB4-445/c BED B 623-1; Pl. II 201b; OBI 3, p. 3; List 255; A, p. 79	1
IOB4-446/c BED B 623-1; Pl. II 201b; OBI 3, p. 3; List 255; A, p. 79	1
IOB4-447 BED B 623-1; Pl. II 201b; OBI 3, p. 3; List 255; A, p. 79	1
IOB4-448/a BED B 623-1; Pl. II 201b; OBI 3, p. 3; List 255; A, p. 79	1
IOB4-448/b BED B 623-1; Pl. II 201b; OBI 3, p. 3; List 255; A, p. 79	1
IOB4-448/c BED B 623-1; Pl. II 201b; OBI 3, p. 3; List 255; A, p. 79	1
IOB4-449 BED B 623-1; Pl. II 201b; OBI 3, p. 3; List 255; A, p. 79	1
IOB4-450/a BED B 623-1; Pl. II 201b; OBI 3, p. 3; List 255; A, p. 79	1
IOB4-452/a BED B 623-1; Pl. II 201b; OBI 3, p. 3; List 255; A, p. 79	1
IOB4-454/a BED B 623-1; Pl. II 201b; OBI 3, p. 3; List 255; A, p. 79	1
IOB4-454/b BED B 623-1; Pl. II 201b; OBI 3, p. 3; List 255; A, p. 79	1
IOB4-458	1
IOB4-458 BED B 623-1; Pl. II 201b; OBI 3, p. 3; List 255; A, p. 79	1
IOB4-459/b	1
IOB4-460/b	1
IOB4-461/a	1
IOB4437/a BED B 623-1; Pl. II 201b; OBI 3, p. 3; List 255; A, p. 79	1
IOB5-302/c BED B 600-7; OBI 2, p. 1; RDASB 1971	1
IOB5-463 BED B 703-1; Pl. V 463; OBI 4, p. 29; List 512; B 1, p. 428	1
IOB5-465/a BED B 645-2; Pl. IV 465a (l. 1-14); OBI 4, p. 26	1
IOB5-465/b	1
IOB5-467/a	1
IOB5-467/b	1
IOB5-467/c	1
IOB5-471	1
IOB5-472	1
IOB5-473/a	1
IOB5-477/a	1
IOB5-477/b	1
IOB5-478	1
IOB5-480/c	1
IOB5-481/a BED B 635-6; Pl. V 481a; OBI 4, p. 73	1
IOB5-485/b	1
IOB5-488/a	1
IOB5-491	1
IOB5-499/c	1
IOB5-499/d	1
IOB5-514/b	1
IOB5-517/a	1
IOB5-524/a	1
IOB5-524/b	1
IOB5-530	1
IOB5-543/a BED B 675-1; Pl. V 543a; OBI 4, p. 147	1
IOB5-543/b	1
IOB5-544/a	1
IOB5-544/b	1
IOB5-547/a	1
IOB5-563/a BED B 602-4; OBI 2, p. 20; RDASB 1966; U Min Hswe, no. 7	1
IOB5-565/a BED A; Pl. V 565a; OBI 4, p. 251	1
IOB5-571/a BED A; Pl. III 321; OBI 3, p. 4	1
IOB5-571/b BED B 537-2; Pl. V 571b; OBI 1, p. 344	1
IOB5-573/a BED B 602-4; OBI 2, p. 20; RDASB 1966; U Min Hswe, no. 7	1
IOB5-573/b BED B 602-5; OBI 2, p. 21; RDASB 1963, p. 27, no. 16	1
IOB5-574/a BED B 582-4; Pl. V 574a; OBI 5, p. 111	1
IOB5-576/a BED B 602-4; OBI 2, p. 20; RDASB 1966; U Min Hswe, no. 7	1
IOB5-576/b 15 BED B 602-4; OBI 2, p. 20; RDASB 1966; U Min Hswe, no. 7	1
IOB5-577 BED B 600-7; OBI 2, p. 1; RDASB 1971	1
IOB5-577 BED B 602-1; Pl. II 136; OBI 2, p. 15; List 253; UB 1, p. 297	1
IOB5-578/b BED B 600-7; OBI 2, p. 1; RDASB 1971	1
IOB5-583 BED B 622-6; Pl. II 198; OBI 3, p. 2; List 90; PPA, p. 55; TN, p. 26; U Min Hswe, no. 51	1
IOB5-584 BED B 622-6; Pl. II 198; OBI 3, p. 2; List 90; PPA, p. 55; TN, p. 26; U Min Hswe, no. 51	1
IOB5-587/a BED B 624-1; Pl. II 202; OBI 3, p. 5; List 308; A, p. 101; MP, p. 107	1
IOB5-587/b	1
IOB5-588	1
IOB5-589	1
IOB5-591/a	1
IOB5-591/b	1
IOB5-593/a BED B 539-1; Pl. V 593a; OBI 4, p. 163; MP 2, p. 65	1
IOB5-593/b	1
IOB5-597/	1
IOB5-597/c	1
IOB5-597/d	1
IPPA 101-102; List 287; IOB1-102 BED B 602-1; Pl. II 136; OBI 2, p. 15; List 253; UB 1, p. 297	1
IPPA 137-138; List 533; IOB5-	1
IPPA 139; List 105; IOB1-6 BED B 541-1; Pl. I 6; OBI 1, p. 42; UEM no. 6 p. 11; List 105; PPA, p. 139; TN, p. 65; Luce/U Pe Maung Tin, BBHC 3, 1963, p. 62; Harvey, History, p. 331; Anthology 5, p. 82; U Min Hswe, no. 21	1
IPPA 159; List-1252; IOB2-129 BED B 600-9; Pl. II 129; OBI 1, p. 315; List 1252; PPA, p. 159; TN, p. 93	1
IPPA 176; List 215; IOB1--8 BED B 597-9; Pl. I 88; OBI 1, p. 270; List 215; PPA, p. 176; TN, p. 84; OR 3434 (gā: verso); U Min Hswe, no. 17	1
IPPA 181, 182; List 242; IOB1-105/a BED B 599-4; Pl. I 105a; OBI 1, p. 306; SIP no. 25, p. 52; UEM no. 36, p. 99; List 242; PPA, p. 181; MM 3, no. 44, p. 189; TN, p. 86; U Than Tun, JBRS 1978, p. 140; U Min Hswe, no. 76	1
IPPA 188-189; List 278/b; IOB2-217 BED B 623-1; Pl. II 201b; OBI 3, p. 3; List 255; A, p. 79	1
IPPA 286-287; List-1255; IOB2-133 BED B 601-4; Pl. II 133; OBI 2, p. 6; List 1255; PPA, p. 286 (this ref. in List is incorrect !)	1
IPPA 59, 60; List-211; IOB1-93 BED B 598-5; Pl. I 93; OBI 1, p. 287; List 211; PPA, p. 59; TN, p. 28	1
IPPA 61, 62; List-206; IOB1-103 BED B 600-8; Pl. I 103-104; OBI 1, p. 311; List 206/List 220; PPA, p. 61; TN, p. 29	1
IPPA 63; List-220; IOB1-104	1
IPPA 78-79-80-81-82	1
IPPA 83-84-85-86	1
IPPA-103-104; List-269; IOB2-152 BED B 601-4; Pl. II 133; OBI 2, p. 6; List 1255; PPA, p. 286 (this ref. in List is incorrect !)	1
IPPA-105; List-292; IOB2-185 BED B 617-1; Pl. II 185; OBI 2, p. 179; UEM no. 63, p. 183; List 292; PPA, p. 105; TN, p. 54	1
IPPA-106; List-296; IOB-192 BED B 600-7; OBI 2, p. 1; RDASB 1971	1
IPPA-107; List-408; IOB3-290/b BED B 622-4; Pl. II 195b; OBI 3, p. 1; List 302; PPA, p. 191; TN, p. 91; U Min Hswe, no. 18	1
IPPA-109, 111; List-273/a; IOB1-31 BED B 593-1; Pl. I 31; OBI 1, p. 83; SIP no. 15, p. 26; UEM no. 15, p. 29; List 273(a); PPA, p. 109; TN, p. 56; copies: List 212; B 2, p. 846; MM 3, no. 37-38, p. 155-160; another copy MM 3, no. 25, p. 107; and MM 4, no. 47, p. 214 (said to come from Sagaing); Ray, Theravada Buddhism, p. 164, Frasch, ‘King Nadaungmya's Great Gift’, p. xx; U Min Hswe, no. 24	1
IPPA-112-113; List-273/b; IOB2-160/a BED B 609-1; Pl. II 160a; OBI 2, p. 85; UEM no. 54, p. 150; List 273(b); PPA, p. 112; TN, p. 57	1
IPPA-114, 116; List-262; IOB2-144 BED B 571-2; Pl. I 84; OBI 2, p. 3; UEM no. 42, p. 115; List 173	1
IPPA-117-118; List-263,; IOB2-143/a BED B 571-2; Pl. I 84; OBI 2, p. 3; UEM no. 42, p. 115; List 173	1
IPPA-119-120; List-260; IOB2-147/ BED B 601-2; Pl. II 132b; OBI 2, p. 4; List 249; A, p. 75; copy List 918; B 2, p. 665 (first part)	1
IPPA-123; List-393; IOB3-283 BED B 622-4; Pl. II 195b; OBI 3, p. 1; List 302; PPA, p. 191; TN, p. 91; U Min Hswe, no. 18	1
IPPA-12; List-368,; IOB2-139 BED B 603-5; Pl. II 139; OBI 2, p. 29; UEM no. 43, p. 116; List 368; PPA, p. 12; TN, p. 3; OR 6452 B (1), no. 1	1
IPPA-141; List-81/a; IOB1-4 BED B 527-1; Pl. I 4-5; OBI 1, p. 29; SIP no. 8, p. 13; UEM no. 5, p. 9; List 81a+b; PPA, p. 141-2; TN, p. 66; Luce/ U Pe Maung Tin, BBHC 1 (2); 1960, p. 241	1
IPPA-143; List-81/b; IOB1-5; IOB1-47	1
IPPA-147-148; List-290; IOB2-182/a BED B 615-4; Pl. II 182a; OBI 2, p. 170; UEM no. 61, p. 179; List 290; PPA, p. 147; TN, p. 68; OR 3434 fol. ghā verso (with further dates)	1
IPPA-149; List-179; IOB1-41 BED B 578-1; Pl. I 41; OBI 1, p. 111; UEM no. 20, p. 179; List 179; PPA, p. 149; TN, p. 69; List 78; B 2, p. 788; MM 3, no. 31, p. 133; OR 3475, no. 5	1
IPPA-150; List-183; IOB-47 BED B 582-2; Pl. I 47; OBI 1, p. 133; List 183; PPA, p. 150; OR 3475, no. 6 (with date CS 581/1219)	1
IPPA-151; List-123/a; IOB1-10/a BED B 552-1; Pl. I 10a+b; OBI 1, p. 50; SIP no. 11, p. 19; UEM no. 8, p. 13; List 123a +b; PPA, p. 151; TN, p. 70; Duroiselle, JBRS 6.2, 1916, p. 88; Luce/U Pe Maung Tin, BBHC 3, 1963, p. 80; Anthology 5, p. 84; U Min Hswe, no. 20	1
IPPA-153, 154; List-123/b; IOB1-10/b	1
IPPA-155-157; List-254,; IOB2-138 BED B 603-3; Pl. II 138; OBI 2, p. 24; SIP no. 26, p. 55; UEM no. 44, p. 117; List 254; PPA, p. 155; TN, p. 71; RDASB 1926, p. 26 and App. G; U Min Hswe, no. 43; OR 3475, no. 4; U Kyaw, “Bagan Minsa”, p. 195	1
IPPA-159; List-66/a; IOB1-1 BED B 493-1; Pl. I 1+2; OBI 1, p. 11; List 66 a+b; PPA, p. 159; TN, p. 73; Luce/U Pe Maung Tin, JBRS 10 (2), 1920, p. 67-74 (and corrected date in JBRS 22 (3), 1932, p. 151), Luce/U Pe Maung Tin, BBHC 1 (1), 1960, p. 1-28; Ray, Theravada Buddhism, p. 108; OR 3475, no. 18	1
IPPA-15; List 710	1
IPPA-162; List-66/b; IOB1-2	1
IPPA-165; List-120; IOB1-3 BED B 550-1; Pl. I 13; OBI 1, p. 48; UEM no. 7, p. 12; List 120; PPA, p. 165; TN, p. 79; Luce/U Pe Maung Tin, BBHC 3, 1963, p. 96	1
IPPA-166; List-144; IOB1-14 BED B 558-1; Pl. I 14; OBI 1, p. 56; List 144; PPA, p. 166; TN, p. 80; Luce/U Pe Maung Tin, BBHC 3, 1963, p. 96	1
IPPA-167; List-165-27 BED B 566-2; Pl. I 27; OBI 1, p. 75; List 165; PPA, p. 167; TN, p. 80	1
IPPA-168; List-172; IOB1-32 BED B 570-1; Pl. I 32-33; OBI 1, p. 86; List 172; PPA, p. 168; TN, p. 80	1
IPPA-169; List-175; IOB1-37 BED 574-2; Pl. I 37-38a; OBI 1, p. 99; UEM no. 18, p. 36; List 175; PPA, p. 169; TN, p. 81	1
IPPA-170; List-176; IOB1-39 BED B 575-1; Pl. I 39-40; OBI 1, p. 102; UEM no. 19, p. 38; List 176; PPA, p. 170; TN, p. 81; copy MM 3, no. 30, p. 131; U Min Hswe, no. 70	1
IPPA-172-173; List-205; IOB1-62 BED B 591-7; Pl. I 62; OBI 1, p. 211; List 205; PPA, p. 172; TN, p. 82; U Min Hswe, no. 57	1
IPPA-174-175; List-214; IOB2-157 BED B 607-2; Pl. II 157; OBI 2, p. 76; List 214; PPA, p. 174; TN, p. 83	1
IPPA-179; List-241; IOB1-101 BED B 599-3; Pl. I 101; OBI 1, p. 305; List 241; PPA, p. 179; TN, p. 85; U Min Hswe, no. 6	1
IPPA-17; List-224; IOB1-71 BED B 595-6; Pl. I 71-72; OBI 1, p. 249; List 224; PPA, p. 17; TN, p. 6	1
IPPA-183; List-247; IOB2-131/b BED B 600-5; Pl. II 131b; OBI 1, p. 319; List 247; PPA, p. 183; TN, p. 87; U Min Hswe, no. 44	1
IPPA-184, 185; List-259; IOB2-145 BED B 604-3; Pl. II 145; OBI 2, p. 41; SIP no. 28, p. 63; UEM no. 47, p. 129; List 259; PPA, p. 184; TN, p. 88; U Min Hswe, no. 34	1
IPPA-186; List-272; IOB2160/b BED B 609-5; Pl. II 160b; OBI 2, p. 89; List 272; PPA, p. 186; TN, p. 89; U Min Hswe, no. 12	1
IPPA-187; List-278/a; IOB2-161/b BED B 593-5; Pl. II 134a; OBI 1, p. 222; UEM no. 41, p. 113; OBI 2, p. 9	1
IPPA-18; List-145/a; IOB1-15	1
IPPA-190; List-295; IOB2-191/a BED B 620-1; Pl. II 191a; OBI 2, p. 190; List 295; PPA, p. 190; TN, p. 91, U Min Hswe, no. 63	1
IPPA-191; List-302; IOB2-195/b BED B 622-4; Pl. II 195b; OBI 3, p. 1; List 302; PPA, p. 191; TN, p. 91; U Min Hswe, no. 18	1
IPPA-192; List-1251; IOB1-59 BED B 561-1 & B 509-2; Pl. I 59; OBI 1, p. 22; List 1251; PPA, p. 192; TN, p. 92	1
IPPA-193; List-349; IOB3-244 BED B 624-4; Pl. II 205-206; OBI 3, p. 9-11; List 307a+b; A, p. 103-105; MP 2, p. 159	1
IPPA-201; List-1254; IOB3-270 BED B 614-4; Pl. III 270; OBI 2, p. 217; List 1254; PPA, p. 201; TN, p. 96; U Min Hswe, no. 62	1
IPPA-203; List-51; IOB4-364/a; EB Vol.1 n°1 BED B 474-1; Pl. IV 364a+b; OBI 1, p. 4 and OBI1,p.1; UEM no. 3, p. 3; EB 1 (1), 1919, p. 1; List 51+52; TN, p. 97; Ray, Theravada Buddhism, p. 106; Anthology 5, p. 81; Blagden, JRAS 1909, p. 10; U Pe Maung Tin, The Myazedi Inscription, in Nava-rat Kui:-svay, Rangoon 1966, p. 23-33; U Tha Myat, The Pali Version of the Myazedi Inscription, Rangoon 1958; U Tin Lwin, Rajakumar's Inscription in Pali, in Takkasuil ... (repr. Yangon 1989); The Myazedi Inscription in Four Languages, ed. by the Cultural Institute, Rangoon 1960, Harvey, History of Myanmar, p. 43-44	1
IPPA-207; List-51; IOB4-361/a; EB Vol.1, n°1	1
IPPA-209, 211; List-52; IOB4-361/b; EB Vol.1, n°1	1
IPPA-209; List 52; IOB4-364/b; EB Vol.1, n°1 BED B 474-1; Pl. IV 364a+b; OBI 1, p. 1 and OBI1,p.4; UEM no. 3, p. 3; EB 1 (1), 1919, p. 1; List 51+52; TN, p. 97; Ray, Theravada Buddhism, p. 106; Anthology 5, p. 81; Blagden, JRAS 1909, p. 10; U Pe Maung Tin, The Myazedi Inscription, in Nava-rat Kui:-svay, Rangoon 1966, p. 23-33; U Tha Myat, The Pali Version of the Myazedi Inscription, Rangoon 1958; U Tin Lwin, Rajakumar's Inscription in Pali, in Takkasuil ... (repr. Yangon 1989); The Myazedi Inscription in Four Languages, ed. by the Cultural Institute, Rangoon 1960, Harvey, History of Myanmar, p. 43-44	1
IPPA-20; List 145/b; IOB1-16	1
IPPA-212-213,; List-185,; IOB1-63/a-b BED A; Pl. I 63; OBI 1, p. 129; UEM no. 26, p. 49; List 185; PPA, p. 212; TN, p. 98	1
IPPA-215; List-209; IOB1-65/a BED B 592-4; Pl. I 65a+b; OBI 1, p. 215; List 209; PPA, p. 216; TN, p. 99	1
IPPA-217, 218; List-121; IOB1-74 BED B 585-5; Pl. I 74; OBI 1, p. 156; UEM no. 31, p. 65; List 121; PPA, p. 217; TN, p. 100	1
IPPA-219-220; List-196; IOB1-75/a BED B 587-3; Pl. I 75a; OBI 1, p. 176; UEM no. 33, p. 69; List 196; PPA, p. 219; TN, p. 101	1
IPPA-21; List-145/c; IOB1-72	1
IPPA-221; List-186; IOB1-76	1
IPPA-224-226; List 190; IOB1-73 BED B 585-4; Ref.: Pl. I 73; OBI 1, p. 151; SIP no. 19, p. 35; UEM no. 31, p. 58; List 190; PPA, p. 224; TN, p. 103; U Than Tun, Religious Buildings, JBRS 1959, p. 74-5; Luce, Myanmar's Debt, JBRS 1932, p. 125; Strachan, Pagan, p. 127-8; U Than Tun, Buddhism, JBRS 1978, p. 130-3; Anthology 5, p. 85; Lubeigt, Pagan, p. 339; Hla Thamein, Bagan-hket, p. 113	1
IPPA-227, 228; List-193; IOB1-75/b BED B 586-1; Pl. I 75a; OBI 1, p. 161; UEM no. 31, p. 72; List 193; PPA, p. 227	1
IPPA-229, 230; List-197; IOB1-77	1
IPPA-231, 232; List-199; IOB1 78/a	1
IPPA-234; List-204; IOB183 BED B 591-5; Pl. I 83; OBI 1, p. 208; UEM no. 25, p. 48; List 204; PPA, p. 234; List 486; B 2 p. 747; TN, p. 107	1
IPPA-235; List-222; IOB1-68 BED B 595-1; Pl. I 68; OBI 1, p. 240; UEM no. 29, p. 54; List 222; PPA, p. 235; TN, p. 107	1
IPPA-237, 238; List-223; IOB1-79/b BED B 595-4; Pl. I 79a; OBI 1, p. 245; UEM no. 31, p. 86; Pl. I 79b; OBI 1, p. 246; UEM no. 31, p. 88; List 233; PPA, p. 237; TN, p. 108	1
IPPA-239; List 246; IOB2-132/a BED B 600-6; Pl. II 132a; OBI 1, p. 320; UEM no. 40, p. 112; List 246; PPA p. 239; TN, p. 109	1
IPPA-243-245; List-270; IOB2-162 BED B 610-2; Pl. II 162-163; OBI 2, p. 93; SIP no. 29, p. 66; UEM no. 56, p. 153; List 270a+b; PPA, p. 243; TN, p. 111	1
IPPA-246-248; List-276/a; IOB2-164 BED B 593-5; Pl. II 134a; OBI 1, p. 222; UEM no. 41, p. 113; OBI 2, p. 9	1
IPPA-253-254; List-407; IOB3-291 BED B 622-4; Pl. II 195b; OBI 3, p. 1; List 302; PPA, p. 191; TN, p. 91; U Min Hswe, no. 18	1
IPPA-257; List-344/b; IOB3-240 BED B 624-2; Pl. II 203; OBI 3, p. 7; List 305; UB 1, p. 300	1
IPPA-260; List-384/b; IOB3-273 BED B 622-4; Pl. II 195b; OBI 3, p. 1; List 302; PPA, p. 191; TN, p. 91; U Min Hswe, no. 18	1
IPPA-264; List-325; IOB3-234 BED B 624-1; Pl. II 202; OBI 3, p. 5; List 308; A, p. 101; MP, p. 107	1
IPPA-266; List-311; IOB2-216 BED B 622-6; Pl. II 198; OBI 3, p. 2; List 90; PPA, p. 55; TN, p. 26; U Min Hswe, no. 51	1
IPPA-269; List 323; IOB2-223/b BED A; Pl. III 321; OBI 3, p. 4	1
IPPA-270-271; List-383/a; IOB3-274 BED B 622-4; Pl. II 195b; OBI 3, p. 1; List 302; PPA, p. 191; TN, p. 91; U Min Hswe, no. 18	1
IPPA-274-276; List-334; IOB3-235 BED B 634-1; Pl. III 235; OBI 3, p. 74; SIP no. 40, p. 101; List 334; PPA, p. 274; TN, p. 126	1
IPPA-277; List-345; IOB3-243 BED B 624-3; Pl. II 204a+b; OBI 3, p. 8; List 306; UB 2, p. 203; (not in U Min Hswe)	1
IPPA-278; List-352; IOB3-247 BED B 624-4; Pl. II 205-206; OBI 3, p. 9-11; List 307a+b; A, p. 103-105; MP 2, p. 159	1
IPPA-280; List-359; IOB3-254/b BED B 622-4; Pl. II 195b; OBI 3, p. 1; List 302; PPA, p. 191; TN, p. 91; U Min Hswe, no. 18	1
IPPA-281; List-369; IOB3-268 BED B 622-4; Pl. II 195b; OBI 3, p. 1; List 302; PPA, p. 191; TN, p. 91; U Min Hswe, no. 18	1
IPPA-283; List-374; IOB4-421/a BED B 622-4; Pl. II 195b; OBI 3, p. 1; List 302; PPA, p. 191; TN, p. 91; U Min Hswe, no. 18	1
IPPA-284; List-394; IOB3-282 BED B 622-4; Pl. II 195b; OBI 3, p. 1; List 302; PPA, p. 191; TN, p. 91; U Min Hswe, no. 18	1
IPPA-293; List-417; IOB4-395 BED B 622-6; Pl. II 198; OBI 3, p. 2; List 90; PPA, p. 55; TN, p. 26; U Min Hswe, no. 51	1
IPPA-294; List-276/b; IOB2-165/a BED B 600-7; OBI 2, p. 1; RDASB 1971	1
IPPA-295; List-351; IOB3-246 BED B 623-2 & B 636-3; Pl. III 246; OBI 3, p. 95; List 351; PPA, p. 295; TN, p. 136; copies List 402 (second inscr.); B 2, p. 819 (dated CS 636/ 1274) and List 453 (second inscr.); B 2, p. 827 (dated CS 676/1314); MM 4, no. 40, p. 1186 (third inscr.)	1
IPPA-300-1-2; List-409/b; IOB4-391	1
IPPA-303, 4-5; List-701/a; IOB4-392	1
IPPA-311-312; List-488; IOB4-451 BED B 623-1; Pl. II 201b; OBI 3, p. 3; List 255; A, p. 79	1
IPPA-313-314; List-329; IOB3-228/b BED B 632-1; Pl. II 228b; OBI 3, p. 65; SIP no. 42, p. 110; List 329; PPA, p. 313; TN, p. 144	1
IPPA-320; List-507; IOB4-456/a	1
IPPA-341; List-599; IOB5-525/b	1
IPPA-55; List-90; IOB2-198 BED B 622-6; Pl. II 198; OBI 3, p. 2; List 90; PPA, p. 55; TN, p. 26; U Min Hswe, no. 51	1
IPPA-57; List-102; IOB1-50 -b; IOB-1-51. BED B 572; Pl. I 50; OBI 1, p. 91; UEM no. 21, p. 41; List 122; PPA, p. 57; TN, p. 27; U Min Hswe, no. 4	1
IPPA-58; List-191; IOB1-51 BED B 585-3; Pl. I 51; OBI 1, p. 142; UEM no. 21, p. 43; List 191; PPA, p. 98; TN, p. 28; U Min Hswe, no. 3	1
IPPA-64; List-387; IOB3-276/a BED B 622-4; Pl. II 195b; OBI 3, p. 1; List 302; PPA, p. 191; TN, p. 91; U Min Hswe, no. 18	1
IPPA-87-88	1
IPPA-89-90	1
IPPA-96-97; List-350; IOB3-248 BED B 622-4; Pl. II 195b; OBI 3, p. 1; List 302; PPA, p. 191; TN, p. 91; U Min Hswe, no. 18	1
IPPA-98; List-333; IOB3-231/b BED B 633-1; Pl. III 231b; OBI 3, p. 68; SIP no. 30, p. 70; List 333; PPA, p. 98; TN, p. 51; U Min Hswe, no. 14	1
IPPA-99-100; List-237; IOB1-94/a BED B 598-4; Pl. I 94a+b; OBI 1, p. 291; List 237; PPA, p. 99; TN, p. 52	1
IPPA-9; List-283; IOB2-176/b BED B 602-1; Pl. II 136; OBI 2, p. 15; List 253; UB 1, p. 297	1
IPPA; IPPA-297-8-9; List-409/a; IOB4-390	1
IPPA; List-210; IOB1-65/b	1
IUB1 175; List-173; IOB1-84 BED B 571-2; Pl. I 84; OBI 2, p. 3; UEM no. 42, p. 115; List 173	1
IUB1-103; List-943	1
IUB1-106-2-3	1
IUB1-120; List-958	1
IUB1-123	1
IUB1-125,; List-982,; BM1-245	1
IUB1-126-1002	1
IUB1-13-14; List-477; IOB4-436/b BED B 623-1; Pl. II 201b; OBI 3, p. 3; List 255; A, p. 79	1
IUB1-146; List-1294	1
IUB1-149; List-1297; IOB5-547/b	1
IUB1-168; List-24,; IOB2-195/a BED B 622-3; Pl. II 195a; OBI 2, p. 202; List 24; UB 1, p. 202	1
IUB1-173; List-97 BED B 547-2; List 97; OBI 1, p. 352; SIP no. 9, p. 16; UB 1, p. 173; U Min Hswe, no. 28	1
IUB1-174; List-161; IOB1-24 BED B 564-1; Pl. I 24; OBI 1, p. 73; SIP no. 14, p. 25; List 161; UB 1, p. 147; Anthology 1, p. 39; U Min Hswe, no. 67	1
IUB1-176; List-174/a; IOB-34 BED B 573-2; Pl. I 34-35; OBI 1, p. 93; SIP no. 16, p. 29; UEM no. 16, p. 33; List 174a+b; UB 1, p. 176; U Min Hswe, no. 59	1
IUB1-177; List-174/b; IOB1-35	1
IUB1-181; List-465/a; IOB1-54 587 BED B 586-10; Pl. I 54; OBI 1, p. 173 and 184; UEM no. 22, p. 44; List 465a; UB 1, p. 181; RDASB 1938	1
IUB1-183; List 203; IOB1-60/b	1
IUB1-186; List-219; IOB2-174 BED B 600-7; OBI 2, p. 1; RDASB 1971	1
IUB1-189; List-282; IOB2-175 BED B 600-7; OBI 2, p. 1; RDASB 1971	1
IUB1-191, 192 BED B 597-8; OBI 1, p. 265; List 229; UB 1, p. 191; picture (ArchDept) on file	1
IUB1-193-194; List-289; IOB2-181 BED B 600-7; OBI 2, p. 1; RDASB 1971	1
IUB1-195-196; List-235/a; IOB1-96 BED B 598-9; Pl. I 96-97; OBI 1, p. 298; SIP no. 24, p. 49; UEM no. 35, p. 95; List 235a+b; UB 1, p. 195; U Than Tun, JBRS 1959, p. 77-79; U Than Tun, JBRS 1976, p. 135-7, Luce, ELEB, JBRS 1940, p. 327-8; U Min Hswe, no. 77	1
IUB1-197; List 235/b; IOB1-97	1
IUB1-198, 199; List-236/a; IOB1-91 n°48 BED B 598-2; Pl. I 91+92; OBI 1, p. 278; List 236a+b; UB 1, p. 198; U Min Hswe, no. 49	1
IUB1-200; List-236/b; IOB1-92	1
IUB1-201-202; List-245; IOB2-130 BED B 600-3; Pl. II 130; OBI 1, p. 316: U Min Hswe, no. 81	1
IUB1-203; List 267; IOB2-182/b; IUB1- BED B 600-7; OBI 2, p. 1; RDASB 1971	1
IUB1-204; List-281; IOB2-191/b BED B 600-7; OBI 2, p. 1; RDASB 1971	1
IUB1-205,; List-313,; IOB2 214/b BED B 622-6; Pl. II 198; OBI 3, p. 2; List 90; PPA, p. 55; TN, p. 26; U Min Hswe, no. 51	1
IUB1-206; List-291; IOB2-187 BED B 616-4; Pl. II 187; OBI 2, p. 176; List 291; UB 1, p. 206	1
IUB1-207; List-364; IOB3-260 BED B 622-4; Pl. II 195b; OBI 3, p. 1; List 302; PPA, p. 191; TN, p. 91; U Min Hswe, no. 18	1
IUB1-209-211; List-332/a; IOB2-194 BED B 600-7; OBI 2, p. 1; RDASB 1971	1
IUB1-212; List-332/b; IOB3-233	1
IUB1-212; List-332/b; IOB3-233 BED B 633-3; Pl. III 233; OBI 3, p. 72; List 332b; UB 1, p. 212	1
IUB1-213; List-354/a; IOB3-249 BED B 622-4; Pl. II 195b; OBI 3, p. 1; List 302; PPA, p. 191; TN, p. 91; U Min Hswe, no. 18	1
IUB1-216; List-354/b; IOB3-250 BED B 622-4; Pl. II 195b; OBI 3, p. 1; List 302; PPA, p. 191; TN, p. 91; U Min Hswe, no. 18	1
IUB1-219-220; List-330; IOB3-229 BED B 632-2; Pl. III 229; OBI 3, p. 66; List 330; UB 1, p. 219, U Min Hswe, no. 71	1
IUB1-222-223; List 314/a; IOB2-219/a BED B 629-1; Pl. II 217 and Pl. II 218a; OBI 3, p. 35; List 278b (?); Pl. II 219 a+b; OBI 3, p. 37; SIP no. 34, p. 83; List 314a+b; UB 1, p. 222-4; U Min Hswe, no. 19; Myaketu, Nandhale Hmattan, p. 29-30	1
IUB1-224; List 314/b; IOB2-219/b BED B 623-1; Pl. II 201b; OBI 3, p. 3; List 255; A, p. 79	1
IUB1-225 & 304; List-357/a & 358/a; IOB3-252 BED B 622-4; Pl. II 195b; OBI 3, p. 1; List 302; PPA, p. 191; TN, p. 91; U Min Hswe, no. 18	1
IUB1-226 & 305; List-357/b & 358/b; IOB3-253/a BED B 622-4; Pl. II 195b; OBI 3, p. 1; List 302; PPA, p. 191; TN, p. 91; U Min Hswe, no. 18	1
IUB1-227-228; List-389; IOB3-227 BED B 622-4; Pl. II 195b; OBI 3, p. 1; List 302; PPA, p. 191; TN, p. 91; U Min Hswe, no. 18	1
IUB1-253-254; List-1299/a; IOB1-25 BED A; Pl. I 25; OBI 2, p. 165; List 1299a	1
IUB1-255; List-1299/b; IOB1-26 BED B 600-7; OBI 2, p. 1; RDASB 1971	1
IUB1-257; List 154/a; IOB1-19/a, BED B 560-1; Pl. I 19-20; OBI 1, p. 65; UEM no. 11, p. 19; List 154a+b; UB 1, p. 257; Luce/U Pe Maung Tin, BBHC 3, 1963, p. 118; U Tin Htway, “First Burmese Royal Inscription”	1
IUB1-258; List-154/b; IOB1-20/a,	1
IUB1-269; List-379; IOB4-417 BED B 622-6; Pl. II 198; OBI 3, p. 2; List 90; PPA, p. 55; TN, p. 26; U Min Hswe, no. 51	1
IUB1-271; List-405; IOB3-299 BED B 622-4; Pl. II 195b; OBI 3, p. 1; List 302; PPA, p. 191; TN, p. 91; U Min Hswe, no. 18	1
IUB1-287; List-80; IOB1-12 BED B 554-1; Pl. I 12; OBI 1, p. 55; UEM no. 9, p. 16; List 80; UB1, p. 287; Luce/U Pe Maung Tin, BBHC 3, 1963, p. 91	1
IUB1-288; List-171; IOB2-125/b BED B 580-1; Pl. II 125b; OBI 1, p. 124; List 171; UB 1, p. 288	1
IUB1-291-292; List-208; IOB2-156 BED B 607-1; Pl. II 156; OBI 2, p. 74; UEM no. 53, p. 148; List 208; UB 1, p. 291	1
IUB1-293; List-218; IOB2-126/b BED B 592-2; Pl. II 126b; OBI 1, p. 213; UEM no. 32, p. 90; List 218; UB 1, p. 293	1
IUB1-294; List-227; IOB1-89	1
IUB1-296; List-228; IOB2-127/a BED B 597-2; Pl. II 127a; OBI 1, p. 256; List 228; UB 1, p. 296	1
IUB1-298; List-266/a; IOB2-150 BED B 601-4; Pl. II 133; OBI 2, p. 6; List 1255; PPA, p. 286 (this ref. in List is incorrect !)	1
IUB1-299; List-266/b; IOB2-151 BED B 601-4; Pl. II 133; OBI 2, p. 6; List 1255; PPA, p. 286 (this ref. in List is incorrect !)	1
IUB1-300; List-305; IOB2-203 BED B 624-2; Pl. II 203; OBI 3, p. 7; List 305; UB 1, p. 300	1
IUB1-301; List-309; IOB2-211 BED B 622-6; Pl. II 198; OBI 3, p. 2; List 90; PPA, p. 55; TN, p. 26; U Min Hswe, no. 51	1
IUB1-302-303; List-322; IOB3-224 BED B 624-1; Pl. II 202; OBI 3, p. 5; List 308; A, p. 101; MP, p. 107	1
IUB1-306-307; List 404/a; IOB3-289 BED B 622-4; Pl. II 195b; OBI 3, p. 1; List 302; PPA, p. 191; TN, p. 91; U Min Hswe, no. 18	1
IUB1-308; List-404/b; IOB3-290/a BED B 622-4; Pl. II 195b; OBI 3, p. 1; List 302; PPA, p. 191; TN, p. 91; U Min Hswe, no. 18	1
IUB1-309; List-525/a--468/a	1
IUB1-32; List-256; IOB2 141/ BED B 604-8; Pl. II 141b; OBI 2, p. 53; List 256; UB 1, p. 32	1
IUB1-33; List-506; IOB5-470/b	1
IUB1-36,; List-517/a,; IOB5-466/a	1
IUB1-37,; List-517/b,; IOB5-466/b	1
IUB1-38-39; List-524/a; IOB5-469/a	1
IUB1-40; List-524/b; IOB5-469/b	1
IUB1-47; List-564/a; IOB5-497	1
IUB1-49; List-564/b; IOB5498 9	1
IUB1-52,; List-565/b,; IOB5-512/b	1
IUB1-67,; List-761	1
IUB1-68	1
IUB1-75; List-804	1
IUB1-78	1
IUB1-80,; List-876	1
IUB1-81	1
IUB1-86,; List-1014	1
IUB1-90	1
IUB1-93,; List-939	1
IUB1-94; List 963	1
IUB1-98	1
IUB1184, 185; List-213; IOB1-69 BED B 593-2; Pl. I 69; OBI 1, p. 218; SIP no. 20, p. 39; UEM no. 28, p. 52; List 213; UB 1, p. 184; U Min Hswe, no. 37	1
IUB1BM1--84; IUB1-34-35; List-535; BM1-183-184; List 638; IOB5-545/a	1
IUB2-132; List 67/a; IOB4-402/a	1
IUB2-133; List 67/b; IOB4-402/b BED B 567-7; Pl. IV 402; OBI 1, p. 351; List 67b; UB 2, p. 133	1
IUB2-134; List-92/a; IOB5-480/a BED B 565-1; Pl. IV 479 (l. 1-20); OBI 4, p. 64; List 92b; UB 2, 135; Pl. V 480a; OBI 4, p. 65; List 92a; UB 2, p. 134; copy List 163 (162?); B 2, p. 554	1
IUB2-135; List-92/b; IOB5-479 BED B 578-5; Pl. V 479 (l. 21-30); OBI 4, p. 64; List 92b; UB 2, p. 135	1
IUB2-136; List-182	1
IUB2-137; List-182 BED B 579-2; OBI 1, p. 118; List 182; UB 2, p. 137	1
IUB2-138; List-182 BED B 573-1; List 168 a+b; OBI 1, p. 93; UB 2, p. 51	1
IUB2-186-187; List-75; IOB2-186 BED B 600-7; OBI 2, p. 1; RDASB 1971	1
IUB2-197; IOB1-17	1
IUB2-198; IOB1-18	1
IUB2-200; List-303/a; IOB2-200 BED B 631-6; Pl. II 200 + Pl. II 201a; OBI 3, p. 62; SIP no. 37, p. 89; List 303 a+b; UB 2, p. 200	1
IUB2-202; List-303/b; IOB2-201/a	1
IUB2-203; List-306/a; IOB2-204/a BED B 624-3; Pl. II 204a+b; OBI 3, p. 8; List 306; UB 2, p. 203; (not in U Min Hswe)	1
IUB2-204; List-306/b; IOB2-204/b BED B 624-3; Pl. II 204a+b; OBI 3, p. 8; List 306; UB 2, p. 203; (not in U Min Hswe)	1
IUB2-205; List 339; IOB3-237 BED B 634-4; Pl. III 237; OBI 3, p. 79; List 339; UB 2, p. 205	1
IUB2-206; List-355; IOB3-245/b BED B 622-4; Pl. II 195b; OBI 3, p. 1; List 302; PPA, p. 191; TN, p. 91; U Min Hswe, no. 18	1
IUB2-207; List-378/a; IOB3-265 BED B 622-4; Pl. II 195b; OBI 3, p. 1; List 302; PPA, p. 191; TN, p. 91; U Min Hswe, no. 18	1
IUB2-209; List-378/b; IOB3-266/a BED B 622-4; Pl. II 195b; OBI 3, p. 1; List 302; PPA, p. 191; TN, p. 91; U Min Hswe, no. 18	1
IUB2-210; List-378/c; IOB3-266/b BED B 622-4; Pl. II 195b; OBI 3, p. 1; List 302; PPA, p. 191; TN, p. 91; U Min Hswe, no. 18	1
IUB2-212; List-378/d; IOB3-266/c BED B 622-4; Pl. II 195b; OBI 3, p. 1; List 302; PPA, p. 191; TN, p. 91; U Min Hswe, no. 18	1
IUB2-225-226; List-1323; IOB3-302 BED B 610-5; Pl. III 302; OBI 2, p. 235; List 1323; UB 2, p. 225; Luce/U Tin Htway, “15th Century Library”;	1
IUB2-229; List-129 BED B 554-4; List 129a+b; OBI 1, p. 354; UB 2, p. 229; Luce G 1964; U Hswai, JBRS 48 (2), 1965, p. 67, no. 3; List 128; OBI 1, p.x231x; U Maung Maung Lat, nos. 1+2; U Hswai, JBRS 48 (2), 1965, p. 67, no. 2	1
IUB2-231; List-129	1
IUB2-232; List-128	1
IUB2-233 BED B 557-4; List 1324; UB 2 p. 233; OBI 1, p. 363; U Hswai, JBRS 48 (2), 1965, p. 67, no. 4	1
IUB2-250; List 487; IOB4-452/b BED B 623-1; Pl. II 201b; OBI 3, p. 3; List 255; A, p. 79	1
IUB2-254; List 406; IOB3-293 BED B 622-4; Pl. II 195b; OBI 3, p. 1; List 302; PPA, p. 191; TN, p. 91; U Min Hswe, no. 18	1
IUB2-259; List-160/a; IOB1-22 BED B 563-2; Pl. I 22; OBI 1, p. 71; UEM no. 12, p. 23; List 160a+b; UB 2, p. 259	1
IUB2-260; List-160/b; IOB1-23	1
List 113; IPPA-145-146 BED B 545-3; List 113; OBI 1, p. 347; PPA, p. 145; TN p. 67; List 109-110; B 2, p. 781-783; MM 2, nos. 38-39; OR 6452 B (1), no. 31	1
List-1296	1
List-376; IOB3-271 BED B 622-4; Pl. II 195b; OBI 3, p. 1; List 302; PPA, p. 191; TN, p. 91; U Min Hswe, no. 18	1
RDASB 1905 n°22,; RDASB 1958-59,; BM2 -558	1
RDASB 1915; IOB2-134/b BED B 593-5; Pl. II 134a; OBI 1, p. 222; UEM no. 41, p. 113; OBI 2, p. 9	1
RDASB 1918-19 BED B 622-6; Pl. II 198; OBI 3, p. 2; List 90; PPA, p. 55; TN, p. 26; U Min Hswe, no. 51	1
RDASB 1925-26; IOB3-303 BED A; Pl. III 303; OBI 1, p. 19; UEM, no. 1, p. 1; RSASB 1926, p. 26	1
RDASB 1937-38	1
RDASB 1937-38 BED B 556-1; OBI 1, p. 362; List 136; B 2, p. 509; RDASB 1938	1
RDASB 1938-39; IOB4-365/b BED B 552-3; Pl. IV 365b; OBI 1, p. 53	1
RDASB 1938-39; IOB5-509 BED B 628-9; Pl. V 509; OBI 4, p. 102	1
RDASB 1938-39; IOB5-510	1
RDASB 1953-54 BED B 598-6b; OBI 1, p. 289; Luce J 2667; RDASB 1954	1
RDASB 1953-54,; BM1-80	1
RDASB 1954-1955 BED B 503-1; OBI 1, p. 23	1
RDASB 1954-55 BED B 581-3; OBI 1, p. 127; Luce J 2672	1
RDASB 1954-55 BED B 583-2; OBI 1, p. 137; Luce J 2665; RDASB 1955	1
RDASB 1955-56	1
RDASB 1955-56 BED B 474-2; OBI 1, p. 8; Luce J 2675	1
RDASB 1956-60	1
RDASB 1957-58 BED B 521-1; OBI 1, p. 340	1
RDASB 1957-58 BED B 600-7; OBI 2, p. 1; RDASB 1971	1
RDASB 1958-59 BED B 533-1; OBI 1, p. 38; RDASB 1969	1
RDASB 1958-59 BED B 622-6; Pl. II 198; OBI 3, p. 2; List 90; PPA, p. 55; TN, p. 26; U Min Hswe, no. 51	1
RDASB 196-64	1
RDASB 1960-61 BED A; OBI 1, p. 304; RDASB 1961, p. 145; U Hswai, JBRS 48 (2), 1965, p. 67, no. 9	1
RDASB 1960-61 BED B 579-3; OBI 1, p. 119; RDASB 1961; U Hswai, JBRS 48 (2), 1965, p. 67, no. 12	1
RDASB 1960-61 BED B 588-2; OBI 1, p. 188; RDASB 1961; U Hswai, JBRS 48 (2), 1965, p. 67, no. 8	1
RDASB 1960-61 BED B 623-1; Pl. II 201b; OBI 3, p. 3; List 255; A, p. 79	1
RDASB 1961-62 BED B 530-1; OBI 1, p. 33; RDASB 1963, p. 27-8	1
RDASB 1961-62 BED B 600-7; OBI 2, p. 1; RDASB 1971	1
RDASB 1961-62 BED B 608-2; OBI 2, p. 82; RDASB 1962, p. 19	1
RDASB 1961-62; RDASB 1962-63 BED B 513-4; OBI 1, p. 339	1
RDASB 1961-64	1
RDASB 1962-63 BED B 529-1; OBI 1, p. 32	1
RDASB 1962-63 BED B 547-1; OBI 1, p. 46; RDASB 1963, p. 28	1
RDASB 1962-63 BED B 567-2; OBI 1, p. 80; RDASB 1963, p. 29	1
RDASB 1962-63 BED B 582-5; OBI 1, p. 133; RDASB 1963, p. 31, no. 47	1
RDASB 1962-63 BED B 600-7; OBI 2, p. 1; RDASB 1971	1
RDASB 1962-63 BED B 602-5; OBI 2, p. 21; RDASB 1963, p. 27, no. 16	1
RDASB 1963-64 BED B 568-7; OBI 1, p. 171; RDASB 1964, p. 21, no. 20	1
RDASB 1963-64 BED B 579-4; OBI 1, p. 123; RDASB 1964, p. 22 (no. 26)	1
RDASB 1963-64 BED B 597-4; OBI 1, p. 259; RDASB 1964, p. 20, no. 3	1
RDASB 1964-65 BED B 583-1; OBI 1, p. 136; RDASB 1966, p. 31 (no. 7)	1
RDASB 1964-65 BED B 588-4; Pl. V 574b; OBI 1, p. 190; List 198; A, p. 61; MP 1, p. 81; OBI 1, p. 376; RDASB 1965, p. 34, no. 2; U Min Hswe, no. 32	1
RDASB 1964-65 BED B 590-2; OBI 1, p. 202; RDASB 1965, p. 34; U Min Hswe, no. 45	1
RDASB 1965-66 BED B 552-2 & B 594-3; OBI 1, p. 226; RDASB 1966	1
RDASB 1965-66 BED B 583-1; OBI 1, p. 134; RDASB 1966	1
RDASB 1965-66 BED B 600-7; OBI 2, p. 1; RDASB 1971	1
RDASB 1965-66 BED B 602-4; OBI 2, p. 20; RDASB 1966; U Min Hswe, no. 7	1
RDASB 1965-66 BED B 608-3; OBI 2, p. 83; RDASB 1966, p.	1
RDASB 1966-67 BED B 588-3; OBI 1, p. 189; RDASB 1967	1
RDASB 1968-69	1
RDASB 1969-70	1
RDASB 1970-71 BED B 600-7; OBI 2, p. 1; RDASB 1971	1
RDASB 1970-71; BA-89; List-285,; IOB2-177/a BED B 613-2; OBI 2, p. 156; RDASB 1971	1
RDASB 1971-72	1
RDASB 1971-72 BED B 602-5; OBI 2, p. 21; RDASB 1963, p. 27, no. 16	1
RDASB 1972-1973 BED B 630-5; OBI 3, p. 49; RDASB 1973; U Min Hswe, no. 39	1
RDASB 1973-74 BED B 600-7; OBI 2, p. 1; RDASB 1971	1
RDASB 1974-75 BED B 602-4; OBI 2, p. 20; RDASB 1966; U Min Hswe, no. 7	1
RDASB 1977-78	1
RDASB 62-63	1
