extracted_unit_id	citation_target_id	normalized_source_key	matched_local_file_id	source_page_or_locator	source_entry_number	detected_inscription_identifier	detected_language	unit_type	ocr_text	confidence	linked_corpus_record_id	linked_inscription_id	link_basis	needs_manual_review	notes	review_category
sip-witness-005-seg-02	corpus-citation-target-0371	sipSelectionsPagan	luce_pemaungtin_1928_inscriptions_of_pag-da9f6d6d89b3	SIP 25-26	14	သံပျင်ရင်ကောင်ဘုရားကျောက်စာ၊ ပုဂံမင်္ဂလာစေတီမြောက်။ | Plate XXIV | List 161	Old Burmese/Burmese	source_text	"၁၄။ ။သံပျင်ရင်ကောင်ဘုရားကျောက်စာ၊ ပုဂံမင်္ဂလာစေတီမြောက်။
(၁) ။ ဝ ၊သကရစ် ၅၆၄ ခုဘဿနှစ်ကု
(၂) ဆုန်လှန် ၂ ရွက် ၅ နိယ်အာ အံမ္မပေင
(၃) ဖုန်သွာပဲကိုဝ်၊မင်ကြီစေယ်သူဖုန်တဲ
(၄) လှူသောခံလူမွေမွတ်ပွင်အပလ္လင်ပ
(၅) ရွာရှေယ်မွေ့တကာ ၃၀ တာသောရ
(၆) သာတာရကာ ၂ဂ ပဲယ်ဖုန်တ်လှူ၏။ထိုပ်သိုဝ်
(၇) လှုတ်မူရကာ သံပျင်ရင်ကောင်ဖုရှာသိင်နှင်
(ဂ) အက္ခသောက္ကောင်ကိုဝ်ရှယ်အသိင်ဖွစ်သောစေသူ
(၉) မင်ကြီကိုရေစင်တဲတိုက်လိယ်ရကာအသျှင်
(၁၀) မင်ကြီလေရေစင်တီသွန်နွှယ်အနုမောတနာ
(၁၁) ခပ်တပ်မူ၏ထိပ်သီုင်သောသရာဟူ
4"	high	obi-v01-n0045-ob-p0073	obi-v01-n0045	Best corpus-text overlap within parent sip-witness-005.	false	Linked through exact corpus plate citation(s): Pl. I 24. | Extracted from SIP printed pages 25-26 using the OCR page offset observed from the scanned volume. | Detected 1 inscription heading(s) inside the parent SIP witness range. | Segmented from parent sip-witness-005.	linked_source_text
sip-witness-008-seg-03	corpus-citation-target-0371	sipSelectionsPagan	luce_pemaungtin_1928_inscriptions_of_pag-da9f6d6d89b3	SIP 30-32	17	စောရဟန်းသိမ်ကျောက်စာ၊တူရွင်းတောင်။ | Plate XXXVI	Old Burmese/Burmese	source_text	"၁၇။ ။စောရဟန်းသိမ်ကျောက်စာ၊တူရွင်းတောင်။
(၁) ဝ။တုရင်တောင်ထက်စပ်ရဟန်သိမ်
(၂) ပျာက်ခရကာမောင်နှတ်ဆာက်အ (ဖွယ်) အိုအိ
(၃) သန်ဥသင်စာခိပိုဟ်၍ယ် ၂ ကြာရကာ၊ပုရှာ
(၄) လောင်မင်ဦစနာမင်ကြီဟုယ်တောင်
(၅) တက်ဧအ်၊နှစ်သောကြာရကာ၊မင်ကြီပ္ပ
(၆) စိယ်ဟုရကာ၊ဤယ်သိမ်ဆောက်သကာသကရစ်
( ၇) ၅၇၄ ခုကြာတိုက်နှစ်နယုန်လဆန် ၁
(ဂ) ၂ တန်နှင်ကုနူယ်နိယ်အမြုတ်တက်သိင်ခာလ
၃၁
(၉) ရက်အခာနှံနာက်တစ်ပဟိုအိအာဆောက်သ(က)
(၁၀)ဟ်၊၍ယ်သိမ်ဏ္ဍောက်သမိုတ်သကာ၊မင်ဆာ
(၁၁) ဈာနွိုင်ဓမ္မသိရိသမိုက်သတေ၊လုပ်ရသော
(၁၂) ကာ(စိ) တ္တဗိစေည်၊ ပေါက်ပေါရမာ အသက်လွှ
(၁၃) ုတ်(ပိသူ) ကာ(င၁ ) ချီသင် ၁။သိမ်ပြီပြီရှယ်အိ
(၁၄) သင်္ဃာစာပိယ်သောကာ၊ဝာဆိုင် ၅၀၊သတ
(၁၅) ်တိုင်ကာ ၂ဝ၊ တခောင် ၅၀၊ ဝတက္ကတ် ၅၀၊
(၁၆) သကင်လွှတ်စသော ၅၀၊လုပ်ရသောတမင်သ
(၁၇) ည်ကာဘတ္တဗိစေည်ငာမျင်သင် ၁။ဟင်သ
(၁၈) ည်ကာငာသြင်သင် ၁။ယနအိပျာသည်နွာ
(၁၉) နိုင်သည်၊သာစို၊ယန၊ဝာဆိုခွသောသံ
(၂၀) ၁ဝ။ကံသီထုပ် ၄၀။ သတင်ဟိုင်ခ္ယသောကံသီလုပ်
လ
(၂၁) ၂၀ ။ တခောင်ညိုသောသံ မှူ ၁ဝ။ခွံ သီထုပ် ၄ဝ၊
၁ကာ
လ
လ
(၂၂) တ်ခွသောသံ ၂၊ ၁ဝ၊ကံသီထုပ် ၄ဝ။သတင်ဒွတ်ဇ ()
(၂၃) သာခ္ယသောသံမှ။ ၁ဝ။ ကွသိထုပ် ၄ဝ။ တဈဆူသတ
(၂၄) ်တွင်ကာက္ခံသိ ၂၀၀၊ဝထွတ်ကာအထက်
(၂၅) သက်ခံ ၁ ထည်။အဩက်သက်ခံ ၁ ထည်။
၁
(၂၆) ပျာ ၁ အို(။) သိမ်သောကာ။ဘွိုင်သတ်တျာ"	high	obi-v01-n0062-ob-p0097	obi-v01-n0062	Best corpus-text overlap within parent sip-witness-008.	false	Linked through exact corpus plate citation(s): Pl. I 36. | Extracted from SIP printed pages 30-32 using the OCR page offset observed from the scanned volume. | Detected 2 inscription heading(s) inside the parent SIP witness range. | Segmented from parent sip-witness-008.	linked_source_text
sip-witness-011-seg-02	corpus-citation-target-0371	sipSelectionsPagan	luce_pemaungtin_1928_inscriptions_of_pag-da9f6d6d89b3	SIP 42-44	21	ခလေးထောင့်ကန်အရပ်၊ လေးမျက်နှာ ဘုရားကျောက်စာ၊ | Plate LXXIX b | List 223	Old Burmese/Burmese	source_text	"၂၁။ ။ခလေးထောင့်ကန်အရပ်၊ လေးမျက်နှာ ဘုရားကျောက်စာ၊
(၁) ။သိင်အနန္တသူစကာနှပိယ်သွာမျာ စကာသဧအ်။ ကျွန်ငာမယ်ကိုဝိ
ကာပိ
(၂) ယ်သာလင်များအနန္တသူကိုဝ်ပိုယ်သောစင်အေ။ ကျွန်ာမွယ်ကိုကာ အ
နန္တသူရစီ
(၃)ယ်ဧအ်။ အနန္တသူဩင်အေ။ ငာမာသင်သာနှင့် ယောက်ဖမန္တလဘိနှစ်
ကာမကြ
(၄) င်။တြာတကာတန်ဆပ်တပ်ပိုယ်အေ။အတိုင်ရလှသောဖုတ်ငာမ္မယ် ၁
(၁၆) ကို
(၁၇) ဩဝန်နှစ်လက် ရှက်သူကြာနီအာအတံကျာဆင်သောစ
မိနယ်ကိုလတ် - အပေါင် ၁၃ ယောက် ။ ။ သကရစ် ၅၉၅ ခု
(၅)
(၁ဂ) မွိုက်သံ(ပ)ပတီ၌ ၁ သံင်ပက ၁ မဟာဝယ် ၁ ဤယ်
သင်ဖ
(၁၉) မတိုဝ်ကိုင်သံဗျင် အနန္တသူကြာအေ ၀ယ်ထက်သာ ကစွယ်သင်တေဗိုလ်
တြာ
(၂ဝ) သင်္ချာ ၁ စင်ကြယ် ၁ ကြံမဖတ် ၁ ညီဣခြံစည် ၁ ဤယ်မျှသောသင်တို
(၂၁) ဝ်။ကျွန်ကာငကိုဩင်စိယ်ဟုပြတ်ရုယ်ငကိုနှင်8ယ်ပြီသန္ဓေ၊သံဗျ
(၂၂) ်အနန္တသူမိန်တုံးက်ယိုဝ်သိုက္ကတေသင် ့တိုနင်ကူလျှင်ဩင်စိယ်ဟု
(၂၃) ပြတ်ရွယ်နှင်8ယ်ဟူနရလင်။သြင်စိတ်ဟုမပြတ်ရုယ်မနှင်ပိယ်သောဇ
(၂၄) နှစ်ခမုကာအသိုမှတုံ အံနေဟုသော။ ပယ်ထက်သာ ငာစွယ်သင်
ဟူဘဲ
(၂၅) . ဖုန်သည်ဩင်စလင်အမိန်မဟိအာဟု မိန်အေ ဤသိုဝ်တံကြသောကြာပါ
သကာ
(၂၆) ကဝိရာဇဂုံ (ကယ်) ၁ မီတ္တာဝိကြံ ၁ ကမ္မသမန် ၁ ကျွန်ဖွစ်သာငာမပ်
၁ ဤမျှသော
(၂၇) ထိုဝ်မှောက်တံကြသတေအတံ (တဈာ) ဆင်သောသင်႕တိုင် ဗိုလ်တ"	high	obi-v01-n0146-tx-p0246	obi-v01-n0146	Best corpus-text overlap within parent sip-witness-011.	false	Linked through exact corpus plate citation(s): Pl. I 79b. | Extracted from SIP printed pages 42-44 using the OCR page offset observed from the scanned volume. | Detected 1 inscription heading(s) inside the parent SIP witness range. | Segmented from parent sip-witness-011.	linked_source_text
sip-witness-012-seg-02	corpus-citation-target-0371	sipSelectionsPagan	luce_pemaungtin_1928_inscriptions_of_pag-da9f6d6d89b3	SIP 45-47	22	ဇေယပွတ်ဘုရားကျောက်စာ၊ပုဂံအရွှေတောင်။ | Plate XC | List 230	Old Burmese/Burmese	source_text	"၂၂။ ဇေယပွတ်ဘုရားကျောက်စာ၊ပုဂံအရွှေတောင်။
(၁) ဝ ။ သကရစ် ၅၇၃ ခု အာသိန်နှစ်။ တာ်ညင်ညွှန် ၁ဝ ရက်ကြသပတိယ်
နိယ်အာ၊ဥစိနာမင်ရွယ်တောင်တက်၏။ ရွယ်တော
(၂) င်တက်ပြီး၊ သကရစ် ၅၈၅ ခု။အာသိန်နှစ်။ပ သိုညွှန် ၇ ရွက်ကြသပ
တိယ်နိယ်အား လွွှတ်စွာသောပုရှာလေါင်ကိုဝ်။ သံဗျ
(၃) င်ဇေယျပွတ်။ ပန်စရကာ။ ဖုန်တပ်လှူသောပိုဒ်ဖွယ်တွင်။ဟင်ရံပအက်မ
6
သလ္လိယ် ၃ဝဝ ရှာဖုန်တာင်လှူ၏။ ပုရှာလောင်ဖု
(၄) န်တာဝိသူရကာ။ ပိုလ်သူကြိသံဗျင်သတျာ ၁ ယောက်။သံဗျင်စင်ကြယ် ၁။
သံဗျင်ကြံမဖတ် ၁။ သံဗျင်သိရိခြံပိစည် ၁။ဤယ်ပို
(၅) လ်သူကြီ ၄ ယောက်သောအာ။ သံဗျင်အနန္တရစ်ထွယ်တာ် က္က ပိယ်ဧအ်။
ထုယ်တာ်အတိုင်ခံလင်ရုယ်ပိုလ်သူကြီ ၄ ယောက်အထက်စရင်တ
(၆) ပိယ်ဧအ်။ ။သကရစ် ၅၇၉ ခု။မာဃနှစ်ကန်ခုညွှန် ၇ ရက်။ အင်္ဂါနိယ်
အာ။သံဗျင်ဇေယျပွတ်။ မွတ်စွာသောပုရှာလေါင်
(၇) အာ။ ဟင်ရံပအက်မက္ကောမိယ်တွင်လည်ကောင်။ အင်ကိုင်နှင် စုံ ၄၅ဝ
ကြွင်သော ၀ိယ်ကိုဝ်။တစ်ဖန်ပန်တုံရကာ။မိန်တာ်မူ
(ဂ) ဧအ်။ဇေယျပွတ်ကာအသက်လေကြီဧအ်။ အတိုထံလေသုငယ်နှင့်ထပ်
တူနိယ်ညန်ဆိုင်ငြယ်ဧအ်။ မောင်မို့ယ်လေမြယ်ဧ
(၉) အိ။ဟုရွယ်ဟင်ရံပအက်မည်သောမြို့ယ်တွင်လည်ကောင်။အင်ကိုဝ်ခပင်စုံ
၄၅ဝ ဖုန်တလှူတုံက်၊ဗိုလ်သူကြီသံဗျင်သ
၄၆
(၁၀) ဘျာ ၁။ သီကြီးဖတ် ၁။ သံင်သိရိန္ဒြစည် ၊ ဤယ်ဗိုလ်သူကြီး ၃
ယောက်သောက်။ ပတည်သောအကိုဘာကို
(၁၁) သဲရာဇာဝိကြမ် နယ်ဗ၌ ယ်၏။လှယ်တတိုင်ခံ လင်ရုယ်။ ဗိုလ်
သူကြီ ၃ ယောက်၊ အလက်စင်ဝင်ငယ်လက်၊အပေါ
(၁၂) ရင်နှစ်ပါစုံအေ ၇၅ဝ တေ။ ။ဤယာဖုန်ရသောလယ် ၇၅ဝ သောကို
ကာ။ငာသိင်မင်ကြီလေနိဗ္ဗန်ရစိယ် ချွင်ဧအိ
(၁၃) ။ငာလေ နိဗ္ဗန်အာ မချွတ်မလွယ်လျှင်ရောက်ချွင်ရကားဤယ်ငာ&သော
ကာဝ်ကြောင်ပုရှာတြာသင်္ဃာရတနာ၃ပါအာ၊အ
(၁၄) ကုန်ာ်လူးက်။ ။ ဤယ်ငာလှူသောလွဲကာ၊သာသနာ ၅ဝဝဝ လျှင်တည်
ရစ်စိယ်သတေ။ ။သကရစ် ၅၉၇ ခု။ အာသိန်
(၁၅) နှစ်။ နံကာလဆန် ၄ ချက်ကြသပတိယ်နိယ်အာ။ မင်ကြီသာမင်ကစွာရှယ်
တောင်တက်ရယ်။ အကြီယ်အညာနှိုက်တေ မ ဟာဒါ
(၁၆) န် ိယ်ခပ်သိမ်ယူလတ်တေ။ ယူလိယ်သ(နှစ်)အာ။ဇေယျပွတ်အူမဟာ
ဒါန်ပုရှာလှူသောလဲပါလိယ်ဧအ်ပါလိယ်ရကာ။ ဇေ
(၁၇) ယျပွတ်တာ်ကောင် နှိုက်နိယ်သော။ သိင်သင်္ဃာတို၌သည်။ မင်ကြီအာ
ကြာလိုက်ဧအ်၊ မဟာရစ်။ ဤယ်ဇေယျပွတ်ဧအ်။ မ
(၁၀) ဟါဒါန်ကာ။ တက္ကောင် ပုရှာလျှင်လှူခသတေဟုသော ကြာလိုက်၏။
ဤယ်သို ့ ကြာလိုက်ရကာ။ မင်ကြီလေပြညာတ်ကြီ"	high	obi-v01-n0160-ob-p0267	obi-v01-n0160	Best corpus-text overlap within parent sip-witness-012.	false	Linked through exact corpus plate citation(s): Pl. I 90. | Extracted from SIP printed pages 45-47 using the OCR page offset observed from the scanned volume. | Detected 1 inscription heading(s) inside the parent SIP witness range. | Segmented from parent sip-witness-012.	linked_source_text
sip-witness-015-seg-03	corpus-citation-target-0371	sipSelectionsPagan	luce_pemaungtin_1928_inscriptions_of_pag-da9f6d6d89b3	SIP 52-55	25	ပုဂံမြို့ရှင်ပဗောဓိဘုရားတံတိုင်းအတွင်းတောင်ဘက်ရှိ ကျောက်စာ။ | Plate CV a | List 242	Old Burmese/Burmese	source_text	"၂၅။ ။ပုဂံမြို့ရှင်ပဗောဓိဘုရားတံတိုင်းအတွင်းတောင်ဘက်ရှိ ကျောက်စာ။
(၁) ။ ။သကရာဇ် ၅၉၇ ခု ကြတိုက်နှစ်။ သိုဝ်လဆုတ် ၃ ရက်။ တန်းနှ
(၂) င် လါနိယ်ဘက် ၉ လွှာခွယ်ပုနိုင်ကူထာပနား၏။ ။ဂ ရွက်လျှင်ပြီ
(၃) ၆။ ကူထာပနာသောနိယ လျှင်ရိတွင်တူ၏။ တပိုဝ်ထွယ်လ
(၄) ဆုတ် ၁၃ ချက်သောကြာနိယ်လျှင်တန်တိုင်တည်ဧအ်။ တပေါလ်ပ္လ
(၅) ည်တန်တိုင်ပြိဧအ်။ ကူဘိုယ်ထွက်ကာတပေါင်လဆုတ် ၇ ရက်တ
(၆) န်နှင်လါနိယ်တက် ၉ လို့ခွယ်တင်၏။ ကူဆိယ်ရိယ်သကာတန်ခူလ
(၇) ဆန် ၁၀ ရွက်သုကြာနိယ်ကူပုာ ၁၄၆၁၉ ယောက်။ ဇာတ် ၅၅ဝ။
(ဂ) ၁၂ ရက်ဘန်နှင်လါနိယ်ပြိဧအ်။ ထောင်လေပြီဧအ်။ ဓမ္မသာပြီ
(၉) ဧအ်။ တျာပန်လင်ပြီအေ။ ခောင်ပေါင်ကြိယ် အပိသာ ၁ဝ၆ ပိသာ
(၁၁) ခွယ်ဇက် သွန်အေ။ ကူထွတ်ကာကြိယ် ၅၅ ပိသာခွယ်ကူထွတ်လိန်
(၁၁) သောရှယ် ၄၆ ကျပ်ဟိယ်အိ။ပုရှာလိလ်မျက်နှာသေခလိန်သောရှ
(၁၂) ယ် ၂၀။ စာသင်ညောင် ၅ ခု ပုဧအ်။ ဂျွစ်ဩက်ကုငယ်
(၁၃) လဆိယ်ရိယ် အဲ။ကျောင်တွင်ပုဆိုပုာဆိုင်။
(၁၄) ညောင် ၃ ပင်စိုက်၏။ ရိယ်ဤမ် ၃ ပါ။ သမရိဝိ
50
(၃) နန္ဒလာနယ်ကား နတ်တပ်လဆုတ် ၉ ရက်
(၁၇) သုကြာနိယ်ကာလွှတ်စက် ကွကါသိုင်လဆုတ် ၃၅
(၁၁) တန်နိုင်ငံနယ် ယာနာ၏။ ဝ ၊လက်ရာအာ
(၁၉) ခု မြသိုဟ်နှစ် ကူဆုန်လဆုတ် ၄ ၅က်တန်နှင် လာနိ
(၂၁) ငယ်မတ်ညာဏ ိစည်ကူလွှတ်မအ်လွှတသောလှူ
(၂၁) သောပုရှာကျွန်းစံရာ လွှတ် ၁၀၁တုန် ၁း ၁ ဖု
(၂၂) ရာ) ၊ရိယာအိုင်ကံ ၁။သမီအိုင်ကြောင် ၁၊ငြိမအိုရောက် ၁
(၂၃) ဒိုင်ကယ်လောင် ။ပသာသည်ာတုန်တာ ၁စည်သည်
(၂၄) ခန္ဓာ၁။စာမလုပ် ။ပန်တျာကူလာသာုဖွယ် ၁ ကုလာလင်မီ
(၂၅) ယာဒိုမာမြေါက် သားကောင်ဝုယ် နာကြောင် (စ။)
(၂၆) ငမွန် ၁ ငရောက် ၁ ငထုယ် ၁ ကုလါမိတူ ၁ သာမိပလု ၁ စည်သည်
ငပုသီ ၁
(၂၇) ရီ၁။ ။သန်ရင်မ်ပိယ်သောဖက်မမြိုင်လယ် ၅၀ တွင်ပုရှာသင်ဗုတ်တင်
(၂ဂ) စိယ်သော ၂ဝ.တ ၃၀ ကာညောင်နိယ် (က) တျာသိခင်စာစိယ်သ
တေ။သိခင်
(၂၉) (က၀) သူပိယ်ခသောပေါက်ပင် ဖလယ်သာ ၇၀ ရှိယ်ဦလယ်သာ ၂၀
အခပေါင်လယ် (ဂ)
(၃၁) ၉ဝကြည်နှင်စုံအပေါင် ၃၀၀။ ဤကာကျောင်နိယ်တတ်သာသိခင်စာစိယ်
(၃၂) အာ) ကျွန်လှူသော (ဘေ) လယ်လုံမှုစိယ်သော ၊ မင်လဝိသော
ပြင်မယ်ပုံလယ်
(၃၃) ၃၀ ၀၀၁ကောင်စာသင်ခပင်ပ္ပိယ်စာမူစိယ်သတေးနောင်ပိယ်သောမစ
ပေါင်
(၃၄) လ်၃၀၀ကာကောင်ထေရစာစိယ်သပေးလည်ကိုင်မပင်စရလဲခွယ်ရွာ၏
အနော
(၃၅) ရက်တောင်ထောင်အရပ်နှိုက်ပုံက္ကလဲဥပ လေထရစာ။ စင်ပည်ရွာအ
ရပ် ( ကျန်ဝဲသာ)
(၃၆) ကြလွင်ကစည်လဲအကြာသွာပယ်လ် ၁၀၀ ကာ ရတနာ ၃ ပါကာလူသ
တေ။ဤလဲကိုဂ်ကို
(၃၇) ပါယူသသူကာ အင်္ကဘာဘာအဝီစိအထယ်ငြယ်နစ်စိယ်သကေ။ အမျို
၇ ဆက်ပျက်8န္တိ
(၃၀) - စိယ်သတေ။ Zယ်ပုံလုံကြုံမကဖြစ်လတ္တံ့သောပုရှာက်ိုး မဖူစိယ် သ
ကေမရိယ်တွက်နိုင်သော
(၃၉) သင်္ခရာနှိုက်ပြီတွင်စိယ်သား၍အလှူကိုခံပင်သသူတို့ကာ ငာနှင့်
အကူအကိုင်ရစိယ်သကေ"	high	obi-v01-n0179-tx-p0306	obi-v01-n0179	Best corpus-text overlap within parent sip-witness-015.	false	Linked through exact corpus plate citation(s): Pl. I 105a. | Extracted from SIP printed pages 52-55 using the OCR page offset observed from the scanned volume. | Detected 2 inscription heading(s) inside the parent SIP witness range. | Segmented from parent sip-witness-015.	linked_source_text
sip-witness-001-seg-01	corpus-citation-target-0371	sipSelectionsPagan	luce_pemaungtin_1928_inscriptions_of_pag-da9f6d6d89b3	SIP 13-15	SIP 13-15	Plate IV | List 81 a	Old Burmese/Burmese	unclear	"၁၂
(၁၃) ဩက်မစ်ကွေ့နှိုက်လဲ ၃၀။ စည်သူမင်ကြီကွတ်သည်အိမ်ဘုန်သင်ကူဘု
ရာ ရွယ်ရှ
(၁၄) သလဲစလင်အရပ်ဥယန်မအရှိယ်လဲ ၁၀ တနှောင်ကြည်လဲ ၃၀ မခရာ
အရပ်သံပျင်သိယ်စ
(၁၅) ရင်တွင်လဲ ၂၀ ငလပုပ်တွင်သံပျင်ပုစရင်တွင်လဲ ၁၁၊ အပေါင်လဲ ၇ဝ။
အိမ်ပွင်
(၁၆) သင်ကူနှင်ကြေဘုရာသို့င် ယ္ခု ရွယ်လဲလှူတုမ်သော ပင်လဲလံ ၃ဝ ဥယန်ရာ
လဲကပ်၊ခံ
(၁၇) လ် ၃ဝ တျာလ် ၁ဝ အပေါင်လဲ ၇၁ စ်မင်မ်သူကြီသမန္တသူတိုင်
လှိုလ်
ချွတ်
(၁၀) ဘုရာတွင်ထောင်စလစ် ပျူရုယ်လှူတုံသောဝရင်တုတ်အရပ်ခမိုင်အင်တွင်
လ် ၄ဝ။ ဝ ။
(၁၉) ဤမျှငဝ်ညီရုယ်မူသကောင်မှုကိုဝ် မီပင်ပါသောသူကာငကိုနှင်ထပ်တူ
လျှင်ရ
(၂ဝ) စပါစေသတေ။ ဝ ။
ကျောက်စာကြောင်းရေ ၃၂ ဆုံး၏။
၁၃"					true	English index-of-plates entry extracted from the OCRed volume. | Extracted from SIP printed pages 13-15 using the OCR page offset observed from the scanned volume. | Detected 1 inscription heading(s) inside the parent SIP witness range. | Segmented from parent sip-witness-001.	uncertain_link
sip-witness-001-seg-02	corpus-citation-target-0371	sipSelectionsPagan	luce_pemaungtin_1928_inscriptions_of_pag-da9f6d6d89b3	SIP 13-15	7	စည်သူမင်းကြီး ကျောက်စာ ။ | Plate IV | List 81 a	Old Burmese/Burmese	source_text	"၇။ ။စည်သူမင်းကြီး ကျောက်စာ ။
(၁) ။။စည်သူမင်ကြီသကရစ် ၅၁ (၃) ဣမ်နှိမ်ကာ နန်မက်နေဟင်
(၂)
(င)
(၄)
မူသကာ ၃၇။]
က်တပ်အပေါင် ၆၃။မွောက်ဖက်ကိုင်တို(င်)[unclear][လည်တဝ်မူ၏။
(၅)
[unclear]
သွာတင်မူလ
ကားမူ၏အရှေ့ဖက်သွါဘပ်မူလေ၏
ကာပူ၏အနော]
[ 8 မူလတ်တုံသ
ပြန်ဟပ်မူ၏။ဝ။ဟင်္သာအရှေသော … မ်ကန်ကြီဆည်
၏။ကန်ကြီပြီ]
င်သည်အရှေ့မြင်သေချွေါင်ကိုပ်
ခရကာ။ဝ။
[ပုကံပါမဆိုင်မိ
ဂ။ ။ပုဂံမြို့အရှေ့တောင်ယွန်းအရပ်၊ ဓမ္မရံကြီးကျောက်စာ၊
(၁) ။ပြီ။နမောဗုဒ္ဓာယ။ က္ကရာဇ်။ ၅၂၇။ မြဂ
(၂) သီရ်သံဝစ္ဆေရ်နှစ်။ ပွေ့သိီလဆုတ်၁ချက် ဟန်နှင်
(၃) လာနိယ်။ ပုသျှနက္ခတ်မိနလဂါ။ ၁ ပြီ ရ် ၂ နဦ
(၄) သာအဟ်၊ အမိမရိယ်ခဖုတ်သောက္ကောက်စာ။ အ (ထာ)
ကျောက်မျက်နှာတခြမ်းပျက်စီး၍၊[ ဤကဲ့သို့ကွင်းထဲ၌ရှိသောစကားကို ကျောက်စာအုပ်မှ နုတ်ထုတ်သည်။
(၅၂) ပလတ်အရင်မှရှယ်ရိယ်ပါသော၊ က (လာန်) အိအိဖု (ဟ် ) ဟောင်
(၆) ။ကလာန်လု။သံပျာင်ဥဟ်။သံပျာင် ( ခု)န်သိဟ် ပယ် ( စု) ဘဲ။
(၇) - ဤယ်မျှသော၊သူတို ့၌ ရိယ်ရစ်သော။ ပုဟာကျွာန်ကံ
(ဂ) ကူန်ခြံ ၁။ မိယတ် ယ ုတ် ၁။ သိဟ် အိပ် ပုယ် ၁။ လာင်
(၉) လိယ် ၁။ သိဟ်အိမ်လွတ်၁။ အိအ်ခွောတ် ။ ယမလိတ် ၁။ သို့
(၁၀) ဟ်အိအိပ္ပါတ် ၁။ အိမ်မှာ ၁။ သိဟ် အိမ်ပြင် ၁။ အိမ်သွာ ။
(၁၁) ။မောင်ငာဖက်င် ၁။ မီယဟ် အိမ်လျှောက် ၁။သိဟ်အိမ်သိ
(၁၂) ဟ် ၁။အိအိချွန် ၁။ အိမ်ဟုန် ၁။ င၁န် ၁။ အိအိမွာန် ၊ သဟဲာ
၁
(၁၃) ထောယ် ၁။ ညိငာကယ် ၁။ ကွယ်အိက်စံ၊ င၁သတ် ၁။ မိယဟ်ကိ
(၁၄) အရံကြိဟ် ၁။သငာတုတ်ဖုတ် ၁။သဟ်င၁ကံ ၁။င၁၉၁။
(၁၅) ငာခုံ ၁။ငာတုန် ၁။အိမ် ပုံ တယ် ၁။ သိဟ်အိမ်ကံ ၁။လာင်္ာမှော
(၁၆) က် ၁။ သဟ်ငာတောသူ ၁။ အိဂုံ ၁။ငာကန်တုတ် ၁။အိအိ (ပုံ)
(၁၇) ကွယ် ၁။ သဟ် ၁။ အိမ်ဖေ ၁။ မောင်ာခြာသိယ် ၁။ အိမ်ရံငာ
အ
(၁ဂ) ယ် ၁။ လာင်္းဖုန္တာဝ် ၁။ သိဟ်အိမ်ကက္တိုင် ၁။ ငာခင် ၁။မိ
(၁၉) ယဟ်အိမ်ပ္ပည့်၁။ အိအိမျက်မြိယ်ကွယ် ၁။ သ္မိဟ် ၁။ ငာပြ
(၂၀) (စ်) ညာ ၁၊ ညီငာထိင် ၁။ ာလှော ၁။ ငာဆန် ၁။ မိယဟ်ယ
(၂၁) ကွယ် ၁။ သတ်ငာခရိတ်ဖုတ် ၁။ သဟော်မု၌ ၁။ ငာတိုင်
(၂၂) ၁။ အိမ်လွမ် ကွယ် ၁။ သဟ် ငာစိ၌ ၁။ သိဟ် အိက်ညိပ်"					true	English index-of-plates entry extracted from the OCRed volume. | Extracted from SIP printed pages 13-15 using the OCR page offset observed from the scanned volume. | Detected 1 inscription heading(s) inside the parent SIP witness range. | Segmented from parent sip-witness-001.	uncertain_link
sip-witness-002-seg-01	corpus-citation-target-0371	sipSelectionsPagan	luce_pemaungtin_1928_inscriptions_of_pag-da9f6d6d89b3	SIP 15-16	SIP 15-16	Plate V | List 81 b	Old Burmese/Burmese	unclear	"(၅၂) ပလတ်အရင်မှရှယ်ရိယ်ပါသော၊ က (လာန်) အိအိဖု (ဟ် ) ဟောင်
(၆) ။ကလာန်လု။သံပျာင်ဥဟ်။သံပျာင် ( ခု)န်သိဟ် ပယ် ( စု) ဘဲ။
(၇) - ဤယ်မျှသော၊သူတို ့၌ ရိယ်ရစ်သော။ ပုဟာကျွာန်ကံ
(ဂ) ကူန်ခြံ ၁။ မိယတ် ယ ုတ် ၁။ သိဟ် အိပ် ပုယ် ၁။ လာင်
(၉) လိယ် ၁။ သိဟ်အိမ်လွတ်၁။ အိအ်ခွောတ် ။ ယမလိတ် ၁။ သို့
(၁၀) ဟ်အိအိပ္ပါတ် ၁။ အိမ်မှာ ၁။ သိဟ် အိမ်ပြင် ၁။ အိမ်သွာ ။
(၁၁) ။မောင်ငာဖက်င် ၁။ မီယဟ် အိမ်လျှောက် ၁။သိဟ်အိမ်သိ
(၁၂) ဟ် ၁။အိအိချွန် ၁။ အိမ်ဟုန် ၁။ င၁န် ၁။ အိအိမွာန် ၊ သဟဲာ
၁
(၁၃) ထောယ် ၁။ ညိငာကယ် ၁။ ကွယ်အိက်စံ၊ င၁သတ် ၁။ မိယဟ်ကိ
(၁၄) အရံကြိဟ် ၁။သငာတုတ်ဖုတ် ၁။သဟ်င၁ကံ ၁။င၁၉၁။
(၁၅) ငာခုံ ၁။ငာတုန် ၁။အိမ် ပုံ တယ် ၁။ သိဟ်အိမ်ကံ ၁။လာင်္ာမှော
(၁၆) က် ၁။ သဟ်ငာတောသူ ၁။ အိဂုံ ၁။ငာကန်တုတ် ၁။အိအိ (ပုံ)
(၁၇) ကွယ် ၁။ သဟ် ၁။ အိမ်ဖေ ၁။ မောင်ာခြာသိယ် ၁။ အိမ်ရံငာ
အ
(၁ဂ) ယ် ၁။ လာင်္းဖုန္တာဝ် ၁။ သိဟ်အိမ်ကက္တိုင် ၁။ ငာခင် ၁။မိ
(၁၉) ယဟ်အိမ်ပ္ပည့်၁။ အိအိမျက်မြိယ်ကွယ် ၁။ သ္မိဟ် ၁။ ငာပြ
(၂၀) (စ်) ညာ ၁၊ ညီငာထိင် ၁။ ာလှော ၁။ ငာဆန် ၁။ မိယဟ်ယ
(၂၁) ကွယ် ၁။ သတ်ငာခရိတ်ဖုတ် ၁။ သဟော်မု၌ ၁။ ငာတိုင်
(၂၂) ၁။ အိမ်လွမ် ကွယ် ၁။ သဟ် ငာစိ၌ ၁။ သိဟ် အိက်ညိပ်
၁၉
(၂၃) ၁။အိမ် ၁။ ငာမည္ဟုတ်၁။ မိယဉ် ယိက် ၁။ အိမ်ဖုန်"					true	English index-of-plates entry extracted from the OCRed volume. | Extracted from SIP printed pages 15-16 using the OCR page offset observed from the scanned volume. | Detected 1 inscription heading(s) inside the parent SIP witness range. | Segmented from parent sip-witness-002.	uncertain_link
sip-witness-002-seg-02	corpus-citation-target-0371	sipSelectionsPagan	luce_pemaungtin_1928_inscriptions_of_pag-da9f6d6d89b3	SIP 15-16	91	Plate V | List 81 b	Old Burmese/Burmese	source_text	"၉၁။
(၂၄) - ကွယ် ၁။ အိလ်ပွေါနွဲ့ကွယ်။ အိဏ် သစ်ခောက်ကွယ် ၁။
(၂၅) - သဟ် ငာရောက် ၁။ ၄၁ ( ဆာ) က် ၁။ ငာလျောင် ၁။ မိယ
(
နံပါတ် ဂ ကျောဘက်။
(၁) ။မိယဟ်အိဝည် ၁။ ကျွယ်အိမ်ရစ် ၁။ သို့ (အိမ်) ပျတ် ၁။(အိ)ငာယ် ၁၊ဖု
(၂) တ်ငာရောင် ၁။အပေါင် ၇၃ ဟိန္အအေ။ ။(လုံကွောတ်) ပုတြာကျွာ
(၃) န်။ငာကွောမြင်။ မိယာအိအိတုန် ၁။သာ ငဝံ၉။ဧစ်လိပ်င
(၄) တိုင်။ ဂီတာကူ။ ငာပဌ် ဖုတ်။သာာပမြို့။ စီတာပေါဌ်။ငာဖွာ
အ
CO
(၅) ဝ်။သို့အိမ်ထေည် က္မယ်။ သို့အိအ် (ဖ) က်။ အယ ်မိထုယ်အိမ်၌
(၆) ယ်။ အိမ်ရွယ်။ ီမအိမ်စေည်။ ငာမြင်။မိယာအိမ်ရောက်
(၇) ။သာသာ။.ငာကြည်။ ငငြိမ်။နှမအိအိကြ။သ္မီအိဘ်
(ဂ) ကူ။ငတမုံ။ မိယာအိအိစို့။ ညီမအိအိကိုပဟ်။အိမ်ပွါ
(၉) ်ကွယ်၊ငာတွောန်။ယာ အိက်န္တာယ်။သမိအိမ်မြုတ်
(၁ဝ) ပန္လဟ်။ မအိရံ။ အိမ် ဆုန်းမောင်ငာဆုငိငာဆီ
(၁၁) င်။င၁၂။မိယာအိမ်ခောရန်။သငားထောင်။ဩ
(၁၂) င်းတာကြိမ်။ ရိယာတိ႔ သိုကိတ်ပန်။ငိမအိအိထွ
လအ
(၁၃) န်။မောင်ငာဦင်။ဝီစာင်။ငိတာလောက်။ဝီတာချ"					true	English index-of-plates entry extracted from the OCRed volume. | Extracted from SIP printed pages 15-16 using the OCR page offset observed from the scanned volume. | Detected 1 inscription heading(s) inside the parent SIP witness range. | Segmented from parent sip-witness-002.	uncertain_link
sip-witness-003-seg-02	corpus-citation-target-0371	sipSelectionsPagan	luce_pemaungtin_1928_inscriptions_of_pag-da9f6d6d89b3	SIP 19-20	10	ပုဂံမြို့အရွှေတောင်ယွန်း၊ စူဠာမဏိကျောက်စာ၊ | Plate X a | List 123a	Old Burmese/Burmese	source_text	"၁၀။ ပုဂံမြို့အရွှေတောင်ယွန်း၊ စူဠာမဏိကျောက်စာ၊
(၁) ၊ ၊နမႈသဗ္ဗညာယ၊ ၊သကရစ် ၅၄၅ ခုစိဿနှစ်
(၂) တန်ဆောင်မှုန်ညွှန် ၃ ချက်ကြာသပတေနေအာစိက္ခုတ်ကွန်ထက်
(၃) တော်တေနိယ်အရောင် သိုဝ်ဟောက်ပစွာ မသောနက်နှင်ဟူသော စည်
သူမင်ကြီ
(၄) သည်ကာ အရှေ့ရင် သိုဝ်ထွက်တ်မူလတ်သော အခာနှိုက်လျှင် ထို
တောက်သည့်
(၅) မိလေါဟု ခေတ်မှ၏၊ သူမျာတိုင်ကာ မီဟု ရုယ်နာတီပျောက်၏ မင်ကြီ
(ကာ)ပ
တ္တမြါတောက်စသအမှတ်ကို သိတ်မှရုယ်ဆ(င်)တီပွန်လတ်ရုယ်သြ၍
အရ
(၇) ပ်ကာ မွတ်စွာတကာဟုဆိုဝ်တ်မူရုယ်ကူတ်အ (ရာ) နင်ခ၏ နှင်မြီမှလျင်
ထွ
(ဂ) ဓွင်ရုယ်ထာမနာ၏ကုတ်အရာလေတွေ၏ကူတ်တဆင်8ကလျှင်။ ဩဖုရာ
(၉) လေဠုတ်မှရုယ်ပြိ၏ထိုင်ပြီမှလျှင်အထက်တဆင်ဂျွတ်မှတုံဧပြီ၏
(၁ဝ) ထိုင်ပြီမှလျှင် အထက်ဖုရာပျွတ်မူသည်ပြီဟူ မင်ကြီကို နာတိလျောက်
(၁၁) ၏ (မင်) ကြီကုတ်တွင် ဝင်ရွှေဖုရာရွှေနတ်မူသအခာနှိုက်လျှင်မဟာ
၁၉
(၁၂) ကြီ) ကိုဝ်ခပ်တီမူရယ် ရေစင်တဲ့ ချွ သက္ကာ သာသနာ ၅၁ဝဝ တေရစ်စိမ်
သော
(၁၃) ငှာမျှောလှူခသလ်ကာပင်ခရိုန်တွင် ၁၇၁ ပဲ။ စာကြောင်း ၄ဝ ဆုံး၏။"					true	English index-of-plates entry extracted from the OCRed volume. | Extracted from SIP printed pages 19-20 using the OCR page offset observed from the scanned volume. | Detected 2 inscription heading(s) inside the parent SIP witness range. | Segmented from parent sip-witness-003.	uncertain_link
sip-preface-overview	corpus-citation-target-0371	sipSelectionsPagan	luce_pemaungtin_1928_inscriptions_of_pag-da9f6d6d89b3	OCR pages 1-10	Preface	edition preface	Burmese/English front matter	commentary	"[[OCR page 1]]
UNIVERSITY OF RANGOON
DEPARTMENT OF ORIENTAL STUDIES
PUBLICATION No. 1
SELECTIONS FROM THE INSCRIPTIONS OF PAGAN
BY
PE MAUNG TIN
AND
G. H. LUCE.
ဘေမောင်တင် နှင့် ဂျီအိပ်လုစ်
ကောက်နက်စိရင်သော
ခုဂံကျောက်စာညွှန်ပေါင်း၊
RANGOON:
BRITISH BURLA PRES.
192.
[[OCR page 2]]
နိဒါန်း။
၁။ စာအုပ်သည် တွေ့ရှိရသမျှ မြန်မာဘာသာ အဟောင်းဆုံး ကျောက်စာ
များမှရွေးချယ်၍ကျောက်ပေါ် မှာပါရှိသည့်အတိုင်း ပုံနှိပ်ထားသည့်စာအုပ်ဖြစ်ပါသည်။
သို့ရာတွင်၊ စာလုံးအက္ခရာများကိုကား ယခုကာလသုံး ပုံနှိပ်စာလုံးနှင့်ပင်ပုံနှိပ်ပါသည်။
အခြားကျောက်စာစာအုပ်များမှာ၊ကျောက်ပေါ်တွင် မထင်မရှားဖြစ်နေသည်နေရာ၌၊
ရွှေနောက် စကားတို့ကို ထောက်ထားသောအားဖြင့် မည်သည့် စာလုံးများ ဖြစ်သင့်
သည်ဟု အထက်သိနိုင်သည့် စာလုံးတို့ကို [ ] ဤကဲ့သို့သော ထောင့်ကွင်းဖြင့် ကွင်း၍
ပြီးလျှင်၊ အတက်ကား မသိနိုင်ဘဲ ထင်မြင်ချက်မျှသာ ရရှိသော စာလုံးတို့ကို (
ဤကဲ့သို့သော ကွင်းပိုင်းဖြင့် ကွင်း၍ ပြထားသည်။ ဤစာအုပ်မှာကား၊ သိပ္ပံကျောင်း
သားများ သင်ကြားရန်အတွက် ထုတ်သော စာအုပ်ဖြစ်၍ ( ) ဤကွင်းပိုင်း တပျိုး
တည်းဖြင့်သာပြထားပါသည်။
၂။ မြန်မာ ကျောက်စာဟောင်းများကို ကျောက်စာရုံးဌာနက စာအုပ်ကြီး
ခြောက်တွဲစီစဉ်၍ပုံနှိပ်ပြီးဖြစ်၏။
၎င်းတို့သည်အောက်ပါအတိုင်းဖြစ်သည်။
(၁) ၁၉၉၂ ခု၌ပုံနှိပ်သောပုဂံ၊ ပင်းယ၊အင်းဝရှိကျောက်စာများ (မာတိက
၌-က-ဟူ၍ ညွှန်ပြသည်။)
(၂) ၁၈၉၇ ခု၌ပုံနှိပ်သောမန္တလေးမြို့မဟာမုနိတန်တိုင်းတွင်းရှိ ကျောက်
စာများ။ပဌမတွဲ (ကာ)
(၃)
၄င်
ဒုတိယကွဲ (ကိ)
(၄) ၁၉၀၀ ခု၌ပုံနှိပ်သော အထက်မြန်မာနိုင်ငံမှ စုရုံးထားသည့် ကျောက်
စာများ။ပဌမတွဲ ( ကိ)
၂။ ဒုတိယတွဲ (ကူ)
(၅) ၁၉ဝ၃
(၆) ၁၉၁၃ ခု၌ ပုံနှိပ်သော အမရပူရပဌမမြို့တည် ငြိမးတရားကြီး သောင်
ယူရုံး ထားခဲ့သော အမရပူရမြို့ ပုထိုးကြီးဘုရား အရံအတွင်းရှိ
ကျောက်စာများ။( ကူ။ ။)
[[OCR page 3]]
J
နိဒါန်း။
သို့ရာတွင် ၎င်းစာအုပ်ကြီး များကို ပုံနှိပ်စဉ်အခါ ပုံနှိပ်ရာ၌ အလိုရှိအပ်သည့်
ကရိယာများ မပြည်စုံသည့်အတွက် ကျောက်စာ၌ ပါသည့်စာလုံးပေါင်းစပ်ပုံ အထူး
အဆန်းများကို အားလုံးလိုလိုပင် ကျောက်စာမှာ ပါသည်အတိုင်း ပြနိုင်ဘဲ ကာလ
သုံးစာလုံးပေါင်းဖြင့်သာပြထားသည်။
၃။ ကျောက်စာများကို နဂိုရ် အတိုင်း ဘော်ပြ၍၊ ရှေးကပုံနှိပ်ဘူးသော စာ
စောင်များမှာလည်း၊ ရောမ အက္ခရာစာလုံးဖြင့်သာ ပုံနှိပ်ကြ၏။ ၎င်းစာစောင်များ
မှာ၊ကျောက်စာဌာနဂျာနယ်နှင့်မြန်မာသုတေသနအသင်းဂျာနယ်များဖြစ်ကြ၏။
၄။ အဆိုပါ စာအုပ်ကြီးခြောက်အုပ်၌၊မြန်မာပြည်တွင် စုဆောင်းထားရှိသည့်
ကျောက်စာဟောင်း အမြောက်အမြား ပါဝင်၏။ သို့ရာတွင် စီစဉ်ပုံမှာ အချို့နေရာ၌
သက္ကရာဇ် အစဉ်အတိုင်းစီစဉ်၍၊ အချို့နေရာ၌ အရပ်ဒေသ နီးစပ်ရာ အစဉ်အတိုင်း
စီစဉ်ထားသည့်အတွက် အပြစ်တင်ဘွယ်ရာမလွတ်ဖြစ်၍နေ၏။ ၎င်းပြင် အချို့နေရာများ
၌ မူလထိုးနှင့် ဆင့်ထိုးစပ်ထိုးတို့ကို စာမျက်နှာချင်းဆိုင် ယှဉ်ပြိုင်ပုံနှိပ်၍ထား၏။ ၎င်း
ဆင့်ထိုးစပ်ထိုးများကို သေသေ ချာချာ ဂဃဏန မစစ်ဆေးဘဲ မယုံကြည်ထိုက်ချေ။
ဤစာအုပ်မှာမူကား၊ ပဌမနံပါတ်ဖြစ်သော အနော်ရထာ ကျောက်စာဟု ခေါ်သော
မူလထိုးကျောက်စာမှတပါး၊ အားလုံးသော ကျောက်စာများသည် မူလထိုးဖြစ်သည်
ဟု ကျွန်ုပ်တို့ယုံကြည်သည်။ ထို ့ကြောင့် အချို့ကျောက်စာများကို အလွန်တရာ ဘတ်
ရှုဘွယ်ကောင်း၍ ဟောင်းပင် ဟောင်းသော်လည်း၊ မူလထိုးမမှန်ဟု ကျွန်ုပ်တို့ အယူ
ရှိသည့်အတွက်၊ ဤစာအုပ်ထဲမှာမသွင်းဘဲ ခြွင်းချန်ထားခဲ့ရသည်။ ထိုကျောက်စာစုမှာ
မန္တာဟု ခေါ်သော ကျောက်စာနှင့် နရပတိစည်သူဟု ခေါ်သော ကျောက်စာများ
ဖြစ်ကြ၏။
၅။ ပုဂံပြည် ကြီးကျယ်စဉ် အခါက ထိုးစိုက်ခဲ့သော ကျောက်စာများသည်
ရာပေါင်း များစွာရှိ၏။ သို့သော်လည်း ၎င်းတို့အထဲက ဦးစွာပုံနှိပ်ရန် အကောင်းဆုံး
တို့ကို ရွေးချယ်၍ အနည်းငယ်ကိုသာ ကျွန်ုပ်တို့ ဤစာအုပ်တွင်ပုံနှိပ်ရပါသည်။ ဤကဲ့သို့
ရွေးချယ်ရာ၌လည်း အားလုံးကုန် သေချာစွာ စိစစ်ပြီးမှ အချို့ကို အကြောင်းအရာအ
တွက်ကြောင့်၊ အချို့ကိုစာအသွားအလာနှင့် စကားဝေါဟာရအတွက်ကြောင့် ရွေးချယ်
ရပါသည်။ ဤကဲ့သို့ ရွေးချယ်ပြီးလျှင် စီစဉ်ရာ၌လည်း သက္ကရာဇ် အစီအစဉ်အတိုင်း
မှန်ကန်စေသည့်ပြင် ပုဂံရာဇဝင်ထင်ရှားအောင် စီစဉ်ပါသည်။ ဤကဲ့သို့ပြုလုပ်ရခြင်းမှာ
လွယ်ကူသည်မဟုတ်ပါ။ အကြောင်းမူကား၊ ရာဇဝင်ကျမ်းများနှင့် စပ်ထိုးကျောက်စာ
များ၌ နရပတိစည်သူဟု ခေါ်သော ဒုတိယစည်သူ၏ လက်ထက်မှစ၍သာ၊ မြန်မာ
ဘာသာ ကျောက်စာ အမြောက်အမြား ပေါ်ပေါက် လာသည်။ ၎င်း၏အထက်ကာ
လကား၊ ရာဇဝင်ကျမ်းနှင့် စပ်ထိုး ကျောက်စာများ၌၊ ကျန်စစ်သားဟု ခေါ်သော
[[OCR page 4]]
£ဒါနီး။
ကလန်စစ်သား ကျောက်စာများမှာ တလိုင်းဘာသာနှင့်ရှိ၍၊ ရာဇဝင်ကျမ်းနှင့် စပ်ထို
ကျောက်စာများ၌ အလောင်းစည်သူဟုခေါ်သော ပဌမစည်သူ၏ ကျောက်စာများမှာ
ပါဠိဘာသာဖြင့်ရှိလေသည်။
၆။ မြန်မာဘာသာ ကျောက်စာ ရေးထိုးခြင်းသည် ဤကဲ့သို့ဇနာက်ကျသော်
လည်း အလွန်လျင်မြန်စွာ တိုးတက်လာလေသည်။ ဤအချက်သည် ယခုစာအုပ်တွင်
စီစဉ် ပုံနှိပ်ထားသည့် ကျောက်စာများဖြင့် ထင်ရှား၏။ ၎င်းကျောက်စာများ၌ များ
သောအားဖြင့် စေတီပုထိုးတို့အား ဝတ္တက်မြေလှူသည့် အကြောင်းအရာစုကိုသာဘော်
ပြ ထားသော်လည်း၊ စကားဝေါဟာရ အသုံးအနှုန်း အလွန်ကြွယ်ဝ၍ ပြောပြ လို
သည့်အနက်အဓိပ္ပါယ်တို့ကို အနည်းနည်း အဖုံဖုံဘော်ပြနိုင်လေသည်။ ယခုအခါလူအ
များတို့သည် နောက်ဆရာတို့ချဲ့ထွင် ဖွဲ့နွဲ့ထားသည့်စာတို့ကို လေ့လာ ဘတ်ရှုနေကျ
ဖြစ်သည့်အတွက်၊ ဤစာအုပ်ပါ ကျောက်စာများကို ဘတ်ရှုသောအခါ၊ စာအစီအကုံး
အသွားအလာ ငုံးတိတိနေသည်ဟု ထင်ကောင်း ထင်ကြပေလိမ့်မည်။ သို့သော်လည်း
စကားအသွားအလာမှာ ပြောလိုရာ အဓိပ္ပါယ်ပြည့်စုံရုံ ရိုးရိုးသားသား ပြောခြင်းနှင့်
ပြောလိုရင်း အဓိပ္ပါယ် မှန်ကန် ထင်ရှားခြင်းတို့ အတွက်၊ ကျောက်စာများကို ချီးမွမ်း
ကြလိမ့်မည်ထင်ပါသည်။ ၎င်းပြင်၍စာအုပ်ပါကျောက်စာများကို ဘတ်ရှုခြင်းအားဖြင့်
ရှေးကျကျောက်စာများထက် နောက်ကျသော ကျောက်စာများက အဖွဲ့အနွဲ့ မည်ကဲ့သို့
ပိုမိုထည့်သွင်းလာသည်တို့ကို တွေ့ရှိနည်းယူပြီးလျှင်၊ ယခုကာလ မြန်မာစကား ပြင်ရေး
သားရာမှာ စကားဟာနေသည့်နေရာတွင် ကောင်းစွာ လုံလောက်အောင် ဖြည့်စွက်နိုင်
ခြင်းအကျိုးရှိမည်ဖြစ်၏။
၇။ ရှေးမြန်မာ စာဟောင်းနှင့် ယခုမြန်မာစာတို့သည် စာလုံးပေါင်း သတ်ပုံ
သတ်ညွှန်းများစွာမခြားနားလှ။ ကလိုင်းစာဟောင်းနှင့် ယခုတလိုင်းစာတို့ကဲ့သို့ မဟုတ်
ချေ။ သို့အတွက်ဤစာအုပ်ကို ဘတ်ရှုသောသူတို့မှာ များစွာဒုက္ခဖြစ်ဘွယ်မရှိဟု ထင်မြင်
၏။ခြားနားသည့်အချက်အချို့တို့မှာအောက်ပါအတိုင်းဖြစ်သည်။
(၁) အောက်မြစ်နှင့် ဝိသဇ္ဇနီကိုအသုံးမပြုခြင်း။
6 to
အစား ိယ်ကိုအသုံးပြုခြင်း။ ဥပမာ၊ ပိယ် = ပေ။
။
။
+ အစား ၊ ယ်
+ ယ်
(၄) . ယပင့်ကို အသုံးနည်းခြင်း။ ဥပမာ၊
(၅) အဆင့်စာလုံးဆန်းခြင်း ။
ချယ် = ခွေ။
ပန် ခီ … ပန်း ချီ ။
။
=
ထောင် = ကျောင်း
ရွောက် = မြောက်
ဆန် ကလန်
[[OCR page 5]]
၈။ ဤစာအုပ်ကို ဘတ်ရှုသောအခါ အဓိပ္ပါယ်မထင်ရှားသည့် နေရာများ၌၊
ကျောက်စာအဘယ် မှားသွားဟန်တူသည်ဟု ထင်မြင်ဘွယ်ရှိ၏။ ထိုကြောင့်ပျက်ယွင်
နေသားကျက်ပျာဉ်ဖြစ်စေ၊ ကကချက်တိုး)ားသော ကျောက်စာမျာ
ဖြစ် အမှားယွင်းတတ်သည် အောက်ပါအချက်များကိုသာ ကြာမျိုး
အတူယိုးမှား ကွဲပြား၍ ပြသလျက်ရ
0100
ဂ။
ကျင့်ရာ။
နှင့်။
ာနှင့် ရ။
ကချောင်းဆွဲနှင့် ၁ ဂဏန်းများဖြစ်ကြ၏။
၉။ ဝိနည်းဓိုရ် ဘုရားနံရံ၌ ရေးထားလျက်ရှိသော မင်စာများကို ယခုပဌမပုံ
နှိပ်ခြင်းဖြစ်၍၊၎င်းတို့ကိုဦးစွာဘတ်ရှုကြရန် သင့်လျော်သည်ဟုလင်မြင်၏။ ဤကဲ့သို့သော
စာများကို ယခုထက်တိုင် မြန်မာဘာသာနှင့်ဖြစ်စေ၊ တလိုင်းဘာသာနှင့်ဖြစ်စေ၊
မြောက်အမြားတွေ့နိုင်သေးသည်။ ၎င်းမင်စာတို့ဖြင့် အထူးဘော်ပြသည့် အကြောင်း အ
ရာများကား၊ ရှင်ဂေါတမ၏ ဘုရားမဖြစ်မီနှင့် ဖြစ်ပြီးအတ္ထုပ္ပတ္တိ။ ရဟန္တာများ၏ ရှေးရှေး
ဘ၀အတ္ထုပ္ပတ္တိ။ နှစ်ကျိပ်ရှစ်ဆူသောဘုရားတို့၏ ဗျာဒိတ်ခဏ်းနှင့်ဗောဓိပင်။ ၅၅၀ ဇာတ်
ဝတ္ထု၊ အထူးသဖြင့် ဇာတ်ကြီးဆယ်စောင်။ ကဉ္စိပူရ၌ သီတင်းသုံးနေသော ရှင်ဓမ္မပါလ
ရေးသည် ဝိမာနဝတ္ထု။ သုတ္တန် အမျိုးမျိုး ဟောကြားခြင်း။ သိရိဓမ္မာ သောကမင်း
အတ္ထုပ္ပတ္တိနှင့် သီဟိုဠ်ကျွန်းသို့ ရှင်မဟိန္ဒူကြွရောက်သည့် အကြောင်းအရာစသည်တို့ဖြစ်၏။
၁၁။ အထက်ပြညွှန်ခဲ့သည့် စာအုပ်ကြီးခြောက်တွဲ၌ ပါရှိသောကျောက်စာများ
ကို သက္ကရာဇ် အစီအစဉ်အားဖြင့် စာရင်းစာအုပ်တခု ထုတ်ထားသည် ဖြစ်သောကြောင့်၊
ပစ္စတာ ဒူရိုဒယ်သည် ရှေးကျသည့် မြန်မာကျောက်စာ ဟောင်းများကို သင်ကြားဘို့ရာ
ကျေးဇူးတခု ပြုခြင်းဖြစ်လေသည်။ ၎င်းစာရင်းစာအုပ်၌ ဘော်ပြထားသည့် နံပါတ် က
ဟိုင်းယခုစာအုပ်၌ပါသည့် ကျောက်စာများကို ညွှန်လိုက်လျှင် ကိစ္စပြီးစီးနိုင်၏။ ဤကဲ့သို့
ညွှန်ပြသည့် နံပါတ်ကိုကြည့်ရှုခြင်းအားဖြင့် လိုရာကျောက်စာ၏ အကြောင်းအရာကို ၁
နိုင်သည်။ ၎င်းစာရင်းစာအုပ်မရှိသောသူတို့အကျိုးငှါ ဤစာအုပ်၌ပါသော ကျောက်စာ
များကို မာတိကာအဖြစ်ဖြင့် သီးသန့်ထည့်သွင်းလိုက်ပါသည်။ ၎င်းမဟိကာ၌ပါသည့်အ
[[OCR page 6]]
Fol
ကြောင်းရှာရင်းစာအုပ်၌ ညွှန်ပြထားသည့် နဝါက်၊ ကျောက်စာမ
ကြီးခြောက်တွင်ဖြစ်စေ၊ အခြားစာစောင်များ၌ ဖြစ်စေပါသည့် စာမျက်နှားကျောင်
မူလဌာနနှင့် ယခုဌာနများဖြစ်သည်။ ဤစာအုပ်၌ အချို့ကျောက်စာများကို ၂
ပြည့်အစုံပုံမနှိပ်ဘဲ ခြွင်းချန်ထားပါသည်။ ချွန်ထားသည့်အချက်မှာ ဘုရားကျွန်တို့၏ အ
မည်များဖြစ်၏။ ၎င်းတို့သည် များများပြားလှသောကြောင့် စာမျက်နှာ များ
ခြင်းပါချန်ထားရသည်။အချို့နေရာများ၌ဤကဲ့သို့သောဘုရားကျွန်၏အမည်များကိုထည့်
သွင်းထားသည်မှာ ၎င်းအမည်များ၏စာလုံးပေါင်းထူးဆန်းသည်အတွက်နှင့် တစ်
မှတ်ဘွယ်အတွက်ဖြစ်၏။
10
ဤစာအုပ်ကို ပြီးမြောက်အောင် ရွက်ဆောင်ရာ၌ များစွာကျေးဇူးပြုသော
ကျောက်စာဝန်မင်း မစ္စတာ ဒူရိုငယ်ဖြစ်၏။ ကျောက်စာဝန်မင်းသည် ပုဂံ၌ ရှိသမျှ
ကျောက်စာများကို အလိုအတိုင်း ဘတ်ရန်နှင့် ကူးယူရန် အခွင့်ပေးသည့်ပြင်၊ လိုင်
သောကိစ္စလွယ်လင့်တကူပြီးစီးစေရန် မိမိငယ်သားများကို ကူညီစေခြင်း။ တည်းခိုရန်
ရာဌာနပေးခြင်းစသည်တို့ကို ပြုလုပ်စောင်မပေးသည့်အတွက် ဤစာအုပ်ကိုတည်းဖြတ်
သူ ၂ဦးတို့ကများစွာကျေးဇူးတင်ပါသည်။
ဗြိတိသျှဘားမား စာပုံနှိပ်တိုက်ကလည်း ယခုကျောက်စာအုပ်ကို ပဌမဦးစွာ
ပုံနှိပ်ရာတွင် ခဲယဉ်းသည့်စာလုံးများကို မရ ရအောင်ပြုလုပ်ပေးသည့်အတွက် ၎င်းတိုက်
ရှင်နှင့် ဆိုင်ရာအလုပ်သွားများကိုလည်း ကျေးဇူးတင်ကြောင်း။ ဤကဲ့သို့ရှေးဟောင်းစာ
ပျားကိုပုံနှိပ်ထားသည့်အတွက် ၎င်းကိုဘတ်ရှုသူတို့မှာ၊ မြန်မာပြည်နှင့် မြန်မာလူမျိုးတို့
၏ရှေးရှေးဖြစ်သော အခြေအနေအကြောင်းအရာတို့ကို ကောင်းစွာသိရှိနိုင်ကြမည်ဖြစ်
၏။ ကမ္ဘာတဝှမ်းလုံးရှိ ယဉ်ကျေးသည့်လူမျိုးဟူသမျှတို့သည်၊ မိမိတို့တိုင်းပြည်နှင့် မိမိတို့
လူမျိုးများ၏ ရှေးရိုးဖြစ်သည့် အခြေအနေ အကြောင်းအရာ၊ ရှေးဟောင်း ပညာများ
တိမ်ကောပပျောက်၍ မသွားစေရန် အထူးဂရုပြု၍ စုံစမ်းရှာဘွေ စုဆောင်းနေကြသည်
ခေတ်သမယကြီးဖြစ်၏။ ၎င်းပြင် ဤကျောက်စာများသည် ရှေးနှစ်ပေါင်းများစွာကပင်
မြန်မာစာ အရေး အသား အသုံးအစွဲ ရှိကြောင်းကို ထင်ရှားစေသည့် အဟောင်းဆုံး
သော သက်သေခံကြီးတခုလည်းဖြစ်၏။ သို့ဖြစ်သောကြောင့် မြန်မာရှေးဟောင်းအ
အနေ အကြောင်းအရာတို့ကို ကောင်းစွာသိရှိစေနိုင်မည့်ဤကျောက်စာ စာအုပ်ကြီးကို
အထူးဆေးဟုတ်၍ ကြည့်ရှူကြစေကုန်သတည်း။
[[OCR page 7]]
နပါတ်
ကြောင်းရေ
အသစ်ထပ်မံပြင်ချက်များ။
ပြင်ချက်
၃၁
ကာကာ
PP
လံသိုဝ်က
၃၀
စိမ်ရပိတ်
GO
(၄၀) သူတ်
၄၂
စဇိဝ်တေ၊ ဝ ၊သ္မီကုန်၊ တလုယ်၊ စရိ၌မက်၊ ကူမယ်၊
စပုမေ
၄၄
၅
ကြံမဖတ်သို့
။
၂၃
။ငာအလှူကို
စာမျက်နှာ မှတ်စု ၇
၁၆၅
ဂေါနာကိုမ်ရိယ်သို့ပန်— (ခ)
စာမျက်နှာ ၁၇၂ နံပါတ် ၂၁ ကြောင်းရေ ၂၂ နှင့် ၂ ၆ ပြင်ချက်များကို အရေးမယူသင့်။
11 ၁၇၃
၂၅
။
၂၇ ပြင်ချက်ကို ပန်ရင်ဒီပိယ်သော ဟုဘတ်ပါ။
။
၁၇၆
၃၃
သမ်ထိုင်လယ်’ဟုဘတ်ပါ။
၁၇၇ ။ ၃၆
၁၄
(၂၂) က်--ဟုဘတ်ပါ။
။
၁၆၉။
၁၅
။ ၃၅
၂၁
မုနွှယ်ခါ…ဟုဘတ်ပါ။
11
၅ နှင့် ၉ ပြင်ချက်များတွင် ကွင်းဝိုင်း၌ ပါသော
စကားစုများသည် နံပါတ် ၃၁ ကြောင်းရေ ၁၁ နှင့် ၁၄ မှ ဖြည့်ယူသော စကားစုများ
ဖြစ်သည်။
[[OCR page 8]]
မာတာ။
ကျောက်စာအုပ်ကြီးခြောက်
အုပ်၌ဖြစ်စေ၊ အခြားစာ
ဆောင်များဖြစ်စေပါသည့်
စ၁က်နှာ၊
နံပါတ်။ကျောက်စာတည်မှ
မူလတည်ရာဌာန။
ကျောက်စာစာရင်း၌
ညွှန်ပြထားသော
နံပါတ်။
ယခုတည်ရာဌာန။
လက်သည်းရှည် ဘုရား ကျောက်
၃
ပုထိုးတော်ကြီး၊အမရပူရ..က
စား ပုဂံမြို့။
၂။ စောလူးမင်းကျောက်စာ၊
၃၂
90
၃။ ပရိးထီးလှိုင်ရှင် ဘုရား ကျောက်
လှည်းလက်ဘုရား ကျောက်
၈။ တေန်းကြီး
၅။ မြစေတီဘုားကျောက်စာ၊ ပုဂံ၊
(၅) တိုင်းချွတ်ဘုရား ကျောက်စား ပုဂံ
မြို့အရှေ့ပြင်ရပ်၊
၇။ စည်သူမင်းကြီးကျောက်စာ၊
၁။ ဓမ္မရံကြီးကျောက်စာ၊ပုဂံ၊
88
၉။ နားတောင်းတပ် ဘုရားကျောက်
စာ၊စူဠာမဏိဘုရားမြောက်၊ ပုဂံ၊
၁။ စူဠာမဏိ ကျာက်စာ၊ ပုဂံ၊
၁၁၊ ကူနီဘုရားကျောက်စာ၊ ပုဂံ၊ ဓမ္မရံ
ကြီးဘုရားတောင်
၁၂။ အမက်ကြီးသူရာဇ်ကျောက်စာ၊
၉၇
၁၁၃
၁၂၃
၅၁၊ ၅၂
ပုဂံတိုက်
၅၁၃
။ ( ကျောက် ၅၇၊)
53-10
၂၁၃-၂၁၁၊ကျောက်စာ
ဌာနာနယ်တွဲ ၁ ပိုင်း
က ၁၃၇၉ ၁၃၈
ပုထိုးတော်ကြီး အရေပူရ ကူ ၂၀
ပုဂံအရှေ့တောင်ယွန်း
(မြောက်မုတ်ဆောင်။ )
ပုဂံပြတိုက်(ကျောက်၅၆) ကို ၁၇၃
ပုဂံအရှေ့တောင်ယွန်း က ၁၄၅–၁၄၆
ပုဂံပြတိုက်(ကျောက်၁၂၃) က ၁၅ဝ-- ၁၅၂။ သုတေ
သနဂျာနယ်တွဲ ၆ ပိုင်း
၁ စာမျက်နှာဂဂ-၉ဝ
၁၄၆
၁၃။ ဓမ္မရာဇိကဘုရားမင်စားပုဂံ၊
ပုထိုးတော်ကြီး၊ အမရပူရ က္ခ ၃၉
၄၉
အနောက်ဖွားစောရွာ ကီ ၃၃၂
(အနောက်စေတီ )
၁၄။ သံရင်ကောင်ဘုရား ကျောက်
မဲာ၊ပုဂံမင်္ဂလာစေတီမြောက်။
၁၆၁
၁၅။ ခေမာဝရဘုရားကျောက်စာ၊ ပုဂံ
၂၇၃
ပုဂံပြတိုက် ( ကျောက်၅၁ ) ကိ
၅ က ၁ဝ၉- ၁
၁၇၄
အရှေ့မြောက်။
၁၆။ မဟာထီးဘုရား ကျောက်စာ၊ ပုဂံ
၁၇၄
မင်္ဂလာစေတီမြောက်။
၄၉။ ကီ ၁၇၆
ခြွင်းတောင်း
ဇ။ ဘုရားရပ်စောက်မစား။
၁၇။ စောရဟန်းသိမ် ကျောက်စာ၊ တူစာရင်း၌မပါ။
၁၉။ လေးမျက်နှာဘုရားကျောက်စာ။
တူရွင်းတောင်။
ုမနှိပ်ဘူးသေး။
၁၈၇
၁၉၆
ညောင်ဦး
၃၃၉- ၃၃၄
လေး ထောင်ကန်၊ မင်းနှံသူ က ၂၂၄– ၂၂၆
ရွာ။
[[OCR page 9]]
မာတိကာ။
ပေးဆက်စာစာရ
ညွှန်ပြထားသော
နံပါof
ယခုတည်ရာဌာန။
ထက်နင့်ကြီးခြောက်
ဖြစ်အခြားစာ
ဖြစ်စေပါသည့်
၈၁ရက် ၁။
၁
ပုဂံပြတိုက်(ာက် ၄၆) ကို ၁၉၁၅
ပုဂံသာသားမြောက်
Jup
၂ဝ
အဖွါးရေးရွာ၊ ပုဂံ
ရွှေတောင်း၊
၂၂။ တောက်စား၊
၂၃။ လေးမျက်နှာ ုရား မာက်စာ၊
ပုဂံစူဠာမဏိဘုရားမြောက်၊
၂၄။ စေးလှဝန်းဘုရား ကျောက်စား
ပုဂံ။
၂၅။ ရှင်ပင် မာမီယူရား ကျောက်စာ၊
ပုဂံး၊
၂၆။ ကူနီဘုရားကျောက်စာ၊ ပုဂံအရှေ
တောင်ယွန်းမြောက်
၂၇။ အိမ်ရာကျောင်းကျောက်စာ။
၂၀။ ရှင်ပင် ဗောဓိ ဘုရား ကျောက်စာ၊
2 5 5 & 6
၂၆၃
ပုဂံပြတိုက်(လျှောက် ၄၅) ကို ၁၉၃၁၉၄
ကိ၉၅-၁၉၇
၁၅၇
1357-000
ပုဂံ၊
၂၉။ ရှင်မဟာ ကဿပ ကျောင်း
120
ကျောက်စာ ပုဂံ
၁၀။ စာလဂူ
ခြင်း ကျောက်စာ၊
PPP
ငှက်ပစ်တောင်းဧညာင်ဦးမြို့။
စေတီနံပါတ် ၀၁၂
ညောင်ဦး။
၃၁၊ ဇာမနာ ကျောင်း ကျောက်စ၊
လေးထောင့်ကန်၊
299
၃၂။ မင်းသမီး အစာပြွမ်း ဘု ရား
ကျောက်စာ၊ လေးထောင့်ကန်၊
၃၃။ သမ္ဘူ ဘုရားဧကျောက်စာ၊ မင်း
နဘုရား
၃၄။ ရွှေဘုံသာဘုရားကျောက်စ၊အ၁
နန္ဒာဘုရားတောင် ပုဂံ၊
၃၅။ စားပွဲမှောက်ဘုရား ကျောက်စာ၊
မင်းခုံသူရွား
၃၆။ ဆင်ခြံဘုရားကျောက်စာ၊ပုဂံဘွား
စောရွာနောက်။
၇၆
902
၆၃
၁၄ ၁၉၅
mangyong
လေးယောကန်၊မင်းနဲ့ သူ ၂၀ ၄၃=1$
လေးထောကန်၊ မင်းနံ့သူ က ၂၅ ၂၆
!
ပုဂံပြတိုက် ( ကျောက်
က ၂၄၆၂၄၉
JOR-159
၁၂)
.29
မင်းနှံသူရွာ။
ဘွားစောရွာ။
၂၇-၁၀-၁၉၇
မင်းနံလှရွာ၊လက်ပွတ် : 15]
[[OCR page 10]]
နံပါတ်၊ ယောက်စာအမည်နှင့်
မူလတည်ရာဌာန။
၃၈။ အာမနာ ကျောင်း ကျောက်စာ၊
လေးထောင့်ကန်၊
မာတိကာ။
ကျောက်စာစာရင်း၌
ညွှန်ပြထားသော ယခုတည်ရာဌာန။
နံပါတ်။
၃၉။ စချီပုံးကျောက်စာ၊ မင်းနီသုရွာ: စာရင်း၌မပါ။
၄၀။ မင်းပိုင်း ကျောင်း ကျောက် စာ
၃၂၅
ကျောက်စာအုပ်ကြီးခြောက်
အုပ်၌ဖြစ်စေအခြားစာ
စောင်များ၌ဖြစ်စေ၊ပါသည့်
စာမျက်နှာ။
၃၁၁
မင်းနံသူရွာ။
က ၂၆၆−၂၆၀
ပုံမနှိပ်ဘူးသေး။
က၂၆−၂၆၄
လေး လေးကန်း(အနောက်
မျက်နှာ။ )
။ ၎င်း ( အရှေ့မျက်နှာ။ )
၃၃၄
၄၁။ မင်းဝိုင်းကျောင်းကျောက်စာ၊
၃၆၉
၄၂။ ကျောက်ဂူ ဥမင် ကျောက် စား
၃၂၉
ချောက်ဖလအရပ်။
ညောင်ဦး၊ချောက်ဖလ
အရပ်။
က ၂၇၄၂၇၆
က ၂၀၁--၂၈
က ၃၁၃-၃၁၄
၄၃။ ကုသမုဏိဘုရားကျောက်စာ၊
၃၅၄
အနောက်ဘွားစော။
၂၁၃-၂၁၇
၄၄။ ထိလုကုန်း ဘုရား ကျောက် စာ၊
၄၀၄
ဣဇဂေါန ဘုရား အနီး၊ ကီ၃၀၆-၃၀၈
မင်းနံ့သူရွား။
မးနံသူရွာ။
၄၅။ တာမဏိကျောင်းကျောက်စာ၊သီ
၃၇၈
သီရိပစ္စယာရွာအန္တေ၊ဓမ္မ ကု၂၀၇−၂၀၀
ရိပစ္စယာရွာ။
ရာဇိကဘုရားအနီး
၄၆။ လေးထောင့်ကန်မြောက်ကျောင်း၊
၃၈၉
မင်းနှံသူရွာ။
ကျောက်စာ၊မင်းနံသူရွာ။
ကီ ၂၂၇−၂၂ဝ
၄၇။ သျှင်ဒိသာပါမောက္ခကျောက်စာ၊
၃၇၆
ပုဂံပြတိုက် ( ကျောက် ပုံမနှိပ်ဘူးသေး။
ပုဂံမင်္ဂလာစေတီ။
၄၀။ ကျင် ပုထိုး ကျောက် စာ၊ လေး
၃၄၉
၁၁၀။)
မင်းန်သူရွာ။
ထောင့်ကန်။
၄၉။ စောလှဝန်း ဘုရား ကျောက်စာ၊
၃၄
က ၂%
က ၂၅၀-၂၆၁
လေးထောင့်ကန်။
၅၀။ ဆုတောင်းပြည့် ဘုရား ကျောက်
၄၉
စားသစ်မထီးအရပ်။
အနောက်ဘွားစောရွာ။ က ၂၉၇၃ဝ၂
၅၁။ သစ်မထီးကျောင်း ကျောက် စာ၊
၄၁၇
က ၂၃၉၄
သစ်မထီးအရပ်၊
၅၂။ ဆုတောင်းပြည့် ဘုရား ကျောက်
၇၀၁
က ၃ဝ၃-၃ဝ၅
စာ သမထီးအရပ်။
၅၃။ မင်းန်သူရွာ ဝိနည်းဓိုရ် ဘုရားစု၌ စာရင်း၌မပါ။ မင်းနဲသူရွာ။
ဘုရားနံပါတ် ၃၃၀ အတွင်းရှိမင်
OCE
၅၄။ ဝိနည်းဓိုရ်ဖုရားမင်စာ၊
၁၉၄၇ တယ် ဘာ တည်းဖြတ်သူ ၂ ဦးတို့ ပဌမတွေ့၍ တူတော်ဘက်ရသောကျောက်စာဖြစ်သည်။
ပုံမနှိပ်ဘူးသေး။"	high				false	Front matter explains editorial principles and the relationship to earlier inscription books.	front_matter_context
sip-contents-overview	corpus-citation-target-0371	sipSelectionsPagan	luce_pemaungtin_1928_inscriptions_of_pag-da9f6d6d89b3	OCR pages 8-10	Contents	table of contents / catalogue	Burmese	catalogue_entry	"[[OCR page 8]]
မာတာ။
ကျောက်စာအုပ်ကြီးခြောက်
အုပ်၌ဖြစ်စေ၊ အခြားစာ
ဆောင်များဖြစ်စေပါသည့်
စ၁က်နှာ၊
နံပါတ်။ကျောက်စာတည်မှ
မူလတည်ရာဌာန။
ကျောက်စာစာရင်း၌
ညွှန်ပြထားသော
နံပါတ်။
ယခုတည်ရာဌာန။
လက်သည်းရှည် ဘုရား ကျောက်
၃
ပုထိုးတော်ကြီး၊အမရပူရ..က
စား ပုဂံမြို့။
၂။ စောလူးမင်းကျောက်စာ၊
၃၂
90
၃။ ပရိးထီးလှိုင်ရှင် ဘုရား ကျောက်
လှည်းလက်ဘုရား ကျောက်
၈။ တေန်းကြီး
၅။ မြစေတီဘုားကျောက်စာ၊ ပုဂံ၊
(၅) တိုင်းချွတ်ဘုရား ကျောက်စား ပုဂံ
မြို့အရှေ့ပြင်ရပ်၊
၇။ စည်သူမင်းကြီးကျောက်စာ၊
၁။ ဓမ္မရံကြီးကျောက်စာ၊ပုဂံ၊
88
၉။ နားတောင်းတပ် ဘုရားကျောက်
စာ၊စူဠာမဏိဘုရားမြောက်၊ ပုဂံ၊
၁။ စူဠာမဏိ ကျာက်စာ၊ ပုဂံ၊
၁၁၊ ကူနီဘုရားကျောက်စာ၊ ပုဂံ၊ ဓမ္မရံ
ကြီးဘုရားတောင်
၁၂။ အမက်ကြီးသူရာဇ်ကျောက်စာ၊
၉၇
၁၁၃
၁၂၃
၅၁၊ ၅၂
ပုဂံတိုက်
၅၁၃
။ ( ကျောက် ၅၇၊)
53-10
၂၁၃-၂၁၁၊ကျောက်စာ
ဌာနာနယ်တွဲ ၁ ပိုင်း
က ၁၃၇၉ ၁၃၈
ပုထိုးတော်ကြီး အရေပူရ ကူ ၂၀
ပုဂံအရှေ့တောင်ယွန်း
(မြောက်မုတ်ဆောင်။ )
ပုဂံပြတိုက်(ကျောက်၅၆) ကို ၁၇၃
ပုဂံအရှေ့တောင်ယွန်း က ၁၄၅–၁၄၆
ပုဂံပြတိုက်(ကျောက်၁၂၃) က ၁၅ဝ-- ၁၅၂။ သုတေ
သနဂျာနယ်တွဲ ၆ ပိုင်း
၁ စာမျက်နှာဂဂ-၉ဝ
၁၄၆
၁၃။ ဓမ္မရာဇိကဘုရားမင်စားပုဂံ၊
ပုထိုးတော်ကြီး၊ အမရပူရ က္ခ ၃၉
၄၉
အနောက်ဖွားစောရွာ ကီ ၃၃၂
(အနောက်စေတီ )
၁၄။ သံရင်ကောင်ဘုရား ကျောက်
မဲာ၊ပုဂံမင်္ဂလာစေတီမြောက်။
၁၆၁
၁၅။ ခေမာဝရဘုရားကျောက်စာ၊ ပုဂံ
၂၇၃
ပုဂံပြတိုက် ( ကျောက်၅၁ ) ကိ
၅ က ၁ဝ၉- ၁
၁၇၄
အရှေ့မြောက်။
၁၆။ မဟာထီးဘုရား ကျောက်စာ၊ ပုဂံ
၁၇၄
မင်္ဂလာစေတီမြောက်။
၄၉။ ကီ ၁၇၆
ခြွင်းတောင်း
ဇ။ ဘုရားရပ်စောက်မစား။
၁၇။ စောရဟန်းသိမ် ကျောက်စာ၊ တူစာရင်း၌မပါ။
၁၉။ လေးမျက်နှာဘုရားကျောက်စာ။
တူရွင်းတောင်။
ုမနှိပ်ဘူးသေး။
၁၈၇
၁၉၆
ညောင်ဦး
၃၃၉- ၃၃၄
လေး ထောင်ကန်၊ မင်းနှံသူ က ၂၂၄– ၂၂၆
ရွာ။
[[OCR page 9]]
မာတိကာ။
ပေးဆက်စာစာရ
ညွှန်ပြထားသော
နံပါof
ယခုတည်ရာဌာန။
ထက်နင့်ကြီးခြောက်
ဖြစ်အခြားစာ
ဖြစ်စေပါသည့်
၈၁ရက် ၁။
၁
ပုဂံပြတိုက်(ာက် ၄၆) ကို ၁၉၁၅
ပုဂံသာသားမြောက်
Jup
၂ဝ
အဖွါးရေးရွာ၊ ပုဂံ
ရွှေတောင်း၊
၂၂။ တောက်စား၊
၂၃။ လေးမျက်နှာ ုရား မာက်စာ၊
ပုဂံစူဠာမဏိဘုရားမြောက်၊
၂၄။ စေးလှဝန်းဘုရား ကျောက်စား
ပုဂံ။
၂၅။ ရှင်ပင် မာမီယူရား ကျောက်စာ၊
ပုဂံး၊
၂၆။ ကူနီဘုရားကျောက်စာ၊ ပုဂံအရှေ
တောင်ယွန်းမြောက်
၂၇။ အိမ်ရာကျောင်းကျောက်စာ။
၂၀။ ရှင်ပင် ဗောဓိ ဘုရား ကျောက်စာ၊
2 5 5 & 6
၂၆၃
ပုဂံပြတိုက်(လျှောက် ၄၅) ကို ၁၉၃၁၉၄
ကိ၉၅-၁၉၇
၁၅၇
1357-000
ပုဂံ၊
၂၉။ ရှင်မဟာ ကဿပ ကျောင်း
120
ကျောက်စာ ပုဂံ
၁၀။ စာလဂူ
ခြင်း ကျောက်စာ၊
PPP
ငှက်ပစ်တောင်းဧညာင်ဦးမြို့။
စေတီနံပါတ် ၀၁၂
ညောင်ဦး။
၃၁၊ ဇာမနာ ကျောင်း ကျောက်စ၊
လေးထောင့်ကန်၊
299
၃၂။ မင်းသမီး အစာပြွမ်း ဘု ရား
ကျောက်စာ၊ လေးထောင့်ကန်၊
၃၃။ သမ္ဘူ ဘုရားဧကျောက်စာ၊ မင်း
နဘုရား
၃၄။ ရွှေဘုံသာဘုရားကျောက်စ၊အ၁
နန္ဒာဘုရားတောင် ပုဂံ၊
၃၅။ စားပွဲမှောက်ဘုရား ကျောက်စာ၊
မင်းခုံသူရွား
၃၆။ ဆင်ခြံဘုရားကျောက်စာ၊ပုဂံဘွား
စောရွာနောက်။
၇၆
902
၆၃
၁၄ ၁၉၅
mangyong
လေးယောကန်၊မင်းနဲ့ သူ ၂၀ ၄၃=1$
လေးထောကန်၊ မင်းနံ့သူ က ၂၅ ၂၆
!
ပုဂံပြတိုက် ( ကျောက်
က ၂၄၆၂၄၉
JOR-159
၁၂)
.29
မင်းနှံသူရွာ။
ဘွားစောရွာ။
၂၇-၁၀-၁၉၇
မင်းနံလှရွာ၊လက်ပွတ် : 15]
[[OCR page 10]]
နံပါတ်၊ ယောက်စာအမည်နှင့်
မူလတည်ရာဌာန။
၃၈။ အာမနာ ကျောင်း ကျောက်စာ၊
လေးထောင့်ကန်၊
မာတိကာ။
ကျောက်စာစာရင်း၌
ညွှန်ပြထားသော ယခုတည်ရာဌာန။
နံပါတ်။
၃၉။ စချီပုံးကျောက်စာ၊ မင်းနီသုရွာ: စာရင်း၌မပါ။
၄၀။ မင်းပိုင်း ကျောင်း ကျောက် စာ
၃၂၅
ကျောက်စာအုပ်ကြီးခြောက်
အုပ်၌ဖြစ်စေအခြားစာ
စောင်များ၌ဖြစ်စေ၊ပါသည့်
စာမျက်နှာ။
၃၁၁
မင်းနံသူရွာ။
က ၂၆၆−၂၆၀
ပုံမနှိပ်ဘူးသေး။
က၂၆−၂၆၄
လေး လေးကန်း(အနောက်
မျက်နှာ။ )
။ ၎င်း ( အရှေ့မျက်နှာ။ )
၃၃၄
၄၁။ မင်းဝိုင်းကျောင်းကျောက်စာ၊
၃၆၉
၄၂။ ကျောက်ဂူ ဥမင် ကျောက် စား
၃၂၉
ချောက်ဖလအရပ်။
ညောင်ဦး၊ချောက်ဖလ
အရပ်။
က ၂၇၄၂၇၆
က ၂၀၁--၂၈
က ၃၁၃-၃၁၄
၄၃။ ကုသမုဏိဘုရားကျောက်စာ၊
၃၅၄
အနောက်ဘွားစော။
၂၁၃-၂၁၇
၄၄။ ထိလုကုန်း ဘုရား ကျောက် စာ၊
၄၀၄
ဣဇဂေါန ဘုရား အနီး၊ ကီ၃၀၆-၃၀၈
မင်းနံ့သူရွား။
မးနံသူရွာ။
၄၅။ တာမဏိကျောင်းကျောက်စာ၊သီ
၃၇၈
သီရိပစ္စယာရွာအန္တေ၊ဓမ္မ ကု၂၀၇−၂၀၀
ရိပစ္စယာရွာ။
ရာဇိကဘုရားအနီး
၄၆။ လေးထောင့်ကန်မြောက်ကျောင်း၊
၃၈၉
မင်းနှံသူရွာ။
ကျောက်စာ၊မင်းနံသူရွာ။
ကီ ၂၂၇−၂၂ဝ
၄၇။ သျှင်ဒိသာပါမောက္ခကျောက်စာ၊
၃၇၆
ပုဂံပြတိုက် ( ကျောက် ပုံမနှိပ်ဘူးသေး။
ပုဂံမင်္ဂလာစေတီ။
၄၀။ ကျင် ပုထိုး ကျောက် စာ၊ လေး
၃၄၉
၁၁၀။)
မင်းန်သူရွာ။
ထောင့်ကန်။
၄၉။ စောလှဝန်း ဘုရား ကျောက်စာ၊
၃၄
က ၂%
က ၂၅၀-၂၆၁
လေးထောင့်ကန်။
၅၀။ ဆုတောင်းပြည့် ဘုရား ကျောက်
၄၉
စားသစ်မထီးအရပ်။
အနောက်ဘွားစောရွာ။ က ၂၉၇၃ဝ၂
၅၁။ သစ်မထီးကျောင်း ကျောက် စာ၊
၄၁၇
က ၂၃၉၄
သစ်မထီးအရပ်၊
၅၂။ ဆုတောင်းပြည့် ဘုရား ကျောက်
၇၀၁
က ၃ဝ၃-၃ဝ၅
စာ သမထီးအရပ်။
၅၃။ မင်းန်သူရွာ ဝိနည်းဓိုရ် ဘုရားစု၌ စာရင်း၌မပါ။ မင်းနဲသူရွာ။
ဘုရားနံပါတ် ၃၃၀ အတွင်းရှိမင်
OCE
၅၄။ ဝိနည်းဓိုရ်ဖုရားမင်စာ၊
၁၉၄၇ တယ် ဘာ တည်းဖြတ်သူ ၂ ဦးတို့ ပဌမတွေ့၍ တူတော်ဘက်ရသောကျောက်စာဖြစ်သည်။
ပုံမနှိပ်ဘူးသေး။"	medium				true	Contents-style crosswalk page listing inscription titles and locations.	front_matter_context
sip-tail-noise	corpus-citation-target-0371	sipSelectionsPagan	luce_pemaungtin_1928_inscriptions_of_pag-da9f6d6d89b3	OCR page 195	Tail page sample		Mixed/OCR-noisy	unclear	စာမျက်နှာ ကြောင်းရေ ၁၅၆ 0 ၁၅၉ မှတ်စု ဂ ။ ၁၆၁ ကြောင်းရေ ၉ အမှားပြင်ချက်များ။ တဏှကိုရ် အက္ကာ ၃၂ ရာဇဂြိုဟ် အောက်ပါအတိုင်းပြင်၍ဘတ်ပါး ယ် လောက် နွ ။ ၁၆၁	low				true	Representative end-of-volume OCR noise / blank-page artifact kept for sample review.	ocr_failure_or_noise
