sip_inscription_unit_id	parent_witness_unit_id	source_key	citation_target_id	matched_local_file_id	sip_ref	iob_plate	list_ref	ppa_ref	tn_ref	detected_entry_number	detected_entry_title	detected_entry_location	linked_inscription_id	linked_corpus_record_id	unit_type	language	raw_ocr_text	cleaned_witness_text	ocr_quality	segmentation_confidence	link_confidence	link_basis	corpus_text_snippet	comparison_status	accepted_export_qc_status	accepted_export_qc_notes	notes
sip-witness-005-seg-02	sip-witness-005	sipSelectionsPagan	corpus-citation-target-0371	luce_pemaungtin_1928_inscriptions_of_pag-da9f6d6d89b3	SIP 25-26	Plate XXIV	List 161			14	သံပျင်ရင်ကောင်ဘုရားကျောက်စာ၊ ပုဂံမင်္ဂလာစေတီမြောက်။		obi-v01-n0045	obi-v01-n0045-ob-p0073	source_text	Old Burmese/Burmese	"၁၄။ ။သံပျင်ရင်ကောင်ဘုရားကျောက်စာ၊ ပုဂံမင်္ဂလာစေတီမြောက်။
(၁) ။ ဝ ၊သကရစ် ၅၆၄ ခုဘဿနှစ်ကု
(၂) ဆုန်လှန် ၂ ရွက် ၅ နိယ်အာ အံမ္မပေင
(၃) ဖုန်သွာပဲကိုဝ်၊မင်ကြီစေယ်သူဖုန်တဲ
(၄) လှူသောခံလူမွေမွတ်ပွင်အပလ္လင်ပ
(၅) ရွာရှေယ်မွေ့တကာ ၃၀ တာသောရ
(၆) သာတာရကာ ၂ဂ ပဲယ်ဖုန်တ်လှူ၏။ထိုပ်သိုဝ်
(၇) လှုတ်မူရကာ သံပျင်ရင်ကောင်ဖုရှာသိင်နှင်
(ဂ) အက္ခသောက္ကောင်ကိုဝ်ရှယ်အသိင်ဖွစ်သောစေသူ
(၉) မင်ကြီကိုရေစင်တဲတိုက်လိယ်ရကာအသျှင်
(၁၀) မင်ကြီလေရေစင်တီသွန်နွှယ်အနုမောတနာ
(၁၁) ခပ်တပ်မူ၏ထိပ်သီုင်သောသရာဟူ
4"	"၁၄။ ။သံပျင်ရင်ကောင်ဘုရားကျောက်စာ၊ ပုဂံမင်္ဂလာစေတီမြောက်။
(၁) ။ ဝ ၊သကရစ် ၅၆၄ ခုဘဿနှစ်ကု
(၂) ဆုန်လှန် ၂ ရွက် ၅ နိယ်အာ အံမ္မပေင
(၃) ဖုန်သွာပဲကိုဝ်၊မင်ကြီစေယ်သူဖုန်တဲ
(၄) လှူသောခံလူမွေမွတ်ပွင်အပလ္လင်ပ
(၅) ရွာရှေယ်မွေ့တကာ ၃၀ တာသောရ
(၆) သာတာရကာ ၂ဂ ပဲယ်ဖုန်တ်လှူ၏။ထိုပ်သိုဝ်
(၇) လှုတ်မူရကာ သံပျင်ရင်ကောင်ဖုရှာသိင်နှင်
(ဂ) အက္ခသောက္ကောင်ကိုဝ်ရှယ်အသိင်ဖွစ်သောစေသူ
(၉) မင်ကြီကိုရေစင်တဲတိုက်လိယ်ရကာအသျှင်
(၁၀) မင်ကြီလေရေစင်တီသွန်နွှယ်အနုမောတနာ
(၁၁) ခပ်တပ်မူ၏ထိပ်သီုင်သောသရာဟူ"	good	high	high	Best corpus-text overlap within parent sip-witness-005.	𝚘 ။ သကရစ် ၅၆၄ ခု ဘဿနှစ် ကု ဆုန်လ္ဆန် ၂ ရျက် ၅ နေိယ်အာ အံမ္မပေ င ဖုန်သွာပဲကိုဝ်၊ မင်ကြီစေယ်သူ ဖုန်တ် လှူသော ခံလှူမ္လေမ္လတ် ပ္လင်အပ ပ္လင်ပ ရွာရှေယ် မ္လေတံကာ ၃၀ တာသော ရ ေ သာ တာရကာ ၂၈ ပဲယ် ဖုန်တ် လှူ၏ ထိုဝ်သိုဝ် လှူတ်မူရကာ သ	corpus_text_present_sip_confirms	clean_for_review	Removed obvious page artifacts: 4	Linked through exact corpus plate citation(s): Pl. I 24. | Extracted from SIP printed pages 25-26 using the OCR page offset observed from the scanned volume. | Detected 1 inscription heading(s) inside the parent SIP witness range. | Segmented from parent sip-witness-005.
sip-witness-008-seg-03	sip-witness-008	sipSelectionsPagan	corpus-citation-target-0371	luce_pemaungtin_1928_inscriptions_of_pag-da9f6d6d89b3	SIP 30-32	Plate XXXVI				17	စောရဟန်းသိမ်ကျောက်စာ၊တူရွင်းတောင်။		obi-v01-n0062	obi-v01-n0062-ob-p0097	source_text	Old Burmese/Burmese	"၁၇။ ။စောရဟန်းသိမ်ကျောက်စာ၊တူရွင်းတောင်။
(၁) ဝ။တုရင်တောင်ထက်စပ်ရဟန်သိမ်
(၂) ပျာက်ခရကာမောင်နှတ်ဆာက်အ (ဖွယ်) အိုအိ
(၃) သန်ဥသင်စာခိပိုဟ်၍ယ် ၂ ကြာရကာ၊ပုရှာ
(၄) လောင်မင်ဦစနာမင်ကြီဟုယ်တောင်
(၅) တက်ဧအ်၊နှစ်သောကြာရကာ၊မင်ကြီပ္ပ
(၆) စိယ်ဟုရကာ၊ဤယ်သိမ်ဆောက်သကာသကရစ်
( ၇) ၅၇၄ ခုကြာတိုက်နှစ်နယုန်လဆန် ၁
(ဂ) ၂ တန်နှင်ကုနူယ်နိယ်အမြုတ်တက်သိင်ခာလ
[[SIP page 32 / OCR page 42]]
၃၁
(၉) ရက်အခာနှံနာက်တစ်ပဟိုအိအာဆောက်သ(က)
(၁၀)ဟ်၊၍ယ်သိမ်ဏ္ဍောက်သမိုတ်သကာ၊မင်ဆာ
(၁၁) ဈာနွိုင်ဓမ္မသိရိသမိုက်သတေ၊လုပ်ရသော
(၁၂) ကာ(စိ) တ္တဗိစေည်၊ ပေါက်ပေါရမာ အသက်လွှ
(၁၃) ုတ်(ပိသူ) ကာ(င၁ ) ချီသင် ၁။သိမ်ပြီပြီရှယ်အိ
(၁၄) သင်္ဃာစာပိယ်သောကာ၊ဝာဆိုင် ၅၀၊သတ
(၁၅) ်တိုင်ကာ ၂ဝ၊ တခောင် ၅၀၊ ဝတက္ကတ် ၅၀၊
(၁၆) သကင်လွှတ်စသော ၅၀၊လုပ်ရသောတမင်သ
(၁၇) ည်ကာဘတ္တဗိစေည်ငာမျင်သင် ၁။ဟင်သ
(၁၈) ည်ကာငာသြင်သင် ၁။ယနအိပျာသည်နွာ
(၁၉) နိုင်သည်၊သာစို၊ယန၊ဝာဆိုခွသောသံ
(၂၀) ၁ဝ။ကံသီထုပ် ၄၀။ သတင်ဟိုင်ခ္ယသောကံသီလုပ်
လ
(၂၁) ၂၀ ။ တခောင်ညိုသောသံ မှူ ၁ဝ။ခွံ သီထုပ် ၄ဝ၊
၁ကာ
လ
လ
(၂၂) တ်ခွသောသံ ၂၊ ၁ဝ၊ကံသီထုပ် ၄ဝ။သတင်ဒွတ်ဇ ()
(၂၃) သာခ္ယသောသံမှ။ ၁ဝ။ ကွသိထုပ် ၄ဝ။ တဈဆူသတ
(၂၄) ်တွင်ကာက္ခံသိ ၂၀၀၊ဝထွတ်ကာအထက်
(၂၅) သက်ခံ ၁ ထည်။အဩက်သက်ခံ ၁ ထည်။
၁
(၂၆) ပျာ ၁ အို(။) သိမ်သောကာ။ဘွိုင်သတ်တျာ"	"၁၇။ ။စောရဟန်းသိမ်ကျောက်စာ၊တူရွင်းတောင်။
(၁) ဝ။တုရင်တောင်ထက်စပ်ရဟန်သိမ်
(၂) ပျာက်ခရကာမောင်နှတ်ဆာက်အ (ဖွယ်) အိုအိ
(၃) သန်ဥသင်စာခိပိုဟ်၍ယ် ၂ ကြာရကာ၊ပုရှာ
(၄) လောင်မင်ဦစနာမင်ကြီဟုယ်တောင်
(၅) တက်ဧအ်၊နှစ်သောကြာရကာ၊မင်ကြီပ္ပ
(၆) စိယ်ဟုရကာ၊ဤယ်သိမ်ဆောက်သကာသကရစ်
( ၇) ၅၇၄ ခုကြာတိုက်နှစ်နယုန်လဆန် ၁
(ဂ) ၂ တန်နှင်ကုနူယ်နိယ်အမြုတ်တက်သိင်ခာလ
၃၁
(၉) ရက်အခာနှံနာက်တစ်ပဟိုအိအာဆောက်သ(က)
(၁၀)ဟ်၊၍ယ်သိမ်ဏ္ဍောက်သမိုတ်သကာ၊မင်ဆာ
(၁၁) ဈာနွိုင်ဓမ္မသိရိသမိုက်သတေ၊လုပ်ရသော
(၁၂) ကာ(စိ) တ္တဗိစေည်၊ ပေါက်ပေါရမာ အသက်လွှ
(၁၃) ုတ်(ပိသူ) ကာ(င၁ ) ချီသင် ၁။သိမ်ပြီပြီရှယ်အိ
(၁၄) သင်္ဃာစာပိယ်သောကာ၊ဝာဆိုင် ၅၀၊သတ
(၁၅) ်တိုင်ကာ ၂ဝ၊ တခောင် ၅၀၊ ဝတက္ကတ် ၅၀၊
(၁၆) သကင်လွှတ်စသော ၅၀၊လုပ်ရသောတမင်သ
(၁၇) ည်ကာဘတ္တဗိစေည်ငာမျင်သင် ၁။ဟင်သ
(၁၈) ည်ကာငာသြင်သင် ၁။ယနအိပျာသည်နွာ
(၁၉) နိုင်သည်၊သာစို၊ယန၊ဝာဆိုခွသောသံ
(၂၀) ၁ဝ။ကံသီထုပ် ၄၀။ သတင်ဟိုင်ခ္ယသောကံသီလုပ်
လ
(၂၁) ၂၀ ။ တခောင်ညိုသောသံ မှူ ၁ဝ။ခွံ သီထုပ် ၄ဝ၊
၁ကာ
လ
လ
(၂၂) တ်ခွသောသံ ၂၊ ၁ဝ၊ကံသီထုပ် ၄ဝ။သတင်ဒွတ်ဇ ()
(၂၃) သာခ္ယသောသံမှ။ ၁ဝ။ ကွသိထုပ် ၄ဝ။ တဈဆူသတ
(၂၄) ်တွင်ကာက္ခံသိ ၂၀၀၊ဝထွတ်ကာအထက်
(၂၅) သက်ခံ ၁ ထည်။အဩက်သက်ခံ ၁ ထည်။
၁
(၂၆) ပျာ ၁ အို(။) သိမ်သောကာ။ဘွိုင်သတ်တျာ"	good	high	high	Best corpus-text overlap within parent sip-witness-008.	𝚘 ။ တူရင်တောင်ထက် စဝ်ရဟန်သိမ် ပျာက်ခရကာ မောင်နှုတ်ဆက် အ(မွမ်ရ) အိုအ် ပန်ဒိုသင် စာခိပိုဟ် ဤယ် ၂ ကြာရကာ၊ ပုရှာ လောင်မင် ဥိစိနာ မင်ကြီ ရ်္ဟုယ်တောင် တက်ဧ ၁ နှစ်သော ကြာရကာ၊ မင်ကြီ ပ္လု စိယ်ဟုရကာ၊ ဤယ်သိမ် ဆောက်သကာ သကရစ် ၅၇၄ ခု	corpus_text_present_sip_confirms	clean_for_review	No obvious wrapper or page-number artifacts detected.	Linked through exact corpus plate citation(s): Pl. I 36. | Extracted from SIP printed pages 30-32 using the OCR page offset observed from the scanned volume. | Detected 2 inscription heading(s) inside the parent SIP witness range. | Segmented from parent sip-witness-008.
sip-witness-011-seg-02	sip-witness-011	sipSelectionsPagan	corpus-citation-target-0371	luce_pemaungtin_1928_inscriptions_of_pag-da9f6d6d89b3	SIP 42-44	Plate LXXIX b	List 223	PPA 237 238	TN 108 109	21	ခလေးထောင့်ကန်အရပ်၊ လေးမျက်နှာ ဘုရားကျောက်စာ၊		obi-v01-n0146	obi-v01-n0146-tx-p0246	source_text	Old Burmese/Burmese	"၂၁။ ။ခလေးထောင့်ကန်အရပ်၊ လေးမျက်နှာ ဘုရားကျောက်စာ၊
(၁) ။သိင်အနန္တသူစကာနှပိယ်သွာမျာ စကာသဧအ်။ ကျွန်ငာမယ်ကိုဝိ
ကာပိ
(၂) ယ်သာလင်များအနန္တသူကိုဝ်ပိုယ်သောစင်အေ။ ကျွန်ာမွယ်ကိုကာ အ
နန္တသူရစီ
(၃)ယ်ဧအ်။ အနန္တသူဩင်အေ။ ငာမာသင်သာနှင့် ယောက်ဖမန္တလဘိနှစ်
ကာမကြ
(၄) င်။တြာတကာတန်ဆပ်တပ်ပိုယ်အေ။အတိုင်ရလှသောဖုတ်ငာမ္မယ် ၁
[[SIP page 44 / OCR page 54]]
(၁၆) ကို
(၁၇) ဩဝန်နှစ်လက် ရှက်သူကြာနီအာအတံကျာဆင်သောစ
မိနယ်ကိုလတ် - အပေါင် ၁၃ ယောက် ။ ။ သကရစ် ၅၉၅ ခု
(၅)
(၁ဂ) မွိုက်သံ(ပ)ပတီ၌ ၁ သံင်ပက ၁ မဟာဝယ် ၁ ဤယ်
သင်ဖ
(၁၉) မတိုဝ်ကိုင်သံဗျင် အနန္တသူကြာအေ ၀ယ်ထက်သာ ကစွယ်သင်တေဗိုလ်
တြာ
(၂ဝ) သင်္ချာ ၁ စင်ကြယ် ၁ ကြံမဖတ် ၁ ညီဣခြံစည် ၁ ဤယ်မျှသောသင်တို
(၂၁) ဝ်။ကျွန်ကာငကိုဩင်စိယ်ဟုပြတ်ရုယ်ငကိုနှင်8ယ်ပြီသန္ဓေ၊သံဗျ
(၂၂) ်အနန္တသူမိန်တုံးက်ယိုဝ်သိုက္ကတေသင် ့တိုနင်ကူလျှင်ဩင်စိယ်ဟု
(၂၃) ပြတ်ရွယ်နှင်8ယ်ဟူနရလင်။သြင်စိတ်ဟုမပြတ်ရုယ်မနှင်ပိယ်သောဇ
(၂၄) နှစ်ခမုကာအသိုမှတုံ အံနေဟုသော။ ပယ်ထက်သာ ငာစွယ်သင်
ဟူဘဲ
(၂၅) . ဖုန်သည်ဩင်စလင်အမိန်မဟိအာဟု မိန်အေ ဤသိုဝ်တံကြသောကြာပါ
သကာ
(၂၆) ကဝိရာဇဂုံ (ကယ်) ၁ မီတ္တာဝိကြံ ၁ ကမ္မသမန် ၁ ကျွန်ဖွစ်သာငာမပ်
၁ ဤမျှသော
(၂၇) ထိုဝ်မှောက်တံကြသတေအတံ (တဈာ) ဆင်သောသင်႕တိုင် ဗိုလ်တ"	"၂၁။ ။ခလေးထောင့်ကန်အရပ်၊ လေးမျက်နှာ ဘုရားကျောက်စာ၊
(၁) ။သိင်အနန္တသူစကာနှပိယ်သွာမျာ စကာသဧအ်။ ကျွန်ငာမယ်ကိုဝိ
ကာပိ
(၂) ယ်သာလင်များအနန္တသူကိုဝ်ပိုယ်သောစင်အေ။ ကျွန်ာမွယ်ကိုကာ အ
နန္တသူရစီ
(၃)ယ်ဧအ်။ အနန္တသူဩင်အေ။ ငာမာသင်သာနှင့် ယောက်ဖမန္တလဘိနှစ်
ကာမကြ
(၄) င်။တြာတကာတန်ဆပ်တပ်ပိုယ်အေ။အတိုင်ရလှသောဖုတ်ငာမ္မယ် ၁
(၁၆) ကို
(၁၇) ဩဝန်နှစ်လက် ရှက်သူကြာနီအာအတံကျာဆင်သောစ
မိနယ်ကိုလတ် - အပေါင် ၁၃ ယောက် ။ ။ သကရစ် ၅၉၅ ခု
(၅)
(၁ဂ) မွိုက်သံ(ပ)ပတီ၌ ၁ သံင်ပက ၁ မဟာဝယ် ၁ ဤယ်
သင်ဖ
(၁၉) မတိုဝ်ကိုင်သံဗျင် အနန္တသူကြာအေ ၀ယ်ထက်သာ ကစွယ်သင်တေဗိုလ်
တြာ
(၂ဝ) သင်္ချာ ၁ စင်ကြယ် ၁ ကြံမဖတ် ၁ ညီဣခြံစည် ၁ ဤယ်မျှသောသင်တို
(၂၁) ဝ်။ကျွန်ကာငကိုဩင်စိယ်ဟုပြတ်ရုယ်ငကိုနှင်8ယ်ပြီသန္ဓေ၊သံဗျ
(၂၂) ်အနန္တသူမိန်တုံးက်ယိုဝ်သိုက္ကတေသင် ့တိုနင်ကူလျှင်ဩင်စိယ်ဟု
(၂၃) ပြတ်ရွယ်နှင်8ယ်ဟူနရလင်။သြင်စိတ်ဟုမပြတ်ရုယ်မနှင်ပိယ်သောဇ
(၂၄) နှစ်ခမုကာအသိုမှတုံ အံနေဟုသော။ ပယ်ထက်သာ ငာစွယ်သင်
ဟူဘဲ
(၂၅) . ဖုန်သည်ဩင်စလင်အမိန်မဟိအာဟု မိန်အေ ဤသိုဝ်တံကြသောကြာပါ
သကာ
(၂၆) ကဝိရာဇဂုံ (ကယ်) ၁ မီတ္တာဝိကြံ ၁ ကမ္မသမန် ၁ ကျွန်ဖွစ်သာငာမပ်
၁ ဤမျှသော
(၂၇) ထိုဝ်မှောက်တံကြသတေအတံ (တဈာ) ဆင်သောသင်႕တိုင် ဗိုလ်တ"	good	high	high	Best corpus-text overlap within parent sip-witness-011.	သ္ခိင်အနန္တသူ စကာနှင္အ်၊ ပိယ်သ္မာမျာ စကာသင္အ်ဧအ်။ ကျါန် ငါမွယ်ကိုဝ်ကာ ပိ ယ်သ္မာလင်မျာ အနန္တသူကိုဝ် ပိယ်သော စင်ဧအ်။ ကျွန်ငါမွယ်ကိုဝ်ကာ အနန္တသူ ရစိ ယ်ဧအ်။ အနန္တသူ ဩင်ဧအ်။ ငါမာသင် သာနှင္အ် ယောက်ဖ မန္တလဘိရစ်ကာ င်။ တျြာတကာ တန	corpus_text_present_sip_confirms	clean_for_review	No obvious wrapper or page-number artifacts detected.	Linked through exact corpus plate citation(s): Pl. I 79b. | Extracted from SIP printed pages 42-44 using the OCR page offset observed from the scanned volume. | Detected 1 inscription heading(s) inside the parent SIP witness range. | Segmented from parent sip-witness-011.
sip-witness-012-seg-02	sip-witness-012	sipSelectionsPagan	corpus-citation-target-0371	luce_pemaungtin_1928_inscriptions_of_pag-da9f6d6d89b3	SIP 45-47	Plate XC	List 230			22	ဇေယပွတ်ဘုရားကျောက်စာ၊ပုဂံအရွှေတောင်။		obi-v01-n0160	obi-v01-n0160-ob-p0267	source_text	Old Burmese/Burmese	"၂၂။ ဇေယပွတ်ဘုရားကျောက်စာ၊ပုဂံအရွှေတောင်။
(၁) ဝ ။ သကရစ် ၅၇၃ ခု အာသိန်နှစ်။ တာ်ညင်ညွှန် ၁ဝ ရက်ကြသပတိယ်
နိယ်အာ၊ဥစိနာမင်ရွယ်တောင်တက်၏။ ရွယ်တော
(၂) င်တက်ပြီး၊ သကရစ် ၅၈၅ ခု။အာသိန်နှစ်။ပ သိုညွှန် ၇ ရွက်ကြသပ
တိယ်နိယ်အား လွွှတ်စွာသောပုရှာလေါင်ကိုဝ်။ သံဗျ
(၃) င်ဇေယျပွတ်။ ပန်စရကာ။ ဖုန်တပ်လှူသောပိုဒ်ဖွယ်တွင်။ဟင်ရံပအက်မ
6
သလ္လိယ် ၃ဝဝ ရှာဖုန်တာင်လှူ၏။ ပုရှာလောင်ဖု
(၄) န်တာဝိသူရကာ။ ပိုလ်သူကြိသံဗျင်သတျာ ၁ ယောက်။သံဗျင်စင်ကြယ် ၁။
သံဗျင်ကြံမဖတ် ၁။ သံဗျင်သိရိခြံပိစည် ၁။ဤယ်ပို
(၅) လ်သူကြီ ၄ ယောက်သောအာ။ သံဗျင်အနန္တရစ်ထွယ်တာ် က္က ပိယ်ဧအ်။
ထုယ်တာ်အတိုင်ခံလင်ရုယ်ပိုလ်သူကြီ ၄ ယောက်အထက်စရင်တ
(၆) ပိယ်ဧအ်။ ။သကရစ် ၅၇၉ ခု။မာဃနှစ်ကန်ခုညွှန် ၇ ရက်။ အင်္ဂါနိယ်
အာ။သံဗျင်ဇေယျပွတ်။ မွတ်စွာသောပုရှာလေါင်
(၇) အာ။ ဟင်ရံပအက်မက္ကောမိယ်တွင်လည်ကောင်။ အင်ကိုင်နှင် စုံ ၄၅ဝ
ကြွင်သော ၀ိယ်ကိုဝ်။တစ်ဖန်ပန်တုံရကာ။မိန်တာ်မူ
(ဂ) ဧအ်။ဇေယျပွတ်ကာအသက်လေကြီဧအ်။ အတိုထံလေသုငယ်နှင့်ထပ်
တူနိယ်ညန်ဆိုင်ငြယ်ဧအ်။ မောင်မို့ယ်လေမြယ်ဧ
(၉) အိ။ဟုရွယ်ဟင်ရံပအက်မည်သောမြို့ယ်တွင်လည်ကောင်။အင်ကိုဝ်ခပင်စုံ
၄၅ဝ ဖုန်တလှူတုံက်၊ဗိုလ်သူကြီသံဗျင်သ
[[SIP page 47 / OCR page 57]]
၄၆
(၁၀) ဘျာ ၁။ သီကြီးဖတ် ၁။ သံင်သိရိန္ဒြစည် ၊ ဤယ်ဗိုလ်သူကြီး ၃
ယောက်သောက်။ ပတည်သောအကိုဘာကို
(၁၁) သဲရာဇာဝိကြမ် နယ်ဗ၌ ယ်၏။လှယ်တတိုင်ခံ လင်ရုယ်။ ဗိုလ်
သူကြီ ၃ ယောက်၊ အလက်စင်ဝင်ငယ်လက်၊အပေါ
(၁၂) ရင်နှစ်ပါစုံအေ ၇၅ဝ တေ။ ။ဤယာဖုန်ရသောလယ် ၇၅ဝ သောကို
ကာ။ငာသိင်မင်ကြီလေနိဗ္ဗန်ရစိယ် ချွင်ဧအိ
(၁၃) ။ငာလေ နိဗ္ဗန်အာ မချွတ်မလွယ်လျှင်ရောက်ချွင်ရကားဤယ်ငာ&သော
ကာဝ်ကြောင်ပုရှာတြာသင်္ဃာရတနာ၃ပါအာ၊အ
(၁၄) ကုန်ာ်လူးက်။ ။ ဤယ်ငာလှူသောလွဲကာ၊သာသနာ ၅ဝဝဝ လျှင်တည်
ရစ်စိယ်သတေ။ ။သကရစ် ၅၉၇ ခု။ အာသိန်
(၁၅) နှစ်။ နံကာလဆန် ၄ ချက်ကြသပတိယ်နိယ်အာ။ မင်ကြီသာမင်ကစွာရှယ်
တောင်တက်ရယ်။ အကြီယ်အညာနှိုက်တေ မ ဟာဒါ
(၁၆) န် ိယ်ခပ်သိမ်ယူလတ်တေ။ ယူလိယ်သ(နှစ်)အာ။ဇေယျပွတ်အူမဟာ
ဒါန်ပုရှာလှူသောလဲပါလိယ်ဧအ်ပါလိယ်ရကာ။ ဇေ
(၁၇) ယျပွတ်တာ်ကောင် နှိုက်နိယ်သော။ သိင်သင်္ဃာတို၌သည်။ မင်ကြီအာ
ကြာလိုက်ဧအ်၊ မဟာရစ်။ ဤယ်ဇေယျပွတ်ဧအ်။ မ
(၁၀) ဟါဒါန်ကာ။ တက္ကောင် ပုရှာလျှင်လှူခသတေဟုသော ကြာလိုက်၏။
ဤယ်သို ့ ကြာလိုက်ရကာ။ မင်ကြီလေပြညာတ်ကြီ"	"၂၂။ ဇေယပွတ်ဘုရားကျောက်စာ၊ပုဂံအရွှေတောင်။
(၁) ဝ ။ သကရစ် ၅၇၃ ခု အာသိန်နှစ်။ တာ်ညင်ညွှန် ၁ဝ ရက်ကြသပတိယ်
နိယ်အာ၊ဥစိနာမင်ရွယ်တောင်တက်၏။ ရွယ်တော
(၂) င်တက်ပြီး၊ သကရစ် ၅၈၅ ခု။အာသိန်နှစ်။ပ သိုညွှန် ၇ ရွက်ကြသပ
တိယ်နိယ်အား လွွှတ်စွာသောပုရှာလေါင်ကိုဝ်။ သံဗျ
(၃) င်ဇေယျပွတ်။ ပန်စရကာ။ ဖုန်တပ်လှူသောပိုဒ်ဖွယ်တွင်။ဟင်ရံပအက်မ
သလ္လိယ် ၃ဝဝ ရှာဖုန်တာင်လှူ၏။ ပုရှာလောင်ဖု
(၄) န်တာဝိသူရကာ။ ပိုလ်သူကြိသံဗျင်သတျာ ၁ ယောက်။သံဗျင်စင်ကြယ် ၁။
သံဗျင်ကြံမဖတ် ၁။ သံဗျင်သိရိခြံပိစည် ၁။ဤယ်ပို
(၅) လ်သူကြီ ၄ ယောက်သောအာ။ သံဗျင်အနန္တရစ်ထွယ်တာ် က္က ပိယ်ဧအ်။
ထုယ်တာ်အတိုင်ခံလင်ရုယ်ပိုလ်သူကြီ ၄ ယောက်အထက်စရင်တ
(၆) ပိယ်ဧအ်။ ။သကရစ် ၅၇၉ ခု။မာဃနှစ်ကန်ခုညွှန် ၇ ရက်။ အင်္ဂါနိယ်
အာ။သံဗျင်ဇေယျပွတ်။ မွတ်စွာသောပုရှာလေါင်
(၇) အာ။ ဟင်ရံပအက်မက္ကောမိယ်တွင်လည်ကောင်။ အင်ကိုင်နှင် စုံ ၄၅ဝ
ကြွင်သော ၀ိယ်ကိုဝ်။တစ်ဖန်ပန်တုံရကာ။မိန်တာ်မူ
(ဂ) ဧအ်။ဇေယျပွတ်ကာအသက်လေကြီဧအ်။ အတိုထံလေသုငယ်နှင့်ထပ်
တူနိယ်ညန်ဆိုင်ငြယ်ဧအ်။ မောင်မို့ယ်လေမြယ်ဧ
(၉) အိ။ဟုရွယ်ဟင်ရံပအက်မည်သောမြို့ယ်တွင်လည်ကောင်။အင်ကိုဝ်ခပင်စုံ
၄၅ဝ ဖုန်တလှူတုံက်၊ဗိုလ်သူကြီသံဗျင်သ
၄၆
(၁၀) ဘျာ ၁။ သီကြီးဖတ် ၁။ သံင်သိရိန္ဒြစည် ၊ ဤယ်ဗိုလ်သူကြီး ၃
ယောက်သောက်။ ပတည်သောအကိုဘာကို
(၁၁) သဲရာဇာဝိကြမ် နယ်ဗ၌ ယ်၏။လှယ်တတိုင်ခံ လင်ရုယ်။ ဗိုလ်
သူကြီ ၃ ယောက်၊ အလက်စင်ဝင်ငယ်လက်၊အပေါ
(၁၂) ရင်နှစ်ပါစုံအေ ၇၅ဝ တေ။ ။ဤယာဖုန်ရသောလယ် ၇၅ဝ သောကို
ကာ။ငာသိင်မင်ကြီလေနိဗ္ဗန်ရစိယ် ချွင်ဧအိ
(၁၃) ။ငာလေ နိဗ္ဗန်အာ မချွတ်မလွယ်လျှင်ရောက်ချွင်ရကားဤယ်ငာ&သော
ကာဝ်ကြောင်ပုရှာတြာသင်္ဃာရတနာ၃ပါအာ၊အ
(၁၄) ကုန်ာ်လူးက်။ ။ ဤယ်ငာလှူသောလွဲကာ၊သာသနာ ၅ဝဝဝ လျှင်တည်
ရစ်စိယ်သတေ။ ။သကရစ် ၅၉၇ ခု။ အာသိန်
(၁၅) နှစ်။ နံကာလဆန် ၄ ချက်ကြသပတိယ်နိယ်အာ။ မင်ကြီသာမင်ကစွာရှယ်
တောင်တက်ရယ်။ အကြီယ်အညာနှိုက်တေ မ ဟာဒါ
(၁၆) န် ိယ်ခပ်သိမ်ယူလတ်တေ။ ယူလိယ်သ(နှစ်)အာ။ဇေယျပွတ်အူမဟာ
ဒါန်ပုရှာလှူသောလဲပါလိယ်ဧအ်ပါလိယ်ရကာ။ ဇေ
(၁၇) ယျပွတ်တာ်ကောင် နှိုက်နိယ်သော။ သိင်သင်္ဃာတို၌သည်။ မင်ကြီအာ
ကြာလိုက်ဧအ်၊ မဟာရစ်။ ဤယ်ဇေယျပွတ်ဧအ်။ မ
(၁၀) ဟါဒါန်ကာ။ တက္ကောင် ပုရှာလျှင်လှူခသတေဟုသော ကြာလိုက်၏။
ဤယ်သို ့ ကြာလိုက်ရကာ။ မင်ကြီလေပြညာတ်ကြီ"	good	high	high	Best corpus-text overlap within parent sip-witness-012.	𝚘 ။ သကရစ် ၅၇၃ ခု အာသိန်နှစ်။ တ်ာသ္လင်လ္ဆန် ၁၀ ရျက် ကြသပတိယ် င်တက်ပြီ။ ။ သကရစ် ၅၈၅ ခု။ အာသိန်နှစ်။ ပ္လသိုဝ်လ္ဆန် ၇ ရျက် ကြသပတိယ် နိယ်အာ။ မ္လတ်စွာသော ပုရှာလောင်ကိုဝ်။ သံဗျ င် ဇေယျသွတ်။ ပန်စရကာ။ ဖုန်တာဝ်လှူသော မိုဝ်မ္လိယ်တွ	corpus_text_present_sip_confirms	clean_for_review	Removed obvious page artifacts: 6	Linked through exact corpus plate citation(s): Pl. I 90. | Extracted from SIP printed pages 45-47 using the OCR page offset observed from the scanned volume. | Detected 1 inscription heading(s) inside the parent SIP witness range. | Segmented from parent sip-witness-012.
sip-witness-015-seg-03	sip-witness-015	sipSelectionsPagan	corpus-citation-target-0371	luce_pemaungtin_1928_inscriptions_of_pag-da9f6d6d89b3	SIP 52-55	Plate CV a	List 242	PPA 63 | PPA 181-182	TN 30 | TN 86-87	25	ပုဂံမြို့ရှင်ပဗောဓိဘုရားတံတိုင်းအတွင်းတောင်ဘက်ရှိ ကျောက်စာ။		obi-v01-n0179	obi-v01-n0179-tx-p0306	source_text	Old Burmese/Burmese	"၂၅။ ။ပုဂံမြို့ရှင်ပဗောဓိဘုရားတံတိုင်းအတွင်းတောင်ဘက်ရှိ ကျောက်စာ။
(၁) ။ ။သကရာဇ် ၅၉၇ ခု ကြတိုက်နှစ်။ သိုဝ်လဆုတ် ၃ ရက်။ တန်းနှ
(၂) င် လါနိယ်ဘက် ၉ လွှာခွယ်ပုနိုင်ကူထာပနား၏။ ။ဂ ရွက်လျှင်ပြီ
(၃) ၆။ ကူထာပနာသောနိယ လျှင်ရိတွင်တူ၏။ တပိုဝ်ထွယ်လ
(၄) ဆုတ် ၁၃ ချက်သောကြာနိယ်လျှင်တန်တိုင်တည်ဧအ်။ တပေါလ်ပ္လ
(၅) ည်တန်တိုင်ပြိဧအ်။ ကူဘိုယ်ထွက်ကာတပေါင်လဆုတ် ၇ ရက်တ
(၆) န်နှင်လါနိယ်တက် ၉ လို့ခွယ်တင်၏။ ကူဆိယ်ရိယ်သကာတန်ခူလ
(၇) ဆန် ၁၀ ရွက်သုကြာနိယ်ကူပုာ ၁၄၆၁၉ ယောက်။ ဇာတ် ၅၅ဝ။
(ဂ) ၁၂ ရက်ဘန်နှင်လါနိယ်ပြိဧအ်။ ထောင်လေပြီဧအ်။ ဓမ္မသာပြီ
(၉) ဧအ်။ တျာပန်လင်ပြီအေ။ ခောင်ပေါင်ကြိယ် အပိသာ ၁ဝ၆ ပိသာ
(၁၁) ခွယ်ဇက် သွန်အေ။ ကူထွတ်ကာကြိယ် ၅၅ ပိသာခွယ်ကူထွတ်လိန်
(၁၁) သောရှယ် ၄၆ ကျပ်ဟိယ်အိ။ပုရှာလိလ်မျက်နှာသေခလိန်သောရှ
(၁၂) ယ် ၂၀။ စာသင်ညောင် ၅ ခု ပုဧအ်။ ဂျွစ်ဩက်ကုငယ်
(၁၃) လဆိယ်ရိယ် အဲ။ကျောင်တွင်ပုဆိုပုာဆိုင်။
(၁၄) ညောင် ၃ ပင်စိုက်၏။ ရိယ်ဤမ် ၃ ပါ။ သမရိဝိ
[[SIP page 54 / OCR page 64]]
50
(၃) နန္ဒလာနယ်ကား နတ်တပ်လဆုတ် ၉ ရက်
(၁၇) သုကြာနိယ်ကာလွှတ်စက် ကွကါသိုင်လဆုတ် ၃၅
(၁၁) တန်နိုင်ငံနယ် ယာနာ၏။ ဝ ၊လက်ရာအာ
(၁၉) ခု မြသိုဟ်နှစ် ကူဆုန်လဆုတ် ၄ ၅က်တန်နှင် လာနိ
(၂၁) ငယ်မတ်ညာဏ ိစည်ကူလွှတ်မအ်လွှတသောလှူ
(၂၁) သောပုရှာကျွန်းစံရာ လွှတ် ၁၀၁တုန် ၁း ၁ ဖု
(၂၂) ရာ) ၊ရိယာအိုင်ကံ ၁။သမီအိုင်ကြောင် ၁၊ငြိမအိုရောက် ၁
(၂၃) ဒိုင်ကယ်လောင် ။ပသာသည်ာတုန်တာ ၁စည်သည်
(၂၄) ခန္ဓာ၁။စာမလုပ် ။ပန်တျာကူလာသာုဖွယ် ၁ ကုလာလင်မီ
(၂၅) ယာဒိုမာမြေါက် သားကောင်ဝုယ် နာကြောင် (စ။)
(၂၆) ငမွန် ၁ ငရောက် ၁ ငထုယ် ၁ ကုလါမိတူ ၁ သာမိပလု ၁ စည်သည်
ငပုသီ ၁
(၂၇) ရီ၁။ ။သန်ရင်မ်ပိယ်သောဖက်မမြိုင်လယ် ၅၀ တွင်ပုရှာသင်ဗုတ်တင်
(၂ဂ) စိယ်သော ၂ဝ.တ ၃၀ ကာညောင်နိယ် (က) တျာသိခင်စာစိယ်သ
တေ။သိခင်
(၂၉) (က၀) သူပိယ်ခသောပေါက်ပင် ဖလယ်သာ ၇၀ ရှိယ်ဦလယ်သာ ၂၀
အခပေါင်လယ် (ဂ)
(၃၁) ၉ဝကြည်နှင်စုံအပေါင် ၃၀၀။ ဤကာကျောင်နိယ်တတ်သာသိခင်စာစိယ်
[[SIP page 55 / OCR page 65]]
(၃၂) အာ) ကျွန်လှူသော (ဘေ) လယ်လုံမှုစိယ်သော ၊ မင်လဝိသော
ပြင်မယ်ပုံလယ်
(၃၃) ၃၀ ၀၀၁ကောင်စာသင်ခပင်ပ္ပိယ်စာမူစိယ်သတေးနောင်ပိယ်သောမစ
ပေါင်
(၃၄) လ်၃၀၀ကာကောင်ထေရစာစိယ်သပေးလည်ကိုင်မပင်စရလဲခွယ်ရွာ၏
အနော
(၃၅) ရက်တောင်ထောင်အရပ်နှိုက်ပုံက္ကလဲဥပ လေထရစာ။ စင်ပည်ရွာအ
ရပ် ( ကျန်ဝဲသာ)
(၃၆) ကြလွင်ကစည်လဲအကြာသွာပယ်လ် ၁၀၀ ကာ ရတနာ ၃ ပါကာလူသ
တေ။ဤလဲကိုဂ်ကို
(၃၇) ပါယူသသူကာ အင်္ကဘာဘာအဝီစိအထယ်ငြယ်နစ်စိယ်သကေ။ အမျို
၇ ဆက်ပျက်8န္တိ
(၃၀) - စိယ်သတေ။ Zယ်ပုံလုံကြုံမကဖြစ်လတ္တံ့သောပုရှာက်ိုး မဖူစိယ် သ
ကေမရိယ်တွက်နိုင်သော
(၃၉) သင်္ခရာနှိုက်ပြီတွင်စိယ်သား၍အလှူကိုခံပင်သသူတို့ကာ ငာနှင့်
အကူအကိုင်ရစိယ်သကေ"	"၂၅။ ။ပုဂံမြို့ရှင်ပဗောဓိဘုရားတံတိုင်းအတွင်းတောင်ဘက်ရှိ ကျောက်စာ။
(၁) ။ ။သကရာဇ် ၅၉၇ ခု ကြတိုက်နှစ်။ သိုဝ်လဆုတ် ၃ ရက်။ တန်းနှ
(၂) င် လါနိယ်ဘက် ၉ လွှာခွယ်ပုနိုင်ကူထာပနား၏။ ။ဂ ရွက်လျှင်ပြီ
(၃) ၆။ ကူထာပနာသောနိယ လျှင်ရိတွင်တူ၏။ တပိုဝ်ထွယ်လ
(၄) ဆုတ် ၁၃ ချက်သောကြာနိယ်လျှင်တန်တိုင်တည်ဧအ်။ တပေါလ်ပ္လ
(၅) ည်တန်တိုင်ပြိဧအ်။ ကူဘိုယ်ထွက်ကာတပေါင်လဆုတ် ၇ ရက်တ
(၆) န်နှင်လါနိယ်တက် ၉ လို့ခွယ်တင်၏။ ကူဆိယ်ရိယ်သကာတန်ခူလ
(၇) ဆန် ၁၀ ရွက်သုကြာနိယ်ကူပုာ ၁၄၆၁၉ ယောက်။ ဇာတ် ၅၅ဝ။
(ဂ) ၁၂ ရက်ဘန်နှင်လါနိယ်ပြိဧအ်။ ထောင်လေပြီဧအ်။ ဓမ္မသာပြီ
(၉) ဧအ်။ တျာပန်လင်ပြီအေ။ ခောင်ပေါင်ကြိယ် အပိသာ ၁ဝ၆ ပိသာ
(၁၁) ခွယ်ဇက် သွန်အေ။ ကူထွတ်ကာကြိယ် ၅၅ ပိသာခွယ်ကူထွတ်လိန်
(၁၁) သောရှယ် ၄၆ ကျပ်ဟိယ်အိ။ပုရှာလိလ်မျက်နှာသေခလိန်သောရှ
(၁၂) ယ် ၂၀။ စာသင်ညောင် ၅ ခု ပုဧအ်။ ဂျွစ်ဩက်ကုငယ်
(၁၃) လဆိယ်ရိယ် အဲ။ကျောင်တွင်ပုဆိုပုာဆိုင်။
(၁၄) ညောင် ၃ ပင်စိုက်၏။ ရိယ်ဤမ် ၃ ပါ။ သမရိဝိ
(၃) နန္ဒလာနယ်ကား နတ်တပ်လဆုတ် ၉ ရက်
(၁၇) သုကြာနိယ်ကာလွှတ်စက် ကွကါသိုင်လဆုတ် ၃၅
(၁၁) တန်နိုင်ငံနယ် ယာနာ၏။ ဝ ၊လက်ရာအာ
(၁၉) ခု မြသိုဟ်နှစ် ကူဆုန်လဆုတ် ၄ ၅က်တန်နှင် လာနိ
(၂၁) ငယ်မတ်ညာဏ ိစည်ကူလွှတ်မအ်လွှတသောလှူ
(၂၁) သောပုရှာကျွန်းစံရာ လွှတ် ၁၀၁တုန် ၁း ၁ ဖု
(၂၂) ရာ) ၊ရိယာအိုင်ကံ ၁။သမီအိုင်ကြောင် ၁၊ငြိမအိုရောက် ၁
(၂၃) ဒိုင်ကယ်လောင် ။ပသာသည်ာတုန်တာ ၁စည်သည်
(၂၄) ခန္ဓာ၁။စာမလုပ် ။ပန်တျာကူလာသာုဖွယ် ၁ ကုလာလင်မီ
(၂၅) ယာဒိုမာမြေါက် သားကောင်ဝုယ် နာကြောင် (စ။)
(၂၆) ငမွန် ၁ ငရောက် ၁ ငထုယ် ၁ ကုလါမိတူ ၁ သာမိပလု ၁ စည်သည်
ငပုသီ ၁
(၂၇) ရီ၁။ ။သန်ရင်မ်ပိယ်သောဖက်မမြိုင်လယ် ၅၀ တွင်ပုရှာသင်ဗုတ်တင်
(၂ဂ) စိယ်သော ၂ဝ.တ ၃၀ ကာညောင်နိယ် (က) တျာသိခင်စာစိယ်သ
တေ။သိခင်
(၂၉) (က၀) သူပိယ်ခသောပေါက်ပင် ဖလယ်သာ ၇၀ ရှိယ်ဦလယ်သာ ၂၀
အခပေါင်လယ် (ဂ)
(၃၁) ၉ဝကြည်နှင်စုံအပေါင် ၃၀၀။ ဤကာကျောင်နိယ်တတ်သာသိခင်စာစိယ်
(၃၂) အာ) ကျွန်လှူသော (ဘေ) လယ်လုံမှုစိယ်သော ၊ မင်လဝိသော
ပြင်မယ်ပုံလယ်
(၃၃) ၃၀ ၀၀၁ကောင်စာသင်ခပင်ပ္ပိယ်စာမူစိယ်သတေးနောင်ပိယ်သောမစ
ပေါင်
(၃၄) လ်၃၀၀ကာကောင်ထေရစာစိယ်သပေးလည်ကိုင်မပင်စရလဲခွယ်ရွာ၏
အနော
(၃၅) ရက်တောင်ထောင်အရပ်နှိုက်ပုံက္ကလဲဥပ လေထရစာ။ စင်ပည်ရွာအ
ရပ် ( ကျန်ဝဲသာ)
(၃၆) ကြလွင်ကစည်လဲအကြာသွာပယ်လ် ၁၀၀ ကာ ရတနာ ၃ ပါကာလူသ
တေ။ဤလဲကိုဂ်ကို
(၃၇) ပါယူသသူကာ အင်္ကဘာဘာအဝီစိအထယ်ငြယ်နစ်စိယ်သကေ။ အမျို
၇ ဆက်ပျက်8န္တိ
(၃၀) - စိယ်သတေ။ Zယ်ပုံလုံကြုံမကဖြစ်လတ္တံ့သောပုရှာက်ိုး မဖူစိယ် သ
ကေမရိယ်တွက်နိုင်သော
(၃၉) သင်္ခရာနှိုက်ပြီတွင်စိယ်သား၍အလှူကိုခံပင်သသူတို့ကာ ငာနှင့်
အကူအကိုင်ရစိယ်သကေ"	good	high	high	Best corpus-text overlap within parent sip-witness-015.	။ သကရာစ် ၅၉၈ ခု ကြတိုက်နှစ်။ ပ္လသိုဝ်လဆုတ် ၃ ရျက်။ တန်နှ င်လာ နိယ္အ်တက် ၉ ဖ္လွါခွယ် ပုထိုဝ်ကူ ထာပနာဧအ်။ ၂၈ ရျက်လျှင် ပြိ ဧအ်။ ကူထာပနာသောနိဟ္အ်လျှင် ရိယ်တွင် တူဧအ်။ တပိုဝ်ထွယ်လ ဆုတ် ၁၃ ရျက် သောကြာနိယ်လျှင် တန်တိုင် တည်ဧအ်	corpus_text_present_sip_confirms	clean_for_review	Removed obvious page artifacts: 50	Linked through exact corpus plate citation(s): Pl. I 105a. | Extracted from SIP printed pages 52-55 using the OCR page offset observed from the scanned volume. | Detected 2 inscription heading(s) inside the parent SIP witness range. | Segmented from parent sip-witness-015.
