witness_unit_id	source_key	citation_target_id	matched_local_file_id	printed_page_range	ocr_page_range	sip_ref	iob_plate	list_ref	ppa_ref	tn_ref	linked_inscription_id	linked_corpus_record_id	unit_type	language	raw_ocr_text	cleaned_witness_text	witness_text	ocr_quality	link_confidence	link_basis	review_status	notes
sip-witness-001	sipSelectionsPagan	corpus-citation-target-0371	luce_pemaungtin_1928_inscriptions_of_pag-da9f6d6d89b3	13-15	23-25	SIP 13-15	Plate IV	List 81 a	PPA 141-142	TN 66			source_text	Old Burmese/Burmese	"[[SIP page 13 / OCR page 23]]
၁၂
(၁၃) ဩက်မစ်ကွေ့နှိုက်လဲ ၃၀။ စည်သူမင်ကြီကွတ်သည်အိမ်ဘုန်သင်ကူဘု
ရာ ရွယ်ရှ
(၁၄) သလဲစလင်အရပ်ဥယန်မအရှိယ်လဲ ၁၀ တနှောင်ကြည်လဲ ၃၀ မခရာ
အရပ်သံပျင်သိယ်စ
(၁၅) ရင်တွင်လဲ ၂၀ ငလပုပ်တွင်သံပျင်ပုစရင်တွင်လဲ ၁၁၊ အပေါင်လဲ ၇ဝ။
အိမ်ပွင်
(၁၆) သင်ကူနှင်ကြေဘုရာသို့င် ယ္ခု ရွယ်လဲလှူတုမ်သော ပင်လဲလံ ၃ဝ ဥယန်ရာ
လဲကပ်၊ခံ
(၁၇) လ် ၃ဝ တျာလ် ၁ဝ အပေါင်လဲ ၇၁ စ်မင်မ်သူကြီသမန္တသူတိုင်
လှိုလ်
ချွတ်
(၁၀) ဘုရာတွင်ထောင်စလစ် ပျူရုယ်လှူတုံသောဝရင်တုတ်အရပ်ခမိုင်အင်တွင်
လ် ၄ဝ။ ဝ ။
(၁၉) ဤမျှငဝ်ညီရုယ်မူသကောင်မှုကိုဝ် မီပင်ပါသောသူကာငကိုနှင်ထပ်တူ
လျှင်ရ
(၂ဝ) စပါစေသတေ။ ဝ ။
ကျောက်စာကြောင်းရေ ၃၂ ဆုံး၏။
[[SIP page 14 / OCR page 24]]
၁၃
၇။ ။စည်သူမင်းကြီး ကျောက်စာ ။
(၁) ။။စည်သူမင်ကြီသကရစ် ၅၁ (၃) ဣမ်နှိမ်ကာ နန်မက်နေဟင်
(၂)
(င)
(၄)
မူသကာ ၃၇။]
က်တပ်အပေါင် ၆၃။မွောက်ဖက်ကိုင်တို(င်)...[လည်တဝ်မူ၏။
(၅)
....
သွာတင်မူလ
ကားမူ၏အရှေ့ဖက်သွါဘပ်မူလေ၏
ကာပူ၏အနော]
[ 8 မူလတ်တုံသ
ပြန်ဟပ်မူ၏။ဝ။ဟင်္သာအရှေသော … မ်ကန်ကြီဆည်
၏။ကန်ကြီပြီ]
င်သည်အရှေ့မြင်သေချွေါင်ကိုပ်
ခရကာ။ဝ။
[ပုကံပါမဆိုင်မိ
ဂ။ ။ပုဂံမြို့အရှေ့တောင်ယွန်းအရပ်၊ ဓမ္မရံကြီးကျောက်စာ၊
(၁) ။ပြီ။နမောဗုဒ္ဓာယ။ က္ကရာဇ်။ ၅၂၇။ မြဂ
(၂) သီရ်သံဝစ္ဆေရ်နှစ်။ ပွေ့သိီလဆုတ်၁ချက် ဟန်နှင်
(၃) လာနိယ်။ ပုသျှနက္ခတ်မိနလဂါ။ ၁ ပြီ ရ် ၂ နဦ
(၄) သာအဟ်၊ အမိမရိယ်ခဖုတ်သောက္ကောက်စာ။ အ (ထာ)
ကျောက်မျက်နှာတခြမ်းပျက်စီး၍၊[ ဤကဲ့သို့ကွင်းထဲ၌ရှိသောစကားကို ကျောက်စာအုပ်မှ နုတ်ထုတ်သည်။
[[SIP page 15 / OCR page 25]]
(၅၂) ပလတ်အရင်မှရှယ်ရိယ်ပါသော၊ က (လာန်) အိအိဖု (ဟ် ) ဟောင်
(၆) ။ကလာန်လု။သံပျာင်ဥဟ်။သံပျာင် ( ခု)န်သိဟ် ပယ် ( စု) ဘဲ။
(၇) - ဤယ်မျှသော၊သူတို ့၌ ရိယ်ရစ်သော။ ပုဟာကျွာန်ကံ
(ဂ) ကူန်ခြံ ၁။ မိယတ် ယ ုတ် ၁။ သိဟ် အိပ် ပုယ် ၁။ လာင်
(၉) လိယ် ၁။ သိဟ်အိမ်လွတ်၁။ အိအ်ခွောတ် ။ ယမလိတ် ၁။ သို့
(၁၀) ဟ်အိအိပ္ပါတ် ၁။ အိမ်မှာ ၁။ သိဟ် အိမ်ပြင် ၁။ အိမ်သွာ ။
(၁၁) ။မောင်ငာဖက်င် ၁။ မီယဟ် အိမ်လျှောက် ၁။သိဟ်အိမ်သိ
(၁၂) ဟ် ၁။အိအိချွန် ၁။ အိမ်ဟုန် ၁။ င၁န် ၁။ အိအိမွာန် ၊ သဟဲာ
၁
(၁၃) ထောယ် ၁။ ညိငာကယ် ၁။ ကွယ်အိက်စံ၊ င၁သတ် ၁။ မိယဟ်ကိ
(၁၄) အရံကြိဟ် ၁။သငာတုတ်ဖုတ် ၁။သဟ်င၁ကံ ၁။င၁၉၁။
(၁၅) ငာခုံ ၁။ငာတုန် ၁။အိမ် ပုံ တယ် ၁။ သိဟ်အိမ်ကံ ၁။လာင်္ာမှော
(၁၆) က် ၁။ သဟ်ငာတောသူ ၁။ အိဂုံ ၁။ငာကန်တုတ် ၁။အိအိ (ပုံ)
(၁၇) ကွယ် ၁။ သဟ် ၁။ အိမ်ဖေ ၁။ မောင်ာခြာသိယ် ၁။ အိမ်ရံငာ
အ
(၁ဂ) ယ် ၁။ လာင်္းဖုန္တာဝ် ၁။ သိဟ်အိမ်ကက္တိုင် ၁။ ငာခင် ၁။မိ
(၁၉) ယဟ်အိမ်ပ္ပည့်၁။ အိအိမျက်မြိယ်ကွယ် ၁။ သ္မိဟ် ၁။ ငာပြ
(၂၀) (စ်) ညာ ၁၊ ညီငာထိင် ၁။ ာလှော ၁။ ငာဆန် ၁။ မိယဟ်ယ
(၂၁) ကွယ် ၁။ သတ်ငာခရိတ်ဖုတ် ၁။ သဟော်မု၌ ၁။ ငာတိုင်
(၂၂) ၁။ အိမ်လွမ် ကွယ် ၁။ သဟ် ငာစိ၌ ၁။ သိဟ် အိက်ညိပ်"	"၁၂
(၁၃) ဩက်မစ်ကွေ့နှိုက်လဲ ၃၀။ စည်သူမင်ကြီကွတ်သည်အိမ်ဘုန်သင်ကူဘု
ရာ ရွယ်ရှ
(၁၄) သလဲစလင်အရပ်ဥယန်မအရှိယ်လဲ ၁၀ တနှောင်ကြည်လဲ ၃၀ မခရာ
အရပ်သံပျင်သိယ်စ
(၁၅) ရင်တွင်လဲ ၂၀ ငလပုပ်တွင်သံပျင်ပုစရင်တွင်လဲ ၁၁၊ အပေါင်လဲ ၇ဝ။
အိမ်ပွင်
(၁၆) သင်ကူနှင်ကြေဘုရာသို့င် ယ္ခု ရွယ်လဲလှူတုမ်သော ပင်လဲလံ ၃ဝ ဥယန်ရာ
လဲကပ်၊ခံ
(၁၇) လ် ၃ဝ တျာလ် ၁ဝ အပေါင်လဲ ၇၁ စ်မင်မ်သူကြီသမန္တသူတိုင်
လှိုလ်
ချွတ်
(၁၀) ဘုရာတွင်ထောင်စလစ် ပျူရုယ်လှူတုံသောဝရင်တုတ်အရပ်ခမိုင်အင်တွင်
လ် ၄ဝ။ ဝ ။
(၁၉) ဤမျှငဝ်ညီရုယ်မူသကောင်မှုကိုဝ် မီပင်ပါသောသူကာငကိုနှင်ထပ်တူ
လျှင်ရ
(၂ဝ) စပါစေသတေ။ ဝ ။
ကျောက်စာကြောင်းရေ ၃၂ ဆုံး၏။
၁၃
၇။ ။စည်သူမင်းကြီး ကျောက်စာ ။
(၁) ။။စည်သူမင်ကြီသကရစ် ၅၁ (၃) ဣမ်နှိမ်ကာ နန်မက်နေဟင်
(၂)
(င)
(၄)
မူသကာ ၃၇။]
က်တပ်အပေါင် ၆၃။မွောက်ဖက်ကိုင်တို(င်)[unclear][လည်တဝ်မူ၏။
(၅)
[unclear]
သွာတင်မူလ
ကားမူ၏အရှေ့ဖက်သွါဘပ်မူလေ၏
ကာပူ၏အနော]
[ 8 မူလတ်တုံသ
ပြန်ဟပ်မူ၏။ဝ။ဟင်္သာအရှေသော … မ်ကန်ကြီဆည်
၏။ကန်ကြီပြီ]
င်သည်အရှေ့မြင်သေချွေါင်ကိုပ်
ခရကာ။ဝ။
[ပုကံပါမဆိုင်မိ
ဂ။ ။ပုဂံမြို့အရှေ့တောင်ယွန်းအရပ်၊ ဓမ္မရံကြီးကျောက်စာ၊
(၁) ။ပြီ။နမောဗုဒ္ဓာယ။ က္ကရာဇ်။ ၅၂၇။ မြဂ
(၂) သီရ်သံဝစ္ဆေရ်နှစ်။ ပွေ့သိီလဆုတ်၁ချက် ဟန်နှင်
(၃) လာနိယ်။ ပုသျှနက္ခတ်မိနလဂါ။ ၁ ပြီ ရ် ၂ နဦ
(၄) သာအဟ်၊ အမိမရိယ်ခဖုတ်သောက္ကောက်စာ။ အ (ထာ)
ကျောက်မျက်နှာတခြမ်းပျက်စီး၍၊[ ဤကဲ့သို့ကွင်းထဲ၌ရှိသောစကားကို ကျောက်စာအုပ်မှ နုတ်ထုတ်သည်။
(၅၂) ပလတ်အရင်မှရှယ်ရိယ်ပါသော၊ က (လာန်) အိအိဖု (ဟ် ) ဟောင်
(၆) ။ကလာန်လု။သံပျာင်ဥဟ်။သံပျာင် ( ခု)န်သိဟ် ပယ် ( စု) ဘဲ။
(၇) - ဤယ်မျှသော၊သူတို ့၌ ရိယ်ရစ်သော။ ပုဟာကျွာန်ကံ
(ဂ) ကူန်ခြံ ၁။ မိယတ် ယ ုတ် ၁။ သိဟ် အိပ် ပုယ် ၁။ လာင်
(၉) လိယ် ၁။ သိဟ်အိမ်လွတ်၁။ အိအ်ခွောတ် ။ ယမလိတ် ၁။ သို့
(၁၀) ဟ်အိအိပ္ပါတ် ၁။ အိမ်မှာ ၁။ သိဟ် အိမ်ပြင် ၁။ အိမ်သွာ ။
(၁၁) ။မောင်ငာဖက်င် ၁။ မီယဟ် အိမ်လျှောက် ၁။သိဟ်အိမ်သိ
(၁၂) ဟ် ၁။အိအိချွန် ၁။ အိမ်ဟုန် ၁။ င၁န် ၁။ အိအိမွာန် ၊ သဟဲာ
၁
(၁၃) ထောယ် ၁။ ညိငာကယ် ၁။ ကွယ်အိက်စံ၊ င၁သတ် ၁။ မိယဟ်ကိ
(၁၄) အရံကြိဟ် ၁။သငာတုတ်ဖုတ် ၁။သဟ်င၁ကံ ၁။င၁၉၁။
(၁၅) ငာခုံ ၁။ငာတုန် ၁။အိမ် ပုံ တယ် ၁။ သိဟ်အိမ်ကံ ၁။လာင်္ာမှော
(၁၆) က် ၁။ သဟ်ငာတောသူ ၁။ အိဂုံ ၁။ငာကန်တုတ် ၁။အိအိ (ပုံ)
(၁၇) ကွယ် ၁။ သဟ် ၁။ အိမ်ဖေ ၁။ မောင်ာခြာသိယ် ၁။ အိမ်ရံငာ
အ
(၁ဂ) ယ် ၁။ လာင်္းဖုန္တာဝ် ၁။ သိဟ်အိမ်ကက္တိုင် ၁။ ငာခင် ၁။မိ
(၁၉) ယဟ်အိမ်ပ္ပည့်၁။ အိအိမျက်မြိယ်ကွယ် ၁။ သ္မိဟ် ၁။ ငာပြ
(၂၀) (စ်) ညာ ၁၊ ညီငာထိင် ၁။ ာလှော ၁။ ငာဆန် ၁။ မိယဟ်ယ
(၂၁) ကွယ် ၁။ သတ်ငာခရိတ်ဖုတ် ၁။ သဟော်မု၌ ၁။ ငာတိုင်
(၂၂) ၁။ အိမ်လွမ် ကွယ် ၁။ သဟ် ငာစိ၌ ၁။ သိဟ် အိက်ညိပ်"	"၁၂
(၁၃) ဩက်မစ်ကွေ့နှိုက်လဲ ၃၀။ စည်သူမင်ကြီကွတ်သည်အိမ်ဘုန်သင်ကူဘု
ရာ ရွယ်ရှ
(၁၄) သလဲစလင်အရပ်ဥယန်မအရှိယ်လဲ ၁၀ တနှောင်ကြည်လဲ ၃၀ မခရာ
အရပ်သံပျင်သိယ်စ
(၁၅) ရင်တွင်လဲ ၂၀ ငလပုပ်တွင်သံပျင်ပုစရင်တွင်လဲ ၁၁၊ အပေါင်လဲ ၇ဝ။
အိမ်ပွင်
(၁၆) သင်ကူနှင်ကြေဘုရာသို့င် ယ္ခု ရွယ်လဲလှူတုမ်သော ပင်လဲလံ ၃ဝ ဥယန်ရာ
လဲကပ်၊ခံ
(၁၇) လ် ၃ဝ တျာလ် ၁ဝ အပေါင်လဲ ၇၁ စ်မင်မ်သူကြီသမန္တသူတိုင်
လှိုလ်
ချွတ်
(၁၀) ဘုရာတွင်ထောင်စလစ် ပျူရုယ်လှူတုံသောဝရင်တုတ်အရပ်ခမိုင်အင်တွင်
လ် ၄ဝ။ ဝ ။
(၁၉) ဤမျှငဝ်ညီရုယ်မူသကောင်မှုကိုဝ် မီပင်ပါသောသူကာငကိုနှင်ထပ်တူ
လျှင်ရ
(၂ဝ) စပါစေသတေ။ ဝ ။
ကျောက်စာကြောင်းရေ ၃၂ ဆုံး၏။
၁၃
၇။ ။စည်သူမင်းကြီး ကျောက်စာ ။
(၁) ။။စည်သူမင်ကြီသကရစ် ၅၁ (၃) ဣမ်နှိမ်ကာ နန်မက်နေဟင်
(၂)
(င)
(၄)
မူသကာ ၃၇။]
က်တပ်အပေါင် ၆၃။မွောက်ဖက်ကိုင်တို(င်)[unclear][လည်တဝ်မူ၏။
(၅)
[unclear]
သွာတင်မူလ
ကားမူ၏အရှေ့ဖက်သွါဘပ်မူလေ၏
ကာပူ၏အနော]
[ 8 မူလတ်တုံသ
ပြန်ဟပ်မူ၏။ဝ။ဟင်္သာအရှေသော … မ်ကန်ကြီဆည်
၏။ကန်ကြီပြီ]
င်သည်အရှေ့မြင်သေချွေါင်ကိုပ်
ခရကာ။ဝ။
[ပုကံပါမဆိုင်မိ
ဂ။ ။ပုဂံမြို့အရှေ့တောင်ယွန်းအရပ်၊ ဓမ္မရံကြီးကျောက်စာ၊
(၁) ။ပြီ။နမောဗုဒ္ဓာယ။ က္ကရာဇ်။ ၅၂၇။ မြဂ
(၂) သီရ်သံဝစ္ဆေရ်နှစ်။ ပွေ့သိီလဆုတ်၁ချက် ဟန်နှင်
(၃) လာနိယ်။ ပုသျှနက္ခတ်မိနလဂါ။ ၁ ပြီ ရ် ၂ နဦ
(၄) သာအဟ်၊ အမိမရိယ်ခဖုတ်သောက္ကောက်စာ။ အ (ထာ)
ကျောက်မျက်နှာတခြမ်းပျက်စီး၍၊[ ဤကဲ့သို့ကွင်းထဲ၌ရှိသောစကားကို ကျောက်စာအုပ်မှ နုတ်ထုတ်သည်။
(၅၂) ပလတ်အရင်မှရှယ်ရိယ်ပါသော၊ က (လာန်) အိအိဖု (ဟ် ) ဟောင်
(၆) ။ကလာန်လု။သံပျာင်ဥဟ်။သံပျာင် ( ခု)န်သိဟ် ပယ် ( စု) ဘဲ။
(၇) - ဤယ်မျှသော၊သူတို ့၌ ရိယ်ရစ်သော။ ပုဟာကျွာန်ကံ
(ဂ) ကူန်ခြံ ၁။ မိယတ် ယ ုတ် ၁။ သိဟ် အိပ် ပုယ် ၁။ လာင်
(၉) လိယ် ၁။ သိဟ်အိမ်လွတ်၁။ အိအ်ခွောတ် ။ ယမလိတ် ၁။ သို့
(၁၀) ဟ်အိအိပ္ပါတ် ၁။ အိမ်မှာ ၁။ သိဟ် အိမ်ပြင် ၁။ အိမ်သွာ ။
(၁၁) ။မောင်ငာဖက်င် ၁။ မီယဟ် အိမ်လျှောက် ၁။သိဟ်အိမ်သိ
(၁၂) ဟ် ၁။အိအိချွန် ၁။ အိမ်ဟုန် ၁။ င၁န် ၁။ အိအိမွာန် ၊ သဟဲာ
၁
(၁၃) ထောယ် ၁။ ညိငာကယ် ၁။ ကွယ်အိက်စံ၊ င၁သတ် ၁။ မိယဟ်ကိ
(၁၄) အရံကြိဟ် ၁။သငာတုတ်ဖုတ် ၁။သဟ်င၁ကံ ၁။င၁၉၁။
(၁၅) ငာခုံ ၁။ငာတုန် ၁။အိမ် ပုံ တယ် ၁။ သိဟ်အိမ်ကံ ၁။လာင်္ာမှော
(၁၆) က် ၁။ သဟ်ငာတောသူ ၁။ အိဂုံ ၁။ငာကန်တုတ် ၁။အိအိ (ပုံ)
(၁၇) ကွယ် ၁။ သဟ် ၁။ အိမ်ဖေ ၁။ မောင်ာခြာသိယ် ၁။ အိမ်ရံငာ
အ
(၁ဂ) ယ် ၁။ လာင်္းဖုန္တာဝ် ၁။ သိဟ်အိမ်ကက္တိုင် ၁။ ငာခင် ၁။မိ
(၁၉) ယဟ်အိမ်ပ္ပည့်၁။ အိအိမျက်မြိယ်ကွယ် ၁။ သ္မိဟ် ၁။ ငာပြ
(၂၀) (စ်) ညာ ၁၊ ညီငာထိင် ၁။ ာလှော ၁။ ငာဆန် ၁။ မိယဟ်ယ
(၂၁) ကွယ် ၁။ သတ်ငာခရိတ်ဖုတ် ၁။ သဟော်မု၌ ၁။ ငာတိုင်
(၂၂) ၁။ အိမ်လွမ် ကွယ် ၁။ သဟ် ငာစိ၌ ၁။ သိဟ် အိက်ညိပ်"	usable_with_minor_noise	medium		needs_link_review	English index-of-plates entry extracted from the OCRed volume. | Extracted from SIP printed pages 13-15 using the OCR page offset observed from the scanned volume.
sip-witness-002	sipSelectionsPagan	corpus-citation-target-0371	luce_pemaungtin_1928_inscriptions_of_pag-da9f6d6d89b3	15-16	25-26	SIP 15-16	Plate V	List 81 b	PPA 143-144	TN 66-67			source_text	Old Burmese/Burmese	"[[SIP page 15 / OCR page 25]]
(၅၂) ပလတ်အရင်မှရှယ်ရိယ်ပါသော၊ က (လာန်) အိအိဖု (ဟ် ) ဟောင်
(၆) ။ကလာန်လု။သံပျာင်ဥဟ်။သံပျာင် ( ခု)န်သိဟ် ပယ် ( စု) ဘဲ။
(၇) - ဤယ်မျှသော၊သူတို ့၌ ရိယ်ရစ်သော။ ပုဟာကျွာန်ကံ
(ဂ) ကူန်ခြံ ၁။ မိယတ် ယ ုတ် ၁။ သိဟ် အိပ် ပုယ် ၁။ လာင်
(၉) လိယ် ၁။ သိဟ်အိမ်လွတ်၁။ အိအ်ခွောတ် ။ ယမလိတ် ၁။ သို့
(၁၀) ဟ်အိအိပ္ပါတ် ၁။ အိမ်မှာ ၁။ သိဟ် အိမ်ပြင် ၁။ အိမ်သွာ ။
(၁၁) ။မောင်ငာဖက်င် ၁။ မီယဟ် အိမ်လျှောက် ၁။သိဟ်အိမ်သိ
(၁၂) ဟ် ၁။အိအိချွန် ၁။ အိမ်ဟုန် ၁။ င၁န် ၁။ အိအိမွာန် ၊ သဟဲာ
၁
(၁၃) ထောယ် ၁။ ညိငာကယ် ၁။ ကွယ်အိက်စံ၊ င၁သတ် ၁။ မိယဟ်ကိ
(၁၄) အရံကြိဟ် ၁။သငာတုတ်ဖုတ် ၁။သဟ်င၁ကံ ၁။င၁၉၁။
(၁၅) ငာခုံ ၁။ငာတုန် ၁။အိမ် ပုံ တယ် ၁။ သိဟ်အိမ်ကံ ၁။လာင်္ာမှော
(၁၆) က် ၁။ သဟ်ငာတောသူ ၁။ အိဂုံ ၁။ငာကန်တုတ် ၁။အိအိ (ပုံ)
(၁၇) ကွယ် ၁။ သဟ် ၁။ အိမ်ဖေ ၁။ မောင်ာခြာသိယ် ၁။ အိမ်ရံငာ
အ
(၁ဂ) ယ် ၁။ လာင်္းဖုန္တာဝ် ၁။ သိဟ်အိမ်ကက္တိုင် ၁။ ငာခင် ၁။မိ
(၁၉) ယဟ်အိမ်ပ္ပည့်၁။ အိအိမျက်မြိယ်ကွယ် ၁။ သ္မိဟ် ၁။ ငာပြ
(၂၀) (စ်) ညာ ၁၊ ညီငာထိင် ၁။ ာလှော ၁။ ငာဆန် ၁။ မိယဟ်ယ
(၂၁) ကွယ် ၁။ သတ်ငာခရိတ်ဖုတ် ၁။ သဟော်မု၌ ၁။ ငာတိုင်
(၂၂) ၁။ အိမ်လွမ် ကွယ် ၁။ သဟ် ငာစိ၌ ၁။ သိဟ် အိက်ညိပ်
[[SIP page 16 / OCR page 26]]
၁၉
(၂၃) ၁။အိမ် ၁။ ငာမည္ဟုတ်၁။ မိယဉ် ယိက် ၁။ အိမ်ဖုန်
၉၁။
(၂၄) - ကွယ် ၁။ အိလ်ပွေါနွဲ့ကွယ်။ အိဏ် သစ်ခောက်ကွယ် ၁။
(၂၅) - သဟ် ငာရောက် ၁။ ၄၁ ( ဆာ) က် ၁။ ငာလျောင် ၁။ မိယ
(
နံပါတ် ဂ ကျောဘက်။
(၁) ။မိယဟ်အိဝည် ၁။ ကျွယ်အိမ်ရစ် ၁။ သို့ (အိမ်) ပျတ် ၁။(အိ)ငာယ် ၁၊ဖု
(၂) တ်ငာရောင် ၁။အပေါင် ၇၃ ဟိန္အအေ။ ။(လုံကွောတ်) ပုတြာကျွာ
(၃) န်။ငာကွောမြင်။ မိယာအိအိတုန် ၁။သာ ငဝံ၉။ဧစ်လိပ်င
(၄) တိုင်။ ဂီတာကူ။ ငာပဌ် ဖုတ်။သာာပမြို့။ စီတာပေါဌ်။ငာဖွာ
အ
CO
(၅) ဝ်။သို့အိမ်ထေည် က္မယ်။ သို့အိအ် (ဖ) က်။ အယ ်မိထုယ်အိမ်၌
(၆) ယ်။ အိမ်ရွယ်။ ီမအိမ်စေည်။ ငာမြင်။မိယာအိမ်ရောက်
(၇) ။သာသာ။.ငာကြည်။ ငငြိမ်။နှမအိအိကြ။သ္မီအိဘ်
(ဂ) ကူ။ငတမုံ။ မိယာအိအိစို့။ ညီမအိအိကိုပဟ်။အိမ်ပွါ
(၉) ်ကွယ်၊ငာတွောန်။ယာ အိက်န္တာယ်။သမိအိမ်မြုတ်
(၁ဝ) ပန္လဟ်။ မအိရံ။ အိမ် ဆုန်းမောင်ငာဆုငိငာဆီ
(၁၁) င်။င၁၂။မိယာအိမ်ခောရန်။သငားထောင်။ဩ
(၁၂) င်းတာကြိမ်။ ရိယာတိ႔ သိုကိတ်ပန်။ငိမအိအိထွ
လအ
(၁၃) န်။မောင်ငာဦင်။ဝီစာင်။ငိတာလောက်။ဝီတာချ"	"(၅၂) ပလတ်အရင်မှရှယ်ရိယ်ပါသော၊ က (လာန်) အိအိဖု (ဟ် ) ဟောင်
(၆) ။ကလာန်လု။သံပျာင်ဥဟ်။သံပျာင် ( ခု)န်သိဟ် ပယ် ( စု) ဘဲ။
(၇) - ဤယ်မျှသော၊သူတို ့၌ ရိယ်ရစ်သော။ ပုဟာကျွာန်ကံ
(ဂ) ကူန်ခြံ ၁။ မိယတ် ယ ုတ် ၁။ သိဟ် အိပ် ပုယ် ၁။ လာင်
(၉) လိယ် ၁။ သိဟ်အိမ်လွတ်၁။ အိအ်ခွောတ် ။ ယမလိတ် ၁။ သို့
(၁၀) ဟ်အိအိပ္ပါတ် ၁။ အိမ်မှာ ၁။ သိဟ် အိမ်ပြင် ၁။ အိမ်သွာ ။
(၁၁) ။မောင်ငာဖက်င် ၁။ မီယဟ် အိမ်လျှောက် ၁။သိဟ်အိမ်သိ
(၁၂) ဟ် ၁။အိအိချွန် ၁။ အိမ်ဟုန် ၁။ င၁န် ၁။ အိအိမွာန် ၊ သဟဲာ
၁
(၁၃) ထောယ် ၁။ ညိငာကယ် ၁။ ကွယ်အိက်စံ၊ င၁သတ် ၁။ မိယဟ်ကိ
(၁၄) အရံကြိဟ် ၁။သငာတုတ်ဖုတ် ၁။သဟ်င၁ကံ ၁။င၁၉၁။
(၁၅) ငာခုံ ၁။ငာတုန် ၁။အိမ် ပုံ တယ် ၁။ သိဟ်အိမ်ကံ ၁။လာင်္ာမှော
(၁၆) က် ၁။ သဟ်ငာတောသူ ၁။ အိဂုံ ၁။ငာကန်တုတ် ၁။အိအိ (ပုံ)
(၁၇) ကွယ် ၁။ သဟ် ၁။ အိမ်ဖေ ၁။ မောင်ာခြာသိယ် ၁။ အိမ်ရံငာ
အ
(၁ဂ) ယ် ၁။ လာင်္းဖုန္တာဝ် ၁။ သိဟ်အိမ်ကက္တိုင် ၁။ ငာခင် ၁။မိ
(၁၉) ယဟ်အိမ်ပ္ပည့်၁။ အိအိမျက်မြိယ်ကွယ် ၁။ သ္မိဟ် ၁။ ငာပြ
(၂၀) (စ်) ညာ ၁၊ ညီငာထိင် ၁။ ာလှော ၁။ ငာဆန် ၁။ မိယဟ်ယ
(၂၁) ကွယ် ၁။ သတ်ငာခရိတ်ဖုတ် ၁။ သဟော်မု၌ ၁။ ငာတိုင်
(၂၂) ၁။ အိမ်လွမ် ကွယ် ၁။ သဟ် ငာစိ၌ ၁။ သိဟ် အိက်ညိပ်
၁၉
(၂၃) ၁။အိမ် ၁။ ငာမည္ဟုတ်၁။ မိယဉ် ယိက် ၁။ အိမ်ဖုန်
၉၁။
(၂၄) - ကွယ် ၁။ အိလ်ပွေါနွဲ့ကွယ်။ အိဏ် သစ်ခောက်ကွယ် ၁။
(၂၅) - သဟ် ငာရောက် ၁။ ၄၁ ( ဆာ) က် ၁။ ငာလျောင် ၁။ မိယ
(
နံပါတ် ဂ ကျောဘက်။
(၁) ။မိယဟ်အိဝည် ၁။ ကျွယ်အိမ်ရစ် ၁။ သို့ (အိမ်) ပျတ် ၁။(အိ)ငာယ် ၁၊ဖု
(၂) တ်ငာရောင် ၁။အပေါင် ၇၃ ဟိန္အအေ။ ။(လုံကွောတ်) ပုတြာကျွာ
(၃) န်။ငာကွောမြင်။ မိယာအိအိတုန် ၁။သာ ငဝံ၉။ဧစ်လိပ်င
(၄) တိုင်။ ဂီတာကူ။ ငာပဌ် ဖုတ်။သာာပမြို့။ စီတာပေါဌ်။ငာဖွာ
အ
CO
(၅) ဝ်။သို့အိမ်ထေည် က္မယ်။ သို့အိအ် (ဖ) က်။ အယ ်မိထုယ်အိမ်၌
(၆) ယ်။ အိမ်ရွယ်။ ီမအိမ်စေည်။ ငာမြင်။မိယာအိမ်ရောက်
(၇) ။သာသာ။.ငာကြည်။ ငငြိမ်။နှမအိအိကြ။သ္မီအိဘ်
(ဂ) ကူ။ငတမုံ။ မိယာအိအိစို့။ ညီမအိအိကိုပဟ်။အိမ်ပွါ
(၉) ်ကွယ်၊ငာတွောန်။ယာ အိက်န္တာယ်။သမိအိမ်မြုတ်
(၁ဝ) ပန္လဟ်။ မအိရံ။ အိမ် ဆုန်းမောင်ငာဆုငိငာဆီ
(၁၁) င်။င၁၂။မိယာအိမ်ခောရန်။သငားထောင်။ဩ
(၁၂) င်းတာကြိမ်။ ရိယာတိ႔ သိုကိတ်ပန်။ငိမအိအိထွ
လအ
(၁၃) န်။မောင်ငာဦင်။ဝီစာင်။ငိတာလောက်။ဝီတာချ"	"(၅၂) ပလတ်အရင်မှရှယ်ရိယ်ပါသော၊ က (လာန်) အိအိဖု (ဟ် ) ဟောင်
(၆) ။ကလာန်လု။သံပျာင်ဥဟ်။သံပျာင် ( ခု)န်သိဟ် ပယ် ( စု) ဘဲ။
(၇) - ဤယ်မျှသော၊သူတို ့၌ ရိယ်ရစ်သော။ ပုဟာကျွာန်ကံ
(ဂ) ကူန်ခြံ ၁။ မိယတ် ယ ုတ် ၁။ သိဟ် အိပ် ပုယ် ၁။ လာင်
(၉) လိယ် ၁။ သိဟ်အိမ်လွတ်၁။ အိအ်ခွောတ် ။ ယမလိတ် ၁။ သို့
(၁၀) ဟ်အိအိပ္ပါတ် ၁။ အိမ်မှာ ၁။ သိဟ် အိမ်ပြင် ၁။ အိမ်သွာ ။
(၁၁) ။မောင်ငာဖက်င် ၁။ မီယဟ် အိမ်လျှောက် ၁။သိဟ်အိမ်သိ
(၁၂) ဟ် ၁။အိအိချွန် ၁။ အိမ်ဟုန် ၁။ င၁န် ၁။ အိအိမွာန် ၊ သဟဲာ
၁
(၁၃) ထောယ် ၁။ ညိငာကယ် ၁။ ကွယ်အိက်စံ၊ င၁သတ် ၁။ မိယဟ်ကိ
(၁၄) အရံကြိဟ် ၁။သငာတုတ်ဖုတ် ၁။သဟ်င၁ကံ ၁။င၁၉၁။
(၁၅) ငာခုံ ၁။ငာတုန် ၁။အိမ် ပုံ တယ် ၁။ သိဟ်အိမ်ကံ ၁။လာင်္ာမှော
(၁၆) က် ၁။ သဟ်ငာတောသူ ၁။ အိဂုံ ၁။ငာကန်တုတ် ၁။အိအိ (ပုံ)
(၁၇) ကွယ် ၁။ သဟ် ၁။ အိမ်ဖေ ၁။ မောင်ာခြာသိယ် ၁။ အိမ်ရံငာ
အ
(၁ဂ) ယ် ၁။ လာင်္းဖုန္တာဝ် ၁။ သိဟ်အိမ်ကက္တိုင် ၁။ ငာခင် ၁။မိ
(၁၉) ယဟ်အိမ်ပ္ပည့်၁။ အိအိမျက်မြိယ်ကွယ် ၁။ သ္မိဟ် ၁။ ငာပြ
(၂၀) (စ်) ညာ ၁၊ ညီငာထိင် ၁။ ာလှော ၁။ ငာဆန် ၁။ မိယဟ်ယ
(၂၁) ကွယ် ၁။ သတ်ငာခရိတ်ဖုတ် ၁။ သဟော်မု၌ ၁။ ငာတိုင်
(၂၂) ၁။ အိမ်လွမ် ကွယ် ၁။ သဟ် ငာစိ၌ ၁။ သိဟ် အိက်ညိပ်
၁၉
(၂၃) ၁။အိမ် ၁။ ငာမည္ဟုတ်၁။ မိယဉ် ယိက် ၁။ အိမ်ဖုန်
၉၁။
(၂၄) - ကွယ် ၁။ အိလ်ပွေါနွဲ့ကွယ်။ အိဏ် သစ်ခောက်ကွယ် ၁။
(၂၅) - သဟ် ငာရောက် ၁။ ၄၁ ( ဆာ) က် ၁။ ငာလျောင် ၁။ မိယ
(
နံပါတ် ဂ ကျောဘက်။
(၁) ။မိယဟ်အိဝည် ၁။ ကျွယ်အိမ်ရစ် ၁။ သို့ (အိမ်) ပျတ် ၁။(အိ)ငာယ် ၁၊ဖု
(၂) တ်ငာရောင် ၁။အပေါင် ၇၃ ဟိန္အအေ။ ။(လုံကွောတ်) ပုတြာကျွာ
(၃) န်။ငာကွောမြင်။ မိယာအိအိတုန် ၁။သာ ငဝံ၉။ဧစ်လိပ်င
(၄) တိုင်။ ဂီတာကူ။ ငာပဌ် ဖုတ်။သာာပမြို့။ စီတာပေါဌ်။ငာဖွာ
အ
CO
(၅) ဝ်။သို့အိမ်ထေည် က္မယ်။ သို့အိအ် (ဖ) က်။ အယ ်မိထုယ်အိမ်၌
(၆) ယ်။ အိမ်ရွယ်။ ီမအိမ်စေည်။ ငာမြင်။မိယာအိမ်ရောက်
(၇) ။သာသာ။.ငာကြည်။ ငငြိမ်။နှမအိအိကြ။သ္မီအိဘ်
(ဂ) ကူ။ငတမုံ။ မိယာအိအိစို့။ ညီမအိအိကိုပဟ်။အိမ်ပွါ
(၉) ်ကွယ်၊ငာတွောန်။ယာ အိက်န္တာယ်။သမိအိမ်မြုတ်
(၁ဝ) ပန္လဟ်။ မအိရံ။ အိမ် ဆုန်းမောင်ငာဆုငိငာဆီ
(၁၁) င်။င၁၂။မိယာအိမ်ခောရန်။သငားထောင်။ဩ
(၁၂) င်းတာကြိမ်။ ရိယာတိ႔ သိုကိတ်ပန်။ငိမအိအိထွ
လအ
(၁၃) န်။မောင်ငာဦင်။ဝီစာင်။ငိတာလောက်။ဝီတာချ"	good	medium		needs_link_review	English index-of-plates entry extracted from the OCRed volume. | Extracted from SIP printed pages 15-16 using the OCR page offset observed from the scanned volume.
sip-witness-003	sipSelectionsPagan	corpus-citation-target-0371	luce_pemaungtin_1928_inscriptions_of_pag-da9f6d6d89b3	19-20	29-30	SIP 19-20	Plate X a	List 123a	PPA 151-152	TN 70			source_text	Old Burmese/Burmese	"[[SIP page 19 / OCR page 29]]
50
၁၀။ ပုဂံမြို့အရွှေတောင်ယွန်း၊ စူဠာမဏိကျောက်စာ၊
(၁) ၊ ၊နမႈသဗ္ဗညာယ၊ ၊သကရစ် ၅၄၅ ခုစိဿနှစ်
(၂) တန်ဆောင်မှုန်ညွှန် ၃ ချက်ကြာသပတေနေအာစိက္ခုတ်ကွန်ထက်
(၃) တော်တေနိယ်အရောင် သိုဝ်ဟောက်ပစွာ မသောနက်နှင်ဟူသော စည်
သူမင်ကြီ
(၄) သည်ကာ အရှေ့ရင် သိုဝ်ထွက်တ်မူလတ်သော အခာနှိုက်လျှင် ထို
တောက်သည့်
(၅) မိလေါဟု ခေတ်မှ၏၊ သူမျာတိုင်ကာ မီဟု ရုယ်နာတီပျောက်၏ မင်ကြီ
(ကာ)ပ
တ္တမြါတောက်စသအမှတ်ကို သိတ်မှရုယ်ဆ(င်)တီပွန်လတ်ရုယ်သြ၍
အရ
(၇) ပ်ကာ မွတ်စွာတကာဟုဆိုဝ်တ်မူရုယ်ကူတ်အ (ရာ) နင်ခ၏ နှင်မြီမှလျင်
ထွ
(ဂ) ဓွင်ရုယ်ထာမနာ၏ကုတ်အရာလေတွေ၏ကူတ်တဆင်8ကလျှင်။ ဩဖုရာ
(၉) လေဠုတ်မှရုယ်ပြိ၏ထိုင်ပြီမှလျှင်အထက်တဆင်ဂျွတ်မှတုံဧပြီ၏
(၁ဝ) ထိုင်ပြီမှလျှင် အထက်ဖုရာပျွတ်မူသည်ပြီဟူ မင်ကြီကို နာတိလျောက်
(၁၁) ၏ (မင်) ကြီကုတ်တွင် ဝင်ရွှေဖုရာရွှေနတ်မူသအခာနှိုက်လျှင်မဟာ
[[SIP page 20 / OCR page 30]]
၁၉
(၁၂) ကြီ) ကိုဝ်ခပ်တီမူရယ် ရေစင်တဲ့ ချွ သက္ကာ သာသနာ ၅၁ဝဝ တေရစ်စိမ်
သော
(၁၃) ငှာမျှောလှူခသလ်ကာပင်ခရိုန်တွင် ၁၇၁ ပဲ။ စာကြောင်း ၄ဝ ဆုံး၏။
၁၁။ ။ပုဂံမြို့ဓမ္မရံကြီးဘုရားတောင်ပေ ၃၀၀ ခန့်တောင်ကူနီဘုရားကျောက်စာ။
(၁) ။ ။ညီတြိဘဝနာဒိတျပဝရဓမ္မရာဇာမင်ကြီအမတ်
(၂ ) ကျာကြီသိင်္ဃသူရ်မည်သောဒါယကာသည် သင်္ခါရာဆို
(၃) ငြယ်ခပ် (က)ယ်သောဟ်ကုန်ရာဖွစ်သော သဗ္ဗညုမည်
(၄) သော။ ပုဟာအဖြစ်ကိုလုပ်သောဟံကြော ဧ
(၅) သကရစ် ၅၅၂ ိ ခုတန်ဆောင်မွန်လဆန်
(၆) (၂ ချက်) သုကြာနိ ၃ ပဟိုရ် ၁ နဦသောအာ။ကု
(၇) ထာပနာသောဟဝ်။ ပရိတ်ရွတ်သောကာရွှိုင်
(ဂ) မဟါထေရ် ပရ် ဗောဒိ။ ရွှိုင်ဂုဏာ(ရိ) သေ
(၉) လ်။ သိုင်အ(င်္ဂရ်) ။သိင်မဟာပဏ္ဍိတ်၊သို့
(၁ဝ) ်အက်။သို့ဓမ္မဂမ္ဘီရ်။ သို့ဓမ္မဂုရု။ သိင်
(၁၁) ဓမ္မန (န္ဒီ) ။ လွိုင်နဂါ။ ဤယ်သိင် ဂ ယောက်
(၁၂) ဟုတ္တာ။ဤယ်ကူနှင့်ပိတကတ်လွှတ်သောရှင်
(၁၃) အာ။ သင်ကန် ၁ (၂) ဝ သောကစသောအလှူကြီ
ကျောက်စာ စာရင်း၌ ၅၅၃ ဟုတ်သည်။"	"50
၁၀။ ပုဂံမြို့အရွှေတောင်ယွန်း၊ စူဠာမဏိကျောက်စာ၊
(၁) ၊ ၊နမႈသဗ္ဗညာယ၊ ၊သကရစ် ၅၄၅ ခုစိဿနှစ်
(၂) တန်ဆောင်မှုန်ညွှန် ၃ ချက်ကြာသပတေနေအာစိက္ခုတ်ကွန်ထက်
(၃) တော်တေနိယ်အရောင် သိုဝ်ဟောက်ပစွာ မသောနက်နှင်ဟူသော စည်
သူမင်ကြီ
(၄) သည်ကာ အရှေ့ရင် သိုဝ်ထွက်တ်မူလတ်သော အခာနှိုက်လျှင် ထို
တောက်သည့်
(၅) မိလေါဟု ခေတ်မှ၏၊ သူမျာတိုင်ကာ မီဟု ရုယ်နာတီပျောက်၏ မင်ကြီ
(ကာ)ပ
တ္တမြါတောက်စသအမှတ်ကို သိတ်မှရုယ်ဆ(င်)တီပွန်လတ်ရုယ်သြ၍
အရ
(၇) ပ်ကာ မွတ်စွာတကာဟုဆိုဝ်တ်မူရုယ်ကူတ်အ (ရာ) နင်ခ၏ နှင်မြီမှလျင်
ထွ
(ဂ) ဓွင်ရုယ်ထာမနာ၏ကုတ်အရာလေတွေ၏ကူတ်တဆင်8ကလျှင်။ ဩဖုရာ
(၉) လေဠုတ်မှရုယ်ပြိ၏ထိုင်ပြီမှလျှင်အထက်တဆင်ဂျွတ်မှတုံဧပြီ၏
(၁ဝ) ထိုင်ပြီမှလျှင် အထက်ဖုရာပျွတ်မူသည်ပြီဟူ မင်ကြီကို နာတိလျောက်
(၁၁) ၏ (မင်) ကြီကုတ်တွင် ဝင်ရွှေဖုရာရွှေနတ်မူသအခာနှိုက်လျှင်မဟာ
၁၉
(၁၂) ကြီ) ကိုဝ်ခပ်တီမူရယ် ရေစင်တဲ့ ချွ သက္ကာ သာသနာ ၅၁ဝဝ တေရစ်စိမ်
သော
(၁၃) ငှာမျှောလှူခသလ်ကာပင်ခရိုန်တွင် ၁၇၁ ပဲ။ စာကြောင်း ၄ဝ ဆုံး၏။
၁၁။ ။ပုဂံမြို့ဓမ္မရံကြီးဘုရားတောင်ပေ ၃၀၀ ခန့်တောင်ကူနီဘုရားကျောက်စာ။
(၁) ။ ။ညီတြိဘဝနာဒိတျပဝရဓမ္မရာဇာမင်ကြီအမတ်
(၂ ) ကျာကြီသိင်္ဃသူရ်မည်သောဒါယကာသည် သင်္ခါရာဆို
(၃) ငြယ်ခပ် (က)ယ်သောဟ်ကုန်ရာဖွစ်သော သဗ္ဗညုမည်
(၄) သော။ ပုဟာအဖြစ်ကိုလုပ်သောဟံကြော ဧ
(၅) သကရစ် ၅၅၂ ိ ခုတန်ဆောင်မွန်လဆန်
(၆) (၂ ချက်) သုကြာနိ ၃ ပဟိုရ် ၁ နဦသောအာ။ကု
(၇) ထာပနာသောဟဝ်။ ပရိတ်ရွတ်သောကာရွှိုင်
(ဂ) မဟါထေရ် ပရ် ဗောဒိ။ ရွှိုင်ဂုဏာ(ရိ) သေ
(၉) လ်။ သိုင်အ(င်္ဂရ်) ။သိင်မဟာပဏ္ဍိတ်၊သို့
(၁ဝ) ်အက်။သို့ဓမ္မဂမ္ဘီရ်။ သို့ဓမ္မဂုရု။ သိင်
(၁၁) ဓမ္မန (န္ဒီ) ။ လွိုင်နဂါ။ ဤယ်သိင် ဂ ယောက်
(၁၂) ဟုတ္တာ။ဤယ်ကူနှင့်ပိတကတ်လွှတ်သောရှင်
(၁၃) အာ။ သင်ကန် ၁ (၂) ဝ သောကစသောအလှူကြီ
ကျောက်စာ စာရင်း၌ ၅၅၃ ဟုတ်သည်။"	"50
၁၀။ ပုဂံမြို့အရွှေတောင်ယွန်း၊ စူဠာမဏိကျောက်စာ၊
(၁) ၊ ၊နမႈသဗ္ဗညာယ၊ ၊သကရစ် ၅၄၅ ခုစိဿနှစ်
(၂) တန်ဆောင်မှုန်ညွှန် ၃ ချက်ကြာသပတေနေအာစိက္ခုတ်ကွန်ထက်
(၃) တော်တေနိယ်အရောင် သိုဝ်ဟောက်ပစွာ မသောနက်နှင်ဟူသော စည်
သူမင်ကြီ
(၄) သည်ကာ အရှေ့ရင် သိုဝ်ထွက်တ်မူလတ်သော အခာနှိုက်လျှင် ထို
တောက်သည့်
(၅) မိလေါဟု ခေတ်မှ၏၊ သူမျာတိုင်ကာ မီဟု ရုယ်နာတီပျောက်၏ မင်ကြီ
(ကာ)ပ
တ္တမြါတောက်စသအမှတ်ကို သိတ်မှရုယ်ဆ(င်)တီပွန်လတ်ရုယ်သြ၍
အရ
(၇) ပ်ကာ မွတ်စွာတကာဟုဆိုဝ်တ်မူရုယ်ကူတ်အ (ရာ) နင်ခ၏ နှင်မြီမှလျင်
ထွ
(ဂ) ဓွင်ရုယ်ထာမနာ၏ကုတ်အရာလေတွေ၏ကူတ်တဆင်8ကလျှင်။ ဩဖုရာ
(၉) လေဠုတ်မှရုယ်ပြိ၏ထိုင်ပြီမှလျှင်အထက်တဆင်ဂျွတ်မှတုံဧပြီ၏
(၁ဝ) ထိုင်ပြီမှလျှင် အထက်ဖုရာပျွတ်မူသည်ပြီဟူ မင်ကြီကို နာတိလျောက်
(၁၁) ၏ (မင်) ကြီကုတ်တွင် ဝင်ရွှေဖုရာရွှေနတ်မူသအခာနှိုက်လျှင်မဟာ
၁၉
(၁၂) ကြီ) ကိုဝ်ခပ်တီမူရယ် ရေစင်တဲ့ ချွ သက္ကာ သာသနာ ၅၁ဝဝ တေရစ်စိမ်
သော
(၁၃) ငှာမျှောလှူခသလ်ကာပင်ခရိုန်တွင် ၁၇၁ ပဲ။ စာကြောင်း ၄ဝ ဆုံး၏။
၁၁။ ။ပုဂံမြို့ဓမ္မရံကြီးဘုရားတောင်ပေ ၃၀၀ ခန့်တောင်ကူနီဘုရားကျောက်စာ။
(၁) ။ ။ညီတြိဘဝနာဒိတျပဝရဓမ္မရာဇာမင်ကြီအမတ်
(၂ ) ကျာကြီသိင်္ဃသူရ်မည်သောဒါယကာသည် သင်္ခါရာဆို
(၃) ငြယ်ခပ် (က)ယ်သောဟ်ကုန်ရာဖွစ်သော သဗ္ဗညုမည်
(၄) သော။ ပုဟာအဖြစ်ကိုလုပ်သောဟံကြော ဧ
(၅) သကရစ် ၅၅၂ ိ ခုတန်ဆောင်မွန်လဆန်
(၆) (၂ ချက်) သုကြာနိ ၃ ပဟိုရ် ၁ နဦသောအာ။ကု
(၇) ထာပနာသောဟဝ်။ ပရိတ်ရွတ်သောကာရွှိုင်
(ဂ) မဟါထေရ် ပရ် ဗောဒိ။ ရွှိုင်ဂုဏာ(ရိ) သေ
(၉) လ်။ သိုင်အ(င်္ဂရ်) ။သိင်မဟာပဏ္ဍိတ်၊သို့
(၁ဝ) ်အက်။သို့ဓမ္မဂမ္ဘီရ်။ သို့ဓမ္မဂုရု။ သိင်
(၁၁) ဓမ္မန (န္ဒီ) ။ လွိုင်နဂါ။ ဤယ်သိင် ဂ ယောက်
(၁၂) ဟုတ္တာ။ဤယ်ကူနှင့်ပိတကတ်လွှတ်သောရှင်
(၁၃) အာ။ သင်ကန် ၁ (၂) ဝ သောကစသောအလှူကြီ
ကျောက်စာ စာရင်း၌ ၅၅၃ ဟုတ်သည်။"	good	medium		needs_link_review	English index-of-plates entry extracted from the OCRed volume. | Extracted from SIP printed pages 19-20 using the OCR page offset observed from the scanned volume.
sip-witness-004	sipSelectionsPagan	corpus-citation-target-0371	luce_pemaungtin_1928_inscriptions_of_pag-da9f6d6d89b3	21	31	SIP 21	Plate X b	List 123 b	PPA 153-154	TN 70-71			source_text	Old Burmese/Burmese	"[[SIP page 21 / OCR page 31]]
jo
(၁၄) လယ်၏။ပုဟာမသောကြာ၊ပ
(၁၅) . ကုရ်မည်သောစည်လျှင် ဖွင်နိုင်ထထလော
(၁၆) ည်နှိပ်လိုရကာ။စည်ကြီပန်တျာ ပျူသော
(၁၇) ၊စည်သည်ကာ cာသူခာ။င၁မတ် ငာမရန်။
(၁၀) ငာဖုန်ဆုမ်။ပသာသည်ကာသူရိမ်။ခွက်
(၁၉) ခွင်သည်ကာ။ဗာ (၂) ။ကုလာပန်တျာက။ပု
(၂၀) လောလိ။ စည်သည်ကာရမ်။ အရီးမြန်မာ
(၂၁) ပန်တျာကာ။အို(ဝ်သာ။) အိုင်ကောင်းအိုကြီ။
(၂) စည်သည်ကာ၁ဖုန်ရ။ စည်သည်မိယာကာ
(၂၃) ၊ဥယန္တိပရိနာ£။(၁) ပီး (၁ဒိ)၊ သာပုလောလိ
ICO
(၂၄) ။နံမနီ။ ကုတ်တဦာ(ဗ ်)။ပုတ ် ။ငာကြွ
(၂၅) မ် ။ ၂၃ ယောက်။ဖစ်လိယ်(သောကာ)။မွတ်
(၂၆) သိပ်ဆိုငြယ်သောကိုဝ်မလိုချွင်ရကာ၊ ပု
(၂၇) . ဟာသ္မိင်နှင့်၍ယ်ကျောင်နိယ်သောသင်္ဃာအာ
(၂ဂ) လှူသော။ တဗလယ် အပါယ် ၃ဝ၁ဝ (ရံ) မက်ကျောန်
32
(၂၉) အဖစ်မှတေည်တင်လှန်လိုဝ်ရကာပုဟာသိင်
(၃၀) နှင့်သင်္ဃာကပ္ပိယ်ဝါရ်မူစိယ်ငှာလှူသောကျောန်
(၃၁) လေ ၁ဝဝ ဝ ။ထိုကျွောန်ကာအတီနွေ။
။
O
ကျောဘက်"	"jo
(၁၄) လယ်၏။ပုဟာမသောကြာ၊ပ
(၁၅) . ကုရ်မည်သောစည်လျှင် ဖွင်နိုင်ထထလော
(၁၆) ည်နှိပ်လိုရကာ။စည်ကြီပန်တျာ ပျူသော
(၁၇) ၊စည်သည်ကာ cာသူခာ။င၁မတ် ငာမရန်။
(၁၀) ငာဖုန်ဆုမ်။ပသာသည်ကာသူရိမ်။ခွက်
(၁၉) ခွင်သည်ကာ။ဗာ (၂) ။ကုလာပန်တျာက။ပု
(၂၀) လောလိ။ စည်သည်ကာရမ်။ အရီးမြန်မာ
(၂၁) ပန်တျာကာ။အို(ဝ်သာ။) အိုင်ကောင်းအိုကြီ။
(၂) စည်သည်ကာ၁ဖုန်ရ။ စည်သည်မိယာကာ
(၂၃) ၊ဥယန္တိပရိနာ£။(၁) ပီး (၁ဒိ)၊ သာပုလောလိ
ICO
(၂၄) ။နံမနီ။ ကုတ်တဦာ(ဗ ်)။ပုတ ် ။ငာကြွ
(၂၅) မ် ။ ၂၃ ယောက်။ဖစ်လိယ်(သောကာ)။မွတ်
(၂၆) သိပ်ဆိုငြယ်သောကိုဝ်မလိုချွင်ရကာ၊ ပု
(၂၇) . ဟာသ္မိင်နှင့်၍ယ်ကျောင်နိယ်သောသင်္ဃာအာ
(၂ဂ) လှူသော။ တဗလယ် အပါယ် ၃ဝ၁ဝ (ရံ) မက်ကျောန်
32
(၂၉) အဖစ်မှတေည်တင်လှန်လိုဝ်ရကာပုဟာသိင်
(၃၀) နှင့်သင်္ဃာကပ္ပိယ်ဝါရ်မူစိယ်ငှာလှူသောကျောန်
(၃၁) လေ ၁ဝဝ ဝ ။ထိုကျွောန်ကာအတီနွေ။
။
O
ကျောဘက်"	"jo
(၁၄) လယ်၏။ပုဟာမသောကြာ၊ပ
(၁၅) . ကုရ်မည်သောစည်လျှင် ဖွင်နိုင်ထထလော
(၁၆) ည်နှိပ်လိုရကာ။စည်ကြီပန်တျာ ပျူသော
(၁၇) ၊စည်သည်ကာ cာသူခာ။င၁မတ် ငာမရန်။
(၁၀) ငာဖုန်ဆုမ်။ပသာသည်ကာသူရိမ်။ခွက်
(၁၉) ခွင်သည်ကာ။ဗာ (၂) ။ကုလာပန်တျာက။ပု
(၂၀) လောလိ။ စည်သည်ကာရမ်။ အရီးမြန်မာ
(၂၁) ပန်တျာကာ။အို(ဝ်သာ။) အိုင်ကောင်းအိုကြီ။
(၂) စည်သည်ကာ၁ဖုန်ရ။ စည်သည်မိယာကာ
(၂၃) ၊ဥယန္တိပရိနာ£။(၁) ပီး (၁ဒိ)၊ သာပုလောလိ
ICO
(၂၄) ။နံမနီ။ ကုတ်တဦာ(ဗ ်)။ပုတ ် ။ငာကြွ
(၂၅) မ် ။ ၂၃ ယောက်။ဖစ်လိယ်(သောကာ)။မွတ်
(၂၆) သိပ်ဆိုငြယ်သောကိုဝ်မလိုချွင်ရကာ၊ ပု
(၂၇) . ဟာသ္မိင်နှင့်၍ယ်ကျောင်နိယ်သောသင်္ဃာအာ
(၂ဂ) လှူသော။ တဗလယ် အပါယ် ၃ဝ၁ဝ (ရံ) မက်ကျောန်
32
(၂၉) အဖစ်မှတေည်တင်လှန်လိုဝ်ရကာပုဟာသိင်
(၃၀) နှင့်သင်္ဃာကပ္ပိယ်ဝါရ်မူစိယ်ငှာလှူသောကျောန်
(၃၁) လေ ၁ဝဝ ဝ ။ထိုကျွောန်ကာအတီနွေ။
။
O
ကျောဘက်"	good	medium		needs_link_review	English index-of-plates entry extracted from the OCRed volume. | Extracted from SIP printed pages 21-21 using the OCR page offset observed from the scanned volume.
sip-witness-005	sipSelectionsPagan	corpus-citation-target-0371	luce_pemaungtin_1928_inscriptions_of_pag-da9f6d6d89b3	25-26	35-36	SIP 25-26	Plate XXIV	List 161			obi-v01-n0045	obi-v01-n0045-ob-p0073	source_text	Old Burmese/Burmese	"[[SIP page 25 / OCR page 35]]
(၃) သရပ။ သန်တူလွန်၇ရုတ်သူကြာနိယ် လနသတ်ပိန်လက်နှိုက်
သုံပဟိုက်လျှင်ယောက်ဖျာထက်
(၄) ဥတ်ဖွယ်ဦရွယ်ပု၏။ သကရစ် ၅၆ဝ ပတ်သစ်သန်တူညွှတ် ၂ ရွက်သု
ကြာနိယ်။အန်လျှင်ထွက်လို့
ကျွန်
(၅) ကင်ရွယ်လွှတ်ဘဲရှိသေား သင်ကန်ဆူ ၁၀၀၀ န် ၁ဝဝဝ၊ မြန်မာကျွန်
၅ဝဝ ကုလာကျွန် ၅၀၀။ မိ
(၆) ၅ဝဝ၉၁ ၅ဝဝ။ လှူဟ်မူ၏။မွစ်သာရွာသွင်၊ကန်တူလဲသစ်လယ်၀ ၅၆၇-
။သုတံ ၂၂၀ ယောက်။
(၇) ပြည်မနာရွာခွင်ညောင်ပင်ကြီလယ်ထံ ၁၄၁ စိတ် သုတံ ၁၀၅ ယောက်။
သင်တောင်ရွာခွင်ပေါင်လောင်
(ဂ) ရွာအန္ဒိယ်မြစ်ထောင် သင်လွယ်မြောင် အန္ဒိယ်ဖက် လဝရွာနောက် ဟိ
သောလတီတရပ်ကာ ဂဝ တရပ်ကာ ၁၅။
(၉) သုတံ.၂၅ ယောက်။ သင်တောင်ရွာကောင် ပုလိပ်စရင်လဲတံ ဂဝ။ သုတံ
၁၃ ယောက်။မြင်ခုန်တိုင်ရွာခွင်
(၁၀) တောင်ပိလူရွာနောက်ဟိသောလယ်တ ၄၉ ပယ်။သုတ်၁၀။ တမုတ်ရွာခွင်
ဟိသောလဲတဥတ္တမကြံရွာနှိုက်
(၁၁) ၂၂၃ စိတ်။သုတံ ၁၁ ယောက် မူကြိုဝ်ရွာတောင်တလုံရွာင်နှိုက်လဲတဲ့ ၉ဝ။
သုတံ ၁၂ ယောက်။
[[SIP page 26 / OCR page 36]]
၅
(၁၂) ချက်ဝိုင်လဲတံ ၂ဝ။ သုတံ ၅ ယောက်။ မခရာရွာခွင်ဟိသောလဲတံမြင် ချွန်
ရွာနှိုက် ၃ဝ။
(၁၃) ငာလင်ပုပ်ရွာရှိယ် ၂၀။သော်တိုဝ်ခွိက် ၈၁။သုတံ ၁၃ ယောက်။ ဖြစ်
သြက်ဖက်
(၁၄) ဇွန်လိုင်မစယ်ရှိယ်တက်ပွက်ရွာက်၁၀၀။ မြိယ်တူခက်သင်နှိုက် ၄ဝဝ။ ။
၁၄။ ။သံပျင်ရင်ကောင်ဘုရားကျောက်စာ၊ ပုဂံမင်္ဂလာစေတီမြောက်။
(၁) ။ ဝ ၊သကရစ် ၅၆၄ ခုဘဿနှစ်ကု
(၂) ဆုန်လှန် ၂ ရွက် ၅ နိယ်အာ အံမ္မပေင
(၃) ဖုန်သွာပဲကိုဝ်၊မင်ကြီစေယ်သူဖုန်တဲ
(၄) လှူသောခံလူမွေမွတ်ပွင်အပလ္လင်ပ
(၅) ရွာရှေယ်မွေ့တကာ ၃၀ တာသောရ
(၆) သာတာရကာ ၂ဂ ပဲယ်ဖုန်တ်လှူ၏။ထိုပ်သိုဝ်
(၇) လှုတ်မူရကာ သံပျင်ရင်ကောင်ဖုရှာသိင်နှင်
(ဂ) အက္ခသောက္ကောင်ကိုဝ်ရှယ်အသိင်ဖွစ်သောစေသူ
(၉) မင်ကြီကိုရေစင်တဲတိုက်လိယ်ရကာအသျှင်
(၁၀) မင်ကြီလေရေစင်တီသွန်နွှယ်အနုမောတနာ
(၁၁) ခပ်တပ်မူ၏ထိပ်သီုင်သောသရာဟူ
4"	"(၃) သရပ။ သန်တူလွန်၇ရုတ်သူကြာနိယ် လနသတ်ပိန်လက်နှိုက်
သုံပဟိုက်လျှင်ယောက်ဖျာထက်
(၄) ဥတ်ဖွယ်ဦရွယ်ပု၏။ သကရစ် ၅၆ဝ ပတ်သစ်သန်တူညွှတ် ၂ ရွက်သု
ကြာနိယ်။အန်လျှင်ထွက်လို့
ကျွန်
(၅) ကင်ရွယ်လွှတ်ဘဲရှိသေား သင်ကန်ဆူ ၁၀၀၀ န် ၁ဝဝဝ၊ မြန်မာကျွန်
၅ဝဝ ကုလာကျွန် ၅၀၀။ မိ
(၆) ၅ဝဝ၉၁ ၅ဝဝ။ လှူဟ်မူ၏။မွစ်သာရွာသွင်၊ကန်တူလဲသစ်လယ်၀ ၅၆၇-
။သုတံ ၂၂၀ ယောက်။
(၇) ပြည်မနာရွာခွင်ညောင်ပင်ကြီလယ်ထံ ၁၄၁ စိတ် သုတံ ၁၀၅ ယောက်။
သင်တောင်ရွာခွင်ပေါင်လောင်
(ဂ) ရွာအန္ဒိယ်မြစ်ထောင် သင်လွယ်မြောင် အန္ဒိယ်ဖက် လဝရွာနောက် ဟိ
သောလတီတရပ်ကာ ဂဝ တရပ်ကာ ၁၅။
(၉) သုတံ.၂၅ ယောက်။ သင်တောင်ရွာကောင် ပုလိပ်စရင်လဲတံ ဂဝ။ သုတံ
၁၃ ယောက်။မြင်ခုန်တိုင်ရွာခွင်
(၁၀) တောင်ပိလူရွာနောက်ဟိသောလယ်တ ၄၉ ပယ်။သုတ်၁၀။ တမုတ်ရွာခွင်
ဟိသောလဲတဥတ္တမကြံရွာနှိုက်
(၁၁) ၂၂၃ စိတ်။သုတံ ၁၁ ယောက် မူကြိုဝ်ရွာတောင်တလုံရွာင်နှိုက်လဲတဲ့ ၉ဝ။
သုတံ ၁၂ ယောက်။
၅
(၁၂) ချက်ဝိုင်လဲတံ ၂ဝ။ သုတံ ၅ ယောက်။ မခရာရွာခွင်ဟိသောလဲတံမြင် ချွန်
ရွာနှိုက် ၃ဝ။
(၁၃) ငာလင်ပုပ်ရွာရှိယ် ၂၀။သော်တိုဝ်ခွိက် ၈၁။သုတံ ၁၃ ယောက်။ ဖြစ်
သြက်ဖက်
(၁၄) ဇွန်လိုင်မစယ်ရှိယ်တက်ပွက်ရွာက်၁၀၀။ မြိယ်တူခက်သင်နှိုက် ၄ဝဝ။ ။
၁၄။ ။သံပျင်ရင်ကောင်ဘုရားကျောက်စာ၊ ပုဂံမင်္ဂလာစေတီမြောက်။
(၁) ။ ဝ ၊သကရစ် ၅၆၄ ခုဘဿနှစ်ကု
(၂) ဆုန်လှန် ၂ ရွက် ၅ နိယ်အာ အံမ္မပေင
(၃) ဖုန်သွာပဲကိုဝ်၊မင်ကြီစေယ်သူဖုန်တဲ
(၄) လှူသောခံလူမွေမွတ်ပွင်အပလ္လင်ပ
(၅) ရွာရှေယ်မွေ့တကာ ၃၀ တာသောရ
(၆) သာတာရကာ ၂ဂ ပဲယ်ဖုန်တ်လှူ၏။ထိုပ်သိုဝ်
(၇) လှုတ်မူရကာ သံပျင်ရင်ကောင်ဖုရှာသိင်နှင်
(ဂ) အက္ခသောက္ကောင်ကိုဝ်ရှယ်အသိင်ဖွစ်သောစေသူ
(၉) မင်ကြီကိုရေစင်တဲတိုက်လိယ်ရကာအသျှင်
(၁၀) မင်ကြီလေရေစင်တီသွန်နွှယ်အနုမောတနာ
(၁၁) ခပ်တပ်မူ၏ထိပ်သီုင်သောသရာဟူ
4"	"(၃) သရပ။ သန်တူလွန်၇ရုတ်သူကြာနိယ် လနသတ်ပိန်လက်နှိုက်
သုံပဟိုက်လျှင်ယောက်ဖျာထက်
(၄) ဥတ်ဖွယ်ဦရွယ်ပု၏။ သကရစ် ၅၆ဝ ပတ်သစ်သန်တူညွှတ် ၂ ရွက်သု
ကြာနိယ်။အန်လျှင်ထွက်လို့
ကျွန်
(၅) ကင်ရွယ်လွှတ်ဘဲရှိသေား သင်ကန်ဆူ ၁၀၀၀ န် ၁ဝဝဝ၊ မြန်မာကျွန်
၅ဝဝ ကုလာကျွန် ၅၀၀။ မိ
(၆) ၅ဝဝ၉၁ ၅ဝဝ။ လှူဟ်မူ၏။မွစ်သာရွာသွင်၊ကန်တူလဲသစ်လယ်၀ ၅၆၇-
။သုတံ ၂၂၀ ယောက်။
(၇) ပြည်မနာရွာခွင်ညောင်ပင်ကြီလယ်ထံ ၁၄၁ စိတ် သုတံ ၁၀၅ ယောက်။
သင်တောင်ရွာခွင်ပေါင်လောင်
(ဂ) ရွာအန္ဒိယ်မြစ်ထောင် သင်လွယ်မြောင် အန္ဒိယ်ဖက် လဝရွာနောက် ဟိ
သောလတီတရပ်ကာ ဂဝ တရပ်ကာ ၁၅။
(၉) သုတံ.၂၅ ယောက်။ သင်တောင်ရွာကောင် ပုလိပ်စရင်လဲတံ ဂဝ။ သုတံ
၁၃ ယောက်။မြင်ခုန်တိုင်ရွာခွင်
(၁၀) တောင်ပိလူရွာနောက်ဟိသောလယ်တ ၄၉ ပယ်။သုတ်၁၀။ တမုတ်ရွာခွင်
ဟိသောလဲတဥတ္တမကြံရွာနှိုက်
(၁၁) ၂၂၃ စိတ်။သုတံ ၁၁ ယောက် မူကြိုဝ်ရွာတောင်တလုံရွာင်နှိုက်လဲတဲ့ ၉ဝ။
သုတံ ၁၂ ယောက်။
၅
(၁၂) ချက်ဝိုင်လဲတံ ၂ဝ။ သုတံ ၅ ယောက်။ မခရာရွာခွင်ဟိသောလဲတံမြင် ချွန်
ရွာနှိုက် ၃ဝ။
(၁၃) ငာလင်ပုပ်ရွာရှိယ် ၂၀။သော်တိုဝ်ခွိက် ၈၁။သုတံ ၁၃ ယောက်။ ဖြစ်
သြက်ဖက်
(၁၄) ဇွန်လိုင်မစယ်ရှိယ်တက်ပွက်ရွာက်၁၀၀။ မြိယ်တူခက်သင်နှိုက် ၄ဝဝ။ ။
၁၄။ ။သံပျင်ရင်ကောင်ဘုရားကျောက်စာ၊ ပုဂံမင်္ဂလာစေတီမြောက်။
(၁) ။ ဝ ၊သကရစ် ၅၆၄ ခုဘဿနှစ်ကု
(၂) ဆုန်လှန် ၂ ရွက် ၅ နိယ်အာ အံမ္မပေင
(၃) ဖုန်သွာပဲကိုဝ်၊မင်ကြီစေယ်သူဖုန်တဲ
(၄) လှူသောခံလူမွေမွတ်ပွင်အပလ္လင်ပ
(၅) ရွာရှေယ်မွေ့တကာ ၃၀ တာသောရ
(၆) သာတာရကာ ၂ဂ ပဲယ်ဖုန်တ်လှူ၏။ထိုပ်သိုဝ်
(၇) လှုတ်မူရကာ သံပျင်ရင်ကောင်ဖုရှာသိင်နှင်
(ဂ) အက္ခသောက္ကောင်ကိုဝ်ရှယ်အသိင်ဖွစ်သောစေသူ
(၉) မင်ကြီကိုရေစင်တဲတိုက်လိယ်ရကာအသျှင်
(၁၀) မင်ကြီလေရေစင်တီသွန်နွှယ်အနုမောတနာ
(၁၁) ခပ်တပ်မူ၏ထိပ်သီုင်သောသရာဟူ
4"	good	high	IOB cross-reference: Plate XXIV -> SIP 25-26.	accepted_witness_unit	Linked through exact corpus plate citation(s): Pl. I 24. | Extracted from SIP printed pages 25-26 using the OCR page offset observed from the scanned volume.
sip-witness-006	sipSelectionsPagan	corpus-citation-target-0371	luce_pemaungtin_1928_inscriptions_of_pag-da9f6d6d89b3	29	39	SIP 29	Plate XXXI	List 273 (a) | List 273 (b), which is on the platform of the	PPA 109-111	TN 36-57	obi-v01-n0052	obi-v01-n0052-ob-p0083	source_text	Old Burmese/Burmese	"[[SIP page 29 / OCR page 39]]
ja
(၂၆) ၊ လုနှစ်တွက်သေါအကုတိယ် ၂၃၀ အနှစ် ၄ သန်မှတနိယ်ဟိသေါသင်္ဃာ
တငြယ်၊ လုနှစ်တွက်သေါအကူတိ။
(၂၇) ၉၂၁ ကူတိယ်အ မွတ်အနှစ် ၆ သန်မှ တနိယ်ဟိသော ရေါရပ်ငြယ်။ ခုနှစ်
တွက်သေါအကူတိယ် ၃
(၂၀) ၆၀၆ ကုတိယ်အမွတ်အနှစ် ၄ သန်မှ တနိယ်ဟိသောမဟာရေါရင်ြယ်။
လုနှစ်တွက်သေါအကူတိ
(၂၉) ယ် ၁၄၇၄၅ ကူဘိအမွတ်အနှစ် ၆ သန်မှ တနိယ်ဟိသော အဝိစိပြယ်။
၍ ငြယ်တိုင်နှိုက်လေကျက်
(၃ဝ) လေစေသတေ၊ ၊ကောက်ကုသန်ဘုရ္ဟိါသိင်သါသင်္ချိုက်သလ္လာသောသူ
တဝ်သည် လှူသေါဝတ်လယ်ကိုလိုချွင်
(၃၁) ရှယ် အခြာနှိုက်ဆေါက်သော လောက်ကိုဝ် နက်ဘိရုယ် ဝတ်လဲကိုဝ်ယုတ်
စေဘိသေါကြောင်၊ ကျေက်တိုင်
(၃၂ ) လွှန်ရယ် လယ်ကိုယူသောထိုဝိယောက်ကျာကာ သေခယ်သေါအခုလေ
အရွက် ၆ဝ သွာအလျာအနံ
(၃၃) လေအရွက် ၆ဝ သွာဟိသောက္ကောက်ဖျာတွင်ခာရွှယ်နှစ်လျက်ဘုရှာ ၃
ယောက်လွှန်ပြိငတိုဝ်ဘုရာ
(၃၄) ကောတမလွန်ဩင်မလွန်ဩင်မလွတ်တတ်သပြိတ္တာ သိုဝ်သပြိတ္တာလေ
ဖွစ်စေသဟေ၊ နောင်လါလ"	"ja
(၂၆) ၊ လုနှစ်တွက်သေါအကုတိယ် ၂၃၀ အနှစ် ၄ သန်မှတနိယ်ဟိသေါသင်္ဃာ
တငြယ်၊ လုနှစ်တွက်သေါအကူတိ။
(၂၇) ၉၂၁ ကူတိယ်အ မွတ်အနှစ် ၆ သန်မှ တနိယ်ဟိသော ရေါရပ်ငြယ်။ ခုနှစ်
တွက်သေါအကူတိယ် ၃
(၂၀) ၆၀၆ ကုတိယ်အမွတ်အနှစ် ၄ သန်မှ တနိယ်ဟိသောမဟာရေါရင်ြယ်။
လုနှစ်တွက်သေါအကူတိ
(၂၉) ယ် ၁၄၇၄၅ ကူဘိအမွတ်အနှစ် ၆ သန်မှ တနိယ်ဟိသော အဝိစိပြယ်။
၍ ငြယ်တိုင်နှိုက်လေကျက်
(၃ဝ) လေစေသတေ၊ ၊ကောက်ကုသန်ဘုရ္ဟိါသိင်သါသင်္ချိုက်သလ္လာသောသူ
တဝ်သည် လှူသေါဝတ်လယ်ကိုလိုချွင်
(၃၁) ရှယ် အခြာနှိုက်ဆေါက်သော လောက်ကိုဝ် နက်ဘိရုယ် ဝတ်လဲကိုဝ်ယုတ်
စေဘိသေါကြောင်၊ ကျေက်တိုင်
(၃၂ ) လွှန်ရယ် လယ်ကိုယူသောထိုဝိယောက်ကျာကာ သေခယ်သေါအခုလေ
အရွက် ၆ဝ သွာအလျာအနံ
(၃၃) လေအရွက် ၆ဝ သွာဟိသောက္ကောက်ဖျာတွင်ခာရွှယ်နှစ်လျက်ဘုရှာ ၃
ယောက်လွှန်ပြိငတိုဝ်ဘုရာ
(၃၄) ကောတမလွန်ဩင်မလွန်ဩင်မလွတ်တတ်သပြိတ္တာ သိုဝ်သပြိတ္တာလေ
ဖွစ်စေသဟေ၊ နောင်လါလ"	"ja
(၂၆) ၊ လုနှစ်တွက်သေါအကုတိယ် ၂၃၀ အနှစ် ၄ သန်မှတနိယ်ဟိသေါသင်္ဃာ
တငြယ်၊ လုနှစ်တွက်သေါအကူတိ။
(၂၇) ၉၂၁ ကူတိယ်အ မွတ်အနှစ် ၆ သန်မှ တနိယ်ဟိသော ရေါရပ်ငြယ်။ ခုနှစ်
တွက်သေါအကူတိယ် ၃
(၂၀) ၆၀၆ ကုတိယ်အမွတ်အနှစ် ၄ သန်မှ တနိယ်ဟိသောမဟာရေါရင်ြယ်။
လုနှစ်တွက်သေါအကူတိ
(၂၉) ယ် ၁၄၇၄၅ ကူဘိအမွတ်အနှစ် ၆ သန်မှ တနိယ်ဟိသော အဝိစိပြယ်။
၍ ငြယ်တိုင်နှိုက်လေကျက်
(၃ဝ) လေစေသတေ၊ ၊ကောက်ကုသန်ဘုရ္ဟိါသိင်သါသင်္ချိုက်သလ္လာသောသူ
တဝ်သည် လှူသေါဝတ်လယ်ကိုလိုချွင်
(၃၁) ရှယ် အခြာနှိုက်ဆေါက်သော လောက်ကိုဝ် နက်ဘိရုယ် ဝတ်လဲကိုဝ်ယုတ်
စေဘိသေါကြောင်၊ ကျေက်တိုင်
(၃၂ ) လွှန်ရယ် လယ်ကိုယူသောထိုဝိယောက်ကျာကာ သေခယ်သေါအခုလေ
အရွက် ၆ဝ သွာအလျာအနံ
(၃၃) လေအရွက် ၆ဝ သွာဟိသောက္ကောက်ဖျာတွင်ခာရွှယ်နှစ်လျက်ဘုရှာ ၃
ယောက်လွှန်ပြိငတိုဝ်ဘုရာ
(၃၄) ကောတမလွန်ဩင်မလွန်ဩင်မလွတ်တတ်သပြိတ္တာ သိုဝ်သပြိတ္တာလေ
ဖွစ်စေသဟေ၊ နောင်လါလ"	good	high	IOB cross-reference: Plate XXXI -> SIP 29.	accepted_witness_unit	Linked through exact corpus plate citation(s): Pl. I 31. | Extracted from SIP printed pages 29-29 using the OCR page offset observed from the scanned volume.
sip-witness-007	sipSelectionsPagan	corpus-citation-target-0371	luce_pemaungtin_1928_inscriptions_of_pag-da9f6d6d89b3	29-30	39-40	SIP 29-30	Plate XXXIV	List 174					source_text	Old Burmese/Burmese	"[[SIP page 29 / OCR page 39]]
ja
(၂၆) ၊ လုနှစ်တွက်သေါအကုတိယ် ၂၃၀ အနှစ် ၄ သန်မှတနိယ်ဟိသေါသင်္ဃာ
တငြယ်၊ လုနှစ်တွက်သေါအကူတိ။
(၂၇) ၉၂၁ ကူတိယ်အ မွတ်အနှစ် ၆ သန်မှ တနိယ်ဟိသော ရေါရပ်ငြယ်။ ခုနှစ်
တွက်သေါအကူတိယ် ၃
(၂၀) ၆၀၆ ကုတိယ်အမွတ်အနှစ် ၄ သန်မှ တနိယ်ဟိသောမဟာရေါရင်ြယ်။
လုနှစ်တွက်သေါအကူတိ
(၂၉) ယ် ၁၄၇၄၅ ကူဘိအမွတ်အနှစ် ၆ သန်မှ တနိယ်ဟိသော အဝိစိပြယ်။
၍ ငြယ်တိုင်နှိုက်လေကျက်
(၃ဝ) လေစေသတေ၊ ၊ကောက်ကုသန်ဘုရ္ဟိါသိင်သါသင်္ချိုက်သလ္လာသောသူ
တဝ်သည် လှူသေါဝတ်လယ်ကိုလိုချွင်
(၃၁) ရှယ် အခြာနှိုက်ဆေါက်သော လောက်ကိုဝ် နက်ဘိရုယ် ဝတ်လဲကိုဝ်ယုတ်
စေဘိသေါကြောင်၊ ကျေက်တိုင်
(၃၂ ) လွှန်ရယ် လယ်ကိုယူသောထိုဝိယောက်ကျာကာ သေခယ်သေါအခုလေ
အရွက် ၆ဝ သွာအလျာအနံ
(၃၃) လေအရွက် ၆ဝ သွာဟိသောက္ကောက်ဖျာတွင်ခာရွှယ်နှစ်လျက်ဘုရှာ ၃
ယောက်လွှန်ပြိငတိုဝ်ဘုရာ
(၃၄) ကောတမလွန်ဩင်မလွန်ဩင်မလွတ်တတ်သပြိတ္တာ သိုဝ်သပြိတ္တာလေ
ဖွစ်စေသဟေ၊ နောင်လါလ
[[SIP page 30 / OCR page 40]]
၂၉
(၃၅) တံသဘုရါတိုပ်ကိုင် လေမဘူစေသတေ။ ငာကောင်မှုကိုပ် ပင်ပါခေl
မင်မင်မျာမင်သါအမ
(၃၆) ်စစ်သူကြီပိုဒ်ပါ ရဟန်သင်္ဃာတိုင်သည် အရိယ်အရံ မူလေယူပါ၏။ င
ဝတ္ထုကိုဝ်စါကာမမူ
(၃၇) စူ ဖါသသူ၊ တိမ်ခဲငြိသည်ကိုဝ်မဝ်ပါသသူဟာ၊ လူဖွစ်သေါသေလူတကာ
ထက်မွတ်
2
(၃၀) စွာသမင်စကြာဝတိယ်သန္ဓေသူကြွယ်တိလျှင်ဖြစ်စေယ်သတေ။
၁၆။ မဟာထီးဘုရားကျောက်စာ၊ ပုဂံမင်္ဂလာစေတီမြောက်။
(၁) ဝ ။ သကရစ် ၅၇၃ ခု။ အာသုတ်နှစ်သံဝစ်ဆိရ်နှစ်။
(၂)
သန္တုလဆုတ် ၇ ရှက်ကြသပတိယ်နိယ်အာအတိုင်သျှင်အလေါင်
၇
(၃) မင် (က)။ ဖုရှါကိုဝ်သိင်မဟာထီထမ္မ၀ိလဿတန်ဆာပုစဝ်သောရှ
(၄) နှိုက်သိင်လှူသောကျွန်ကာ ၁၁၉ ယောက်တေ။နွာ ၁၄ ခုလှူ၏။လယ်ကာ
(၅) ။သိင်မဟာထီလှူသောကန်ပ္လည်လဲ ၁ဝဝ ၊ မင်ကြီစည်သူလှူသောဝရ
(၆) င်တုတ်လဲ ၅ဝ။ မပင်စရဖုရါငယ်ရွာလဲ ၃၀။ မင် (ကြီ) နာတောင်မျါရှယ်
(၇) တောင်မတက်မီလှူသောခင်မှလဲ ၁၀၁။ အမိဖုရှါမြကန်သည်လှူသောမ
(ဂ) ပင်စရကန်ပယ်လဲ ၅ဝ။အမိဖုရှာတောင်ဖွင်သည်လှူသောခတောင်
(၉) ဖုန်လ် ၄ဝ။အမိဖုရှာမ္မစ်ဖွင်သည်ရှိသောပုတက်ကိုမျှင်လဲ ၃၁ဝ။
(၁၀) (အိုင်ဆောက်ပန်သာ ၃ယောက်ကိုင်လှူရွယ်မင်ကြီစည်သူရုယ်သောဦ"	"ja
(၂၆) ၊ လုနှစ်တွက်သေါအကုတိယ် ၂၃၀ အနှစ် ၄ သန်မှတနိယ်ဟိသေါသင်္ဃာ
တငြယ်၊ လုနှစ်တွက်သေါအကူတိ။
(၂၇) ၉၂၁ ကူတိယ်အ မွတ်အနှစ် ၆ သန်မှ တနိယ်ဟိသော ရေါရပ်ငြယ်။ ခုနှစ်
တွက်သေါအကူတိယ် ၃
(၂၀) ၆၀၆ ကုတိယ်အမွတ်အနှစ် ၄ သန်မှ တနိယ်ဟိသောမဟာရေါရင်ြယ်။
လုနှစ်တွက်သေါအကူတိ
(၂၉) ယ် ၁၄၇၄၅ ကူဘိအမွတ်အနှစ် ၆ သန်မှ တနိယ်ဟိသော အဝိစိပြယ်။
၍ ငြယ်တိုင်နှိုက်လေကျက်
(၃ဝ) လေစေသတေ၊ ၊ကောက်ကုသန်ဘုရ္ဟိါသိင်သါသင်္ချိုက်သလ္လာသောသူ
တဝ်သည် လှူသေါဝတ်လယ်ကိုလိုချွင်
(၃၁) ရှယ် အခြာနှိုက်ဆေါက်သော လောက်ကိုဝ် နက်ဘိရုယ် ဝတ်လဲကိုဝ်ယုတ်
စေဘိသေါကြောင်၊ ကျေက်တိုင်
(၃၂ ) လွှန်ရယ် လယ်ကိုယူသောထိုဝိယောက်ကျာကာ သေခယ်သေါအခုလေ
အရွက် ၆ဝ သွာအလျာအနံ
(၃၃) လေအရွက် ၆ဝ သွာဟိသောက္ကောက်ဖျာတွင်ခာရွှယ်နှစ်လျက်ဘုရှာ ၃
ယောက်လွှန်ပြိငတိုဝ်ဘုရာ
(၃၄) ကောတမလွန်ဩင်မလွန်ဩင်မလွတ်တတ်သပြိတ္တာ သိုဝ်သပြိတ္တာလေ
ဖွစ်စေသဟေ၊ နောင်လါလ
၂၉
(၃၅) တံသဘုရါတိုပ်ကိုင် လေမဘူစေသတေ။ ငာကောင်မှုကိုပ် ပင်ပါခေl
မင်မင်မျာမင်သါအမ
(၃၆) ်စစ်သူကြီပိုဒ်ပါ ရဟန်သင်္ဃာတိုင်သည် အရိယ်အရံ မူလေယူပါ၏။ င
ဝတ္ထုကိုဝ်စါကာမမူ
(၃၇) စူ ဖါသသူ၊ တိမ်ခဲငြိသည်ကိုဝ်မဝ်ပါသသူဟာ၊ လူဖွစ်သေါသေလူတကာ
ထက်မွတ်
2
(၃၀) စွာသမင်စကြာဝတိယ်သန္ဓေသူကြွယ်တိလျှင်ဖြစ်စေယ်သတေ။
၁၆။ မဟာထီးဘုရားကျောက်စာ၊ ပုဂံမင်္ဂလာစေတီမြောက်။
(၁) ဝ ။ သကရစ် ၅၇၃ ခု။ အာသုတ်နှစ်သံဝစ်ဆိရ်နှစ်။
(၂)
သန္တုလဆုတ် ၇ ရှက်ကြသပတိယ်နိယ်အာအတိုင်သျှင်အလေါင်
၇
(၃) မင် (က)။ ဖုရှါကိုဝ်သိင်မဟာထီထမ္မ၀ိလဿတန်ဆာပုစဝ်သောရှ
(၄) နှိုက်သိင်လှူသောကျွန်ကာ ၁၁၉ ယောက်တေ။နွာ ၁၄ ခုလှူ၏။လယ်ကာ
(၅) ။သိင်မဟာထီလှူသောကန်ပ္လည်လဲ ၁ဝဝ ၊ မင်ကြီစည်သူလှူသောဝရ
(၆) င်တုတ်လဲ ၅ဝ။ မပင်စရဖုရါငယ်ရွာလဲ ၃၀။ မင် (ကြီ) နာတောင်မျါရှယ်
(၇) တောင်မတက်မီလှူသောခင်မှလဲ ၁၀၁။ အမိဖုရှါမြကန်သည်လှူသောမ
(ဂ) ပင်စရကန်ပယ်လဲ ၅ဝ။အမိဖုရှာတောင်ဖွင်သည်လှူသောခတောင်
(၉) ဖုန်လ် ၄ဝ။အမိဖုရှာမ္မစ်ဖွင်သည်ရှိသောပုတက်ကိုမျှင်လဲ ၃၁ဝ။
(၁၀) (အိုင်ဆောက်ပန်သာ ၃ယောက်ကိုင်လှူရွယ်မင်ကြီစည်သူရုယ်သောဦ"	"ja
(၂၆) ၊ လုနှစ်တွက်သေါအကုတိယ် ၂၃၀ အနှစ် ၄ သန်မှတနိယ်ဟိသေါသင်္ဃာ
တငြယ်၊ လုနှစ်တွက်သေါအကူတိ။
(၂၇) ၉၂၁ ကူတိယ်အ မွတ်အနှစ် ၆ သန်မှ တနိယ်ဟိသော ရေါရပ်ငြယ်။ ခုနှစ်
တွက်သေါအကူတိယ် ၃
(၂၀) ၆၀၆ ကုတိယ်အမွတ်အနှစ် ၄ သန်မှ တနိယ်ဟိသောမဟာရေါရင်ြယ်။
လုနှစ်တွက်သေါအကူတိ
(၂၉) ယ် ၁၄၇၄၅ ကူဘိအမွတ်အနှစ် ၆ သန်မှ တနိယ်ဟိသော အဝိစိပြယ်။
၍ ငြယ်တိုင်နှိုက်လေကျက်
(၃ဝ) လေစေသတေ၊ ၊ကောက်ကုသန်ဘုရ္ဟိါသိင်သါသင်္ချိုက်သလ္လာသောသူ
တဝ်သည် လှူသေါဝတ်လယ်ကိုလိုချွင်
(၃၁) ရှယ် အခြာနှိုက်ဆေါက်သော လောက်ကိုဝ် နက်ဘိရုယ် ဝတ်လဲကိုဝ်ယုတ်
စေဘိသေါကြောင်၊ ကျေက်တိုင်
(၃၂ ) လွှန်ရယ် လယ်ကိုယူသောထိုဝိယောက်ကျာကာ သေခယ်သေါအခုလေ
အရွက် ၆ဝ သွာအလျာအနံ
(၃၃) လေအရွက် ၆ဝ သွာဟိသောက္ကောက်ဖျာတွင်ခာရွှယ်နှစ်လျက်ဘုရှာ ၃
ယောက်လွှန်ပြိငတိုဝ်ဘုရာ
(၃၄) ကောတမလွန်ဩင်မလွန်ဩင်မလွတ်တတ်သပြိတ္တာ သိုဝ်သပြိတ္တာလေ
ဖွစ်စေသဟေ၊ နောင်လါလ
၂၉
(၃၅) တံသဘုရါတိုပ်ကိုင် လေမဘူစေသတေ။ ငာကောင်မှုကိုပ် ပင်ပါခေl
မင်မင်မျာမင်သါအမ
(၃၆) ်စစ်သူကြီပိုဒ်ပါ ရဟန်သင်္ဃာတိုင်သည် အရိယ်အရံ မူလေယူပါ၏။ င
ဝတ္ထုကိုဝ်စါကာမမူ
(၃၇) စူ ဖါသသူ၊ တိမ်ခဲငြိသည်ကိုဝ်မဝ်ပါသသူဟာ၊ လူဖွစ်သေါသေလူတကာ
ထက်မွတ်
2
(၃၀) စွာသမင်စကြာဝတိယ်သန္ဓေသူကြွယ်တိလျှင်ဖြစ်စေယ်သတေ။
၁၆။ မဟာထီးဘုရားကျောက်စာ၊ ပုဂံမင်္ဂလာစေတီမြောက်။
(၁) ဝ ။ သကရစ် ၅၇၃ ခု။ အာသုတ်နှစ်သံဝစ်ဆိရ်နှစ်။
(၂)
သန္တုလဆုတ် ၇ ရှက်ကြသပတိယ်နိယ်အာအတိုင်သျှင်အလေါင်
၇
(၃) မင် (က)။ ဖုရှါကိုဝ်သိင်မဟာထီထမ္မ၀ိလဿတန်ဆာပုစဝ်သောရှ
(၄) နှိုက်သိင်လှူသောကျွန်ကာ ၁၁၉ ယောက်တေ။နွာ ၁၄ ခုလှူ၏။လယ်ကာ
(၅) ။သိင်မဟာထီလှူသောကန်ပ္လည်လဲ ၁ဝဝ ၊ မင်ကြီစည်သူလှူသောဝရ
(၆) င်တုတ်လဲ ၅ဝ။ မပင်စရဖုရါငယ်ရွာလဲ ၃၀။ မင် (ကြီ) နာတောင်မျါရှယ်
(၇) တောင်မတက်မီလှူသောခင်မှလဲ ၁၀၁။ အမိဖုရှါမြကန်သည်လှူသောမ
(ဂ) ပင်စရကန်ပယ်လဲ ၅ဝ။အမိဖုရှာတောင်ဖွင်သည်လှူသောခတောင်
(၉) ဖုန်လ် ၄ဝ။အမိဖုရှာမ္မစ်ဖွင်သည်ရှိသောပုတက်ကိုမျှင်လဲ ၃၁ဝ။
(၁၀) (အိုင်ဆောက်ပန်သာ ၃ယောက်ကိုင်လှူရွယ်မင်ကြီစည်သူရုယ်သောဦ"	good	medium		needs_link_review	English index-of-plates entry extracted from the OCRed volume. | Extracted from SIP printed pages 29-30 using the OCR page offset observed from the scanned volume.
sip-witness-008	sipSelectionsPagan	corpus-citation-target-0371	luce_pemaungtin_1928_inscriptions_of_pag-da9f6d6d89b3	30-32	40-42	SIP 30-32	Plate XXXVI				obi-v01-n0062	obi-v01-n0062-ob-p0097	source_text	Old Burmese/Burmese	"[[SIP page 30 / OCR page 40]]
၂၉
(၃၅) တံသဘုရါတိုပ်ကိုင် လေမဘူစေသတေ။ ငာကောင်မှုကိုပ် ပင်ပါခေl
မင်မင်မျာမင်သါအမ
(၃၆) ်စစ်သူကြီပိုဒ်ပါ ရဟန်သင်္ဃာတိုင်သည် အရိယ်အရံ မူလေယူပါ၏။ င
ဝတ္ထုကိုဝ်စါကာမမူ
(၃၇) စူ ဖါသသူ၊ တိမ်ခဲငြိသည်ကိုဝ်မဝ်ပါသသူဟာ၊ လူဖွစ်သေါသေလူတကာ
ထက်မွတ်
2
(၃၀) စွာသမင်စကြာဝတိယ်သန္ဓေသူကြွယ်တိလျှင်ဖြစ်စေယ်သတေ။
၁၆။ မဟာထီးဘုရားကျောက်စာ၊ ပုဂံမင်္ဂလာစေတီမြောက်။
(၁) ဝ ။ သကရစ် ၅၇၃ ခု။ အာသုတ်နှစ်သံဝစ်ဆိရ်နှစ်။
(၂)
သန္တုလဆုတ် ၇ ရှက်ကြသပတိယ်နိယ်အာအတိုင်သျှင်အလေါင်
၇
(၃) မင် (က)။ ဖုရှါကိုဝ်သိင်မဟာထီထမ္မ၀ိလဿတန်ဆာပုစဝ်သောရှ
(၄) နှိုက်သိင်လှူသောကျွန်ကာ ၁၁၉ ယောက်တေ။နွာ ၁၄ ခုလှူ၏။လယ်ကာ
(၅) ။သိင်မဟာထီလှူသောကန်ပ္လည်လဲ ၁ဝဝ ၊ မင်ကြီစည်သူလှူသောဝရ
(၆) င်တုတ်လဲ ၅ဝ။ မပင်စရဖုရါငယ်ရွာလဲ ၃၀။ မင် (ကြီ) နာတောင်မျါရှယ်
(၇) တောင်မတက်မီလှူသောခင်မှလဲ ၁၀၁။ အမိဖုရှါမြကန်သည်လှူသောမ
(ဂ) ပင်စရကန်ပယ်လဲ ၅ဝ။အမိဖုရှာတောင်ဖွင်သည်လှူသောခတောင်
(၉) ဖုန်လ် ၄ဝ။အမိဖုရှာမ္မစ်ဖွင်သည်ရှိသောပုတက်ကိုမျှင်လဲ ၃၁ဝ။
(၁၀) (အိုင်ဆောက်ပန်သာ ၃ယောက်ကိုင်လှူရွယ်မင်ကြီစည်သူရုယ်သောဦ
[[SIP page 31 / OCR page 41]]
၃ဝ
(၁၁) ဆာက်ကိုင်လဲ ၃။အစပ်မင်လှလှူသောစလင်ကျန်ရင်လဲ ၃ဝ။
(၁၂) မျှာသာ ၂ဝ မပင်စရငသီနသင်ရွာလဲ ၂ ၀။က္ကောက်သယောင်လဲ ၁
(၁၃) ဝ၊အပေါင်လဲ ၅၁ဝ လှူ။ဤမျှသောအလှူခပင်သကာဖုရှါသ
(၁၄) သာလျှင်ငာဆောက်နှင်သတေကျွန်ကာကုလါကြီတယောက်အ
(၁၅) ( ပု)က္ကဘတ် ၁ ငိဝင်သင်းငထရန္န၀တိုင်ပင် လှ ၁ မျာကိုပျ(ယ်)၁
0
(၁၆) အိမ္လယ် ၁ ငထရမူ ၁ ချိာယကပင် ၁ သမီယပင် လင်ငမျှင်ငံ ၁ သမိဥ
(၁၇) နယ်ပင်ငိမကြလင် ၁ လင်ငယန် ၁ ီဟီမာ ၁ ကြာလင် ၁ ဟင်ယေ ၁
(၁ဂ) ဒီငပြက် ၁ ငိငသုက် ၁ ငကလဲ ၁ သားပုတ် ၁ နိုငထုယ် ၁ ငသုက် ၁ မျာ
(၁၉) ယသုတ် ၁ ယင်ကောင်
....
၁၇။ ။စောရဟန်းသိမ်ကျောက်စာ၊တူရွင်းတောင်။
(၁) ဝ။တုရင်တောင်ထက်စပ်ရဟန်သိမ်
(၂) ပျာက်ခရကာမောင်နှတ်ဆာက်အ (ဖွယ်) အိုအိ
(၃) သန်ဥသင်စာခိပိုဟ်၍ယ် ၂ ကြာရကာ၊ပုရှာ
(၄) လောင်မင်ဦစနာမင်ကြီဟုယ်တောင်
(၅) တက်ဧအ်၊နှစ်သောကြာရကာ၊မင်ကြီပ္ပ
(၆) စိယ်ဟုရကာ၊ဤယ်သိမ်ဆောက်သကာသကရစ်
( ၇) ၅၇၄ ခုကြာတိုက်နှစ်နယုန်လဆန် ၁
(ဂ) ၂ တန်နှင်ကုနူယ်နိယ်အမြုတ်တက်သိင်ခာလ
[[SIP page 32 / OCR page 42]]
၃၁
(၉) ရက်အခာနှံနာက်တစ်ပဟိုအိအာဆောက်သ(က)
(၁၀)ဟ်၊၍ယ်သိမ်ဏ္ဍောက်သမိုတ်သကာ၊မင်ဆာ
(၁၁) ဈာနွိုင်ဓမ္မသိရိသမိုက်သတေ၊လုပ်ရသော
(၁၂) ကာ(စိ) တ္တဗိစေည်၊ ပေါက်ပေါရမာ အသက်လွှ
(၁၃) ုတ်(ပိသူ) ကာ(င၁ ) ချီသင် ၁။သိမ်ပြီပြီရှယ်အိ
(၁၄) သင်္ဃာစာပိယ်သောကာ၊ဝာဆိုင် ၅၀၊သတ
(၁၅) ်တိုင်ကာ ၂ဝ၊ တခောင် ၅၀၊ ဝတက္ကတ် ၅၀၊
(၁၆) သကင်လွှတ်စသော ၅၀၊လုပ်ရသောတမင်သ
(၁၇) ည်ကာဘတ္တဗိစေည်ငာမျင်သင် ၁။ဟင်သ
(၁၈) ည်ကာငာသြင်သင် ၁။ယနအိပျာသည်နွာ
(၁၉) နိုင်သည်၊သာစို၊ယန၊ဝာဆိုခွသောသံ
(၂၀) ၁ဝ။ကံသီထုပ် ၄၀။ သတင်ဟိုင်ခ္ယသောကံသီလုပ်
လ
(၂၁) ၂၀ ။ တခောင်ညိုသောသံ မှူ ၁ဝ။ခွံ သီထုပ် ၄ဝ၊
၁ကာ
လ
လ
(၂၂) တ်ခွသောသံ ၂၊ ၁ဝ၊ကံသီထုပ် ၄ဝ။သတင်ဒွတ်ဇ ()
(၂၃) သာခ္ယသောသံမှ။ ၁ဝ။ ကွသိထုပ် ၄ဝ။ တဈဆူသတ
(၂၄) ်တွင်ကာက္ခံသိ ၂၀၀၊ဝထွတ်ကာအထက်
(၂၅) သက်ခံ ၁ ထည်။အဩက်သက်ခံ ၁ ထည်။
၁
(၂၆) ပျာ ၁ အို(။) သိမ်သောကာ။ဘွိုင်သတ်တျာ"	"၂၉
(၃၅) တံသဘုရါတိုပ်ကိုင် လေမဘူစေသတေ။ ငာကောင်မှုကိုပ် ပင်ပါခေl
မင်မင်မျာမင်သါအမ
(၃၆) ်စစ်သူကြီပိုဒ်ပါ ရဟန်သင်္ဃာတိုင်သည် အရိယ်အရံ မူလေယူပါ၏။ င
ဝတ္ထုကိုဝ်စါကာမမူ
(၃၇) စူ ဖါသသူ၊ တိမ်ခဲငြိသည်ကိုဝ်မဝ်ပါသသူဟာ၊ လူဖွစ်သေါသေလူတကာ
ထက်မွတ်
2
(၃၀) စွာသမင်စကြာဝတိယ်သန္ဓေသူကြွယ်တိလျှင်ဖြစ်စေယ်သတေ။
၁၆။ မဟာထီးဘုရားကျောက်စာ၊ ပုဂံမင်္ဂလာစေတီမြောက်။
(၁) ဝ ။ သကရစ် ၅၇၃ ခု။ အာသုတ်နှစ်သံဝစ်ဆိရ်နှစ်။
(၂)
သန္တုလဆုတ် ၇ ရှက်ကြသပတိယ်နိယ်အာအတိုင်သျှင်အလေါင်
၇
(၃) မင် (က)။ ဖုရှါကိုဝ်သိင်မဟာထီထမ္မ၀ိလဿတန်ဆာပုစဝ်သောရှ
(၄) နှိုက်သိင်လှူသောကျွန်ကာ ၁၁၉ ယောက်တေ။နွာ ၁၄ ခုလှူ၏။လယ်ကာ
(၅) ။သိင်မဟာထီလှူသောကန်ပ္လည်လဲ ၁ဝဝ ၊ မင်ကြီစည်သူလှူသောဝရ
(၆) င်တုတ်လဲ ၅ဝ။ မပင်စရဖုရါငယ်ရွာလဲ ၃၀။ မင် (ကြီ) နာတောင်မျါရှယ်
(၇) တောင်မတက်မီလှူသောခင်မှလဲ ၁၀၁။ အမိဖုရှါမြကန်သည်လှူသောမ
(ဂ) ပင်စရကန်ပယ်လဲ ၅ဝ။အမိဖုရှာတောင်ဖွင်သည်လှူသောခတောင်
(၉) ဖုန်လ် ၄ဝ။အမိဖုရှာမ္မစ်ဖွင်သည်ရှိသောပုတက်ကိုမျှင်လဲ ၃၁ဝ။
(၁၀) (အိုင်ဆောက်ပန်သာ ၃ယောက်ကိုင်လှူရွယ်မင်ကြီစည်သူရုယ်သောဦ
၃ဝ
(၁၁) ဆာက်ကိုင်လဲ ၃။အစပ်မင်လှလှူသောစလင်ကျန်ရင်လဲ ၃ဝ။
(၁၂) မျှာသာ ၂ဝ မပင်စရငသီနသင်ရွာလဲ ၂ ၀။က္ကောက်သယောင်လဲ ၁
(၁၃) ဝ၊အပေါင်လဲ ၅၁ဝ လှူ။ဤမျှသောအလှူခပင်သကာဖုရှါသ
(၁၄) သာလျှင်ငာဆောက်နှင်သတေကျွန်ကာကုလါကြီတယောက်အ
(၁၅) ( ပု)က္ကဘတ် ၁ ငိဝင်သင်းငထရန္န၀တိုင်ပင် လှ ၁ မျာကိုပျ(ယ်)၁
0
(၁၆) အိမ္လယ် ၁ ငထရမူ ၁ ချိာယကပင် ၁ သမီယပင် လင်ငမျှင်ငံ ၁ သမိဥ
(၁၇) နယ်ပင်ငိမကြလင် ၁ လင်ငယန် ၁ ီဟီမာ ၁ ကြာလင် ၁ ဟင်ယေ ၁
(၁ဂ) ဒီငပြက် ၁ ငိငသုက် ၁ ငကလဲ ၁ သားပုတ် ၁ နိုငထုယ် ၁ ငသုက် ၁ မျာ
(၁၉) ယသုတ် ၁ ယင်ကောင်
[unclear]
၁၇။ ။စောရဟန်းသိမ်ကျောက်စာ၊တူရွင်းတောင်။
(၁) ဝ။တုရင်တောင်ထက်စပ်ရဟန်သိမ်
(၂) ပျာက်ခရကာမောင်နှတ်ဆာက်အ (ဖွယ်) အိုအိ
(၃) သန်ဥသင်စာခိပိုဟ်၍ယ် ၂ ကြာရကာ၊ပုရှာ
(၄) လောင်မင်ဦစနာမင်ကြီဟုယ်တောင်
(၅) တက်ဧအ်၊နှစ်သောကြာရကာ၊မင်ကြီပ္ပ
(၆) စိယ်ဟုရကာ၊ဤယ်သိမ်ဆောက်သကာသကရစ်
( ၇) ၅၇၄ ခုကြာတိုက်နှစ်နယုန်လဆန် ၁
(ဂ) ၂ တန်နှင်ကုနူယ်နိယ်အမြုတ်တက်သိင်ခာလ
၃၁
(၉) ရက်အခာနှံနာက်တစ်ပဟိုအိအာဆောက်သ(က)
(၁၀)ဟ်၊၍ယ်သိမ်ဏ္ဍောက်သမိုတ်သကာ၊မင်ဆာ
(၁၁) ဈာနွိုင်ဓမ္မသိရိသမိုက်သတေ၊လုပ်ရသော
(၁၂) ကာ(စိ) တ္တဗိစေည်၊ ပေါက်ပေါရမာ အသက်လွှ
(၁၃) ုတ်(ပိသူ) ကာ(င၁ ) ချီသင် ၁။သိမ်ပြီပြီရှယ်အိ
(၁၄) သင်္ဃာစာပိယ်သောကာ၊ဝာဆိုင် ၅၀၊သတ
(၁၅) ်တိုင်ကာ ၂ဝ၊ တခောင် ၅၀၊ ဝတက္ကတ် ၅၀၊
(၁၆) သကင်လွှတ်စသော ၅၀၊လုပ်ရသောတမင်သ
(၁၇) ည်ကာဘတ္တဗိစေည်ငာမျင်သင် ၁။ဟင်သ
(၁၈) ည်ကာငာသြင်သင် ၁။ယနအိပျာသည်နွာ
(၁၉) နိုင်သည်၊သာစို၊ယန၊ဝာဆိုခွသောသံ
(၂၀) ၁ဝ။ကံသီထုပ် ၄၀။ သတင်ဟိုင်ခ္ယသောကံသီလုပ်
လ
(၂၁) ၂၀ ။ တခောင်ညိုသောသံ မှူ ၁ဝ။ခွံ သီထုပ် ၄ဝ၊
၁ကာ
လ
လ
(၂၂) တ်ခွသောသံ ၂၊ ၁ဝ၊ကံသီထုပ် ၄ဝ။သတင်ဒွတ်ဇ ()
(၂၃) သာခ္ယသောသံမှ။ ၁ဝ။ ကွသိထုပ် ၄ဝ။ တဈဆူသတ
(၂၄) ်တွင်ကာက္ခံသိ ၂၀၀၊ဝထွတ်ကာအထက်
(၂၅) သက်ခံ ၁ ထည်။အဩက်သက်ခံ ၁ ထည်။
၁
(၂၆) ပျာ ၁ အို(။) သိမ်သောကာ။ဘွိုင်သတ်တျာ"	"၂၉
(၃၅) တံသဘုရါတိုပ်ကိုင် လေမဘူစေသတေ။ ငာကောင်မှုကိုပ် ပင်ပါခေl
မင်မင်မျာမင်သါအမ
(၃၆) ်စစ်သူကြီပိုဒ်ပါ ရဟန်သင်္ဃာတိုင်သည် အရိယ်အရံ မူလေယူပါ၏။ င
ဝတ္ထုကိုဝ်စါကာမမူ
(၃၇) စူ ဖါသသူ၊ တိမ်ခဲငြိသည်ကိုဝ်မဝ်ပါသသူဟာ၊ လူဖွစ်သေါသေလူတကာ
ထက်မွတ်
2
(၃၀) စွာသမင်စကြာဝတိယ်သန္ဓေသူကြွယ်တိလျှင်ဖြစ်စေယ်သတေ။
၁၆။ မဟာထီးဘုရားကျောက်စာ၊ ပုဂံမင်္ဂလာစေတီမြောက်။
(၁) ဝ ။ သကရစ် ၅၇၃ ခု။ အာသုတ်နှစ်သံဝစ်ဆိရ်နှစ်။
(၂)
သန္တုလဆုတ် ၇ ရှက်ကြသပတိယ်နိယ်အာအတိုင်သျှင်အလေါင်
၇
(၃) မင် (က)။ ဖုရှါကိုဝ်သိင်မဟာထီထမ္မ၀ိလဿတန်ဆာပုစဝ်သောရှ
(၄) နှိုက်သိင်လှူသောကျွန်ကာ ၁၁၉ ယောက်တေ။နွာ ၁၄ ခုလှူ၏။လယ်ကာ
(၅) ။သိင်မဟာထီလှူသောကန်ပ္လည်လဲ ၁ဝဝ ၊ မင်ကြီစည်သူလှူသောဝရ
(၆) င်တုတ်လဲ ၅ဝ။ မပင်စရဖုရါငယ်ရွာလဲ ၃၀။ မင် (ကြီ) နာတောင်မျါရှယ်
(၇) တောင်မတက်မီလှူသောခင်မှလဲ ၁၀၁။ အမိဖုရှါမြကန်သည်လှူသောမ
(ဂ) ပင်စရကန်ပယ်လဲ ၅ဝ။အမိဖုရှာတောင်ဖွင်သည်လှူသောခတောင်
(၉) ဖုန်လ် ၄ဝ။အမိဖုရှာမ္မစ်ဖွင်သည်ရှိသောပုတက်ကိုမျှင်လဲ ၃၁ဝ။
(၁၀) (အိုင်ဆောက်ပန်သာ ၃ယောက်ကိုင်လှူရွယ်မင်ကြီစည်သူရုယ်သောဦ
၃ဝ
(၁၁) ဆာက်ကိုင်လဲ ၃။အစပ်မင်လှလှူသောစလင်ကျန်ရင်လဲ ၃ဝ။
(၁၂) မျှာသာ ၂ဝ မပင်စရငသီနသင်ရွာလဲ ၂ ၀။က္ကောက်သယောင်လဲ ၁
(၁၃) ဝ၊အပေါင်လဲ ၅၁ဝ လှူ။ဤမျှသောအလှူခပင်သကာဖုရှါသ
(၁၄) သာလျှင်ငာဆောက်နှင်သတေကျွန်ကာကုလါကြီတယောက်အ
(၁၅) ( ပု)က္ကဘတ် ၁ ငိဝင်သင်းငထရန္န၀တိုင်ပင် လှ ၁ မျာကိုပျ(ယ်)၁
0
(၁၆) အိမ္လယ် ၁ ငထရမူ ၁ ချိာယကပင် ၁ သမီယပင် လင်ငမျှင်ငံ ၁ သမိဥ
(၁၇) နယ်ပင်ငိမကြလင် ၁ လင်ငယန် ၁ ီဟီမာ ၁ ကြာလင် ၁ ဟင်ယေ ၁
(၁ဂ) ဒီငပြက် ၁ ငိငသုက် ၁ ငကလဲ ၁ သားပုတ် ၁ နိုငထုယ် ၁ ငသုက် ၁ မျာ
(၁၉) ယသုတ် ၁ ယင်ကောင်
[unclear]
၁၇။ ။စောရဟန်းသိမ်ကျောက်စာ၊တူရွင်းတောင်။
(၁) ဝ။တုရင်တောင်ထက်စပ်ရဟန်သိမ်
(၂) ပျာက်ခရကာမောင်နှတ်ဆာက်အ (ဖွယ်) အိုအိ
(၃) သန်ဥသင်စာခိပိုဟ်၍ယ် ၂ ကြာရကာ၊ပုရှာ
(၄) လောင်မင်ဦစနာမင်ကြီဟုယ်တောင်
(၅) တက်ဧအ်၊နှစ်သောကြာရကာ၊မင်ကြီပ္ပ
(၆) စိယ်ဟုရကာ၊ဤယ်သိမ်ဆောက်သကာသကရစ်
( ၇) ၅၇၄ ခုကြာတိုက်နှစ်နယုန်လဆန် ၁
(ဂ) ၂ တန်နှင်ကုနူယ်နိယ်အမြုတ်တက်သိင်ခာလ
၃၁
(၉) ရက်အခာနှံနာက်တစ်ပဟိုအိအာဆောက်သ(က)
(၁၀)ဟ်၊၍ယ်သိမ်ဏ္ဍောက်သမိုတ်သကာ၊မင်ဆာ
(၁၁) ဈာနွိုင်ဓမ္မသိရိသမိုက်သတေ၊လုပ်ရသော
(၁၂) ကာ(စိ) တ္တဗိစေည်၊ ပေါက်ပေါရမာ အသက်လွှ
(၁၃) ုတ်(ပိသူ) ကာ(င၁ ) ချီသင် ၁။သိမ်ပြီပြီရှယ်အိ
(၁၄) သင်္ဃာစာပိယ်သောကာ၊ဝာဆိုင် ၅၀၊သတ
(၁၅) ်တိုင်ကာ ၂ဝ၊ တခောင် ၅၀၊ ဝတက္ကတ် ၅၀၊
(၁၆) သကင်လွှတ်စသော ၅၀၊လုပ်ရသောတမင်သ
(၁၇) ည်ကာဘတ္တဗိစေည်ငာမျင်သင် ၁။ဟင်သ
(၁၈) ည်ကာငာသြင်သင် ၁။ယနအိပျာသည်နွာ
(၁၉) နိုင်သည်၊သာစို၊ယန၊ဝာဆိုခွသောသံ
(၂၀) ၁ဝ။ကံသီထုပ် ၄၀။ သတင်ဟိုင်ခ္ယသောကံသီလုပ်
လ
(၂၁) ၂၀ ။ တခောင်ညိုသောသံ မှူ ၁ဝ။ခွံ သီထုပ် ၄ဝ၊
၁ကာ
လ
လ
(၂၂) တ်ခွသောသံ ၂၊ ၁ဝ၊ကံသီထုပ် ၄ဝ။သတင်ဒွတ်ဇ ()
(၂၃) သာခ္ယသောသံမှ။ ၁ဝ။ ကွသိထုပ် ၄ဝ။ တဈဆူသတ
(၂၄) ်တွင်ကာက္ခံသိ ၂၀၀၊ဝထွတ်ကာအထက်
(၂၅) သက်ခံ ၁ ထည်။အဩက်သက်ခံ ၁ ထည်။
၁
(၂၆) ပျာ ၁ အို(။) သိမ်သောကာ။ဘွိုင်သတ်တျာ"	usable_with_minor_noise	high	IOB cross-reference: Plate XXXVI -> SIP 30-32.	needs_text_cleanup	Linked through exact corpus plate citation(s): Pl. I 36. | Extracted from SIP printed pages 30-32 using the OCR page offset observed from the scanned volume.
sip-witness-009	sipSelectionsPagan	corpus-citation-target-0371	luce_pemaungtin_1928_inscriptions_of_pag-da9f6d6d89b3	39-42	49-52	SIP 39-42	Plate LXIX	List 213			obi-v01-n0135	obi-v01-n0135-ob-p0218	source_text	Old Burmese/Burmese	"[[SIP page 39 / OCR page 49]]
po
(၂၁) တန်တိုင်တစ်ထပ်သော အပန်ကျင်ကာ သာသနာကိုင် ချွတ်ရယ်ညှင်
ကျင်သောလှိုင် အရိယာတိုက်နိယ်စိ သောငှာ မျာစွာသော လောင်
လေအစန်ပြု၏
(၂၂) လွိုင်အရိယာတိုင္အရိယ်ချီသာစိ၌ သောဌာ ဥတ္တိဖွယ်သောရိယ်တွင်လေ
တူ၏။ဥတ္တိဖွယ်သော ၄ ထောင်ကာန်လေထူ၏။ အန္ဒိယ့်ဖ ်ကာ
ကန်
(၂၃) ကြီလေ ၂ ဆတူဧအ်။ ရိယ်ဝင်စိ သောငှာ လွန်နှဋ်တလာလေအ
တင်အကယ် ဧအ်။ ရိယ်ကာန်အပါဝန်ကျင်ကာဥယာန်လေစိုက်။
ထိုက္ကော
(၂၄) ်အပကာလိယ်မျက်နှာလာလာသော သုတပ်တကာ။ နိယ်သော။ ဤပ်
သောရုပ်သော။ အလုပ်ရစိတ္တံ့သောငှာ။ တင့်တယ်စွာသောတန်တိုင်
တွင်ရုပ်အထုထူ
(၂၅) သဖွဆန်ကြယ်ထလျက်သော သာယာစွာသော တန်ဆောင်ကြီလေ
ဧအ်။ ထိုဝ်အနောက်ဖွကာ အလှူပိယ်လိုဝ်သော သုတပ်တို၌အ
လှူပိယ်စိမ့်
(၂၆) သောငှာ။မြယ်မြံစွာသောဥတ်စရပ်လေပွဧ၏။ ဤယ်ငာကောင်နိုက်ဟိ
လွှဲသော။ ပုရှာတရာသင်္ဃာတို့၌ချိုသာစိန္တသောငှာ။ပြည်အစနှိုက်
(၂၇) က၁။ဥတ်နှင့်မြယ်မြီစွာဖွယ်သောကပ္ပိယကူဋီယ်လေ&ဧ။ အလုပ်အ
ကွည်လေမျာစွာ ထာပိယ်ဧအ်၊လိယ်မျက်နှာလာလာသောသူတို
[[SIP page 40 / OCR page 50]]
PC
(၂၀) ၌ရိယ်အလိုပ်ရစ်မြို့သောငှာ။ဥတ်နှင့်မြယ်မြံစွာပွသို့သောချိတ်တွင်လေ
တူ၏။ ဤယ်မျှသောအနှစ်မောင်နှ’သော ကောင်းမွသိမ်သကာ။
(၂၉) သာသနာအနှစ်၅၀ဝဝ
က်ဩင်တည်ရစ်စိ၌သောငှာ၊အစီအဖွဲ့ဝင်
မျာစွာ&သာ။ ။ ဤယ်အနှစ်မောင်နှစ်ကောင်မှုခပ်သိမ်
သောကို
(၃ဝ) ်။ အနှစ်ကိုင်စာအခ၁မနွယ်က္လူဖာရစ်စိမ့်သောငှာ၊ ကန်လင်လှည်
စိန္တသောငှာ။ ဖုရှာတျာနိူက်သံပုတ်။ ဆီမီး ကွဲပန်း မပြတ်တင်ရစ်စိန္တ
သောငှာ။ သည်
(၃၁) ခံသော ဘွိုင်အရိယာတို၌ကို်ဆံပန်လုပ်က္လည်ရစ်စိမ် သောငှာ။ အနှစ်
မောင်နှံလှူသော။ - ပုကံကျွန်ကာ
၂ဝ။ ။စောမင်းလတ်ဘုရားကျောက်စာ၊ပုဂံအာနန္ဒာဘုရားမြောက်။
(၁)
နမောဗုဒ္ဓါယ။ သကရစ် ၅၉၃ ခု။
(၂) စိတ်ဿနှစ်တီလ္လင်ညွှန် ၁၁- ၆ ကြာနေ အာဖုရာ တျာသာ
(၃) ရတ္တနာသုံပါနှိုက်ရိုဝ်သိယ်မွတ်နိုင်စွာထသောစ်မင်လတ်သည် သာသ
နာ
(၄) နှိုက် ကောင်တေ ယုံကြည်စွာရှယ်သဏ္ဌာကြည်ညိုဝ်စွာသလ္လင် ဆင်ရဲခပ်
သိမ်ငြိမ်ရာဖြစ်သောနေ
(၅) ရပန်ချီစာကိုပ်လိုချွင်သောကြောင်ရှေငွေစသော ဥစ္စာရုတ္တန်းမျာစွာ
စွန်ချယ်တိုင်ချွတ်
[[SIP page 41 / OCR page 51]]
၄၀
(၆) ၏အရှေ့စိုက်ရခဲစွာသော ရတနာသုံပါထာအသောငှာ တင်စွာသောဥ
အတိသောတ
(၇) ပန်တိုင် ဝန်ကျင်လေဉျ ထိုင်တန်တိုင်တွင်စေတီနှင်ကူလေပ္စု၏ စေတီ
ကိုင်
(ဂ) နွယ်အတိသောအထွက်လေတင်၏ အဆန်အပြဲက္ကင်စွာသ သလွဲလေ
ခတ်၏ထိုင်ကူ
(၉) တွင်ပန်လင်နှင်အကွသော ဖုရာလေ&၏ ဖုရာသို့င်တပေသာသိင်မျာ
တိုင်၏
(၁ဝ) နစိမ်သောငှာသာယာစွာသောက္ကောင်လေဠု၊ ဖုရာကြာသင်္ဃာရ
တနာသုံပါအာ ပ
(၁၁) စ္စည်လေပါဖြစ်စိမ်သောငှာငှာလှူသောလဲမပင်စရက ၆၅ ပဲ (၂) Ðင်
ဩလိုင် ၁၀ မက္ခရာ
(၁၂) အရပ်တောင် ဥလ် ၄၀ တောင်ပိခောင်စာလဲ ၃၀ ပင်လဲကန်ခြောက်
တောင်လဲ
(၁၃) ၃ဝ စတ်သာမင်ကွင်လ ၃ဝဝ မွစ်ဩက်ဖက် ယင်တ်ပုံနာလဲ ၁၀၁၀ င
လတ်နဲ
(၁၄) ရွာတောင် အရှေ့တောင်လဲ ၃ဝဝ ကျည်နကပိုင်လ် ၅ဝဝ ၁လှူသော
အလွ
[[SIP page 42 / OCR page 52]]
၄၁
(၁၅) ကိုင်လူယက်ဖျက်ဆီသသူကာ ဤလူလက်ထက်လေ အပ္ပစ် ဂ ပါရောက်
စေသတေ
(၁၆) ခန္ဓာပျက်ရှုယ်သေခသောလေသည္ကိုေငရယ် ကာလသုတ်ငရဲ တာပနငရဲ
ပတာပနငရဲသ
(၁၇) ဃာတငရဲရောရင်ငရဲမဟာရောရင်ငရဲအဝီစိငရဲ၍သိုဝ်သောငရဲတိုင်နှိုက်
လေတေဝတတ်
(၁ဂ) ခံ၏တေဝတတ်ခံသောယက်အဆအဈာအဆအထောင်အဆအထောင်
အဆအသိန်တစ္ဆေါင်ဂျွန် ၂၂
(၁၉) ခံစေသတေငမွေ့ကိုင် စာသောယောက်ျာလေကောင် မိမလေကောင်
သေခသောအ
(၂ဝ) ထူလေအရွက် ၆ဝ သွာ အလျာအနံအရွက် ၆ဝ ဆဲသွာသော က္ကောက်
ဖျာကြီတွင်ခာရု
(၂၁) ယ်နှစ်လျက်လျက် ရေလေမရ အစာလေမရ လျှာငာလံထွက်လျက်ခံစေ
သတေ
(၂၂) ငာပြုသော ကောင်မှုကိုဝ် ခီပင်ပါသော ရေမွေ့စိုဝ်သော မင်လေ
ကောင်
(၂၃) ကြီ ၂ စွာသော အမတ်လေရွာ သူဆင်ရဲလော လုစ်သော
ကာလု
6"	"po
(၂၁) တန်တိုင်တစ်ထပ်သော အပန်ကျင်ကာ သာသနာကိုင် ချွတ်ရယ်ညှင်
ကျင်သောလှိုင် အရိယာတိုက်နိယ်စိ သောငှာ မျာစွာသော လောင်
လေအစန်ပြု၏
(၂၂) လွိုင်အရိယာတိုင္အရိယ်ချီသာစိ၌ သောဌာ ဥတ္တိဖွယ်သောရိယ်တွင်လေ
တူ၏။ဥတ္တိဖွယ်သော ၄ ထောင်ကာန်လေထူ၏။ အန္ဒိယ့်ဖ ်ကာ
ကန်
(၂၃) ကြီလေ ၂ ဆတူဧအ်။ ရိယ်ဝင်စိ သောငှာ လွန်နှဋ်တလာလေအ
တင်အကယ် ဧအ်။ ရိယ်ကာန်အပါဝန်ကျင်ကာဥယာန်လေစိုက်။
ထိုက္ကော
(၂၄) ်အပကာလိယ်မျက်နှာလာလာသော သုတပ်တကာ။ နိယ်သော။ ဤပ်
သောရုပ်သော။ အလုပ်ရစိတ္တံ့သောငှာ။ တင့်တယ်စွာသောတန်တိုင်
တွင်ရုပ်အထုထူ
(၂၅) သဖွဆန်ကြယ်ထလျက်သော သာယာစွာသော တန်ဆောင်ကြီလေ
ဧအ်။ ထိုဝ်အနောက်ဖွကာ အလှူပိယ်လိုဝ်သော သုတပ်တို၌အ
လှူပိယ်စိမ့်
(၂၆) သောငှာ။မြယ်မြံစွာသောဥတ်စရပ်လေပွဧ၏။ ဤယ်ငာကောင်နိုက်ဟိ
လွှဲသော။ ပုရှာတရာသင်္ဃာတို့၌ချိုသာစိန္တသောငှာ။ပြည်အစနှိုက်
(၂၇) က၁။ဥတ်နှင့်မြယ်မြီစွာဖွယ်သောကပ္ပိယကူဋီယ်လေ&ဧ။ အလုပ်အ
ကွည်လေမျာစွာ ထာပိယ်ဧအ်၊လိယ်မျက်နှာလာလာသောသူတို
PC
(၂၀) ၌ရိယ်အလိုပ်ရစ်မြို့သောငှာ။ဥတ်နှင့်မြယ်မြံစွာပွသို့သောချိတ်တွင်လေ
တူ၏။ ဤယ်မျှသောအနှစ်မောင်နှ’သော ကောင်းမွသိမ်သကာ။
(၂၉) သာသနာအနှစ်၅၀ဝဝ
က်ဩင်တည်ရစ်စိ၌သောငှာ၊အစီအဖွဲ့ဝင်
မျာစွာ&သာ။ ။ ဤယ်အနှစ်မောင်နှစ်ကောင်မှုခပ်သိမ်
သောကို
(၃ဝ) ်။ အနှစ်ကိုင်စာအခ၁မနွယ်က္လူဖာရစ်စိမ့်သောငှာ၊ ကန်လင်လှည်
စိန္တသောငှာ။ ဖုရှာတျာနိူက်သံပုတ်။ ဆီမီး ကွဲပန်း မပြတ်တင်ရစ်စိန္တ
သောငှာ။ သည်
(၃၁) ခံသော ဘွိုင်အရိယာတို၌ကို်ဆံပန်လုပ်က္လည်ရစ်စိမ် သောငှာ။ အနှစ်
မောင်နှံလှူသော။ - ပုကံကျွန်ကာ
၂ဝ။ ။စောမင်းလတ်ဘုရားကျောက်စာ၊ပုဂံအာနန္ဒာဘုရားမြောက်။
(၁)
နမောဗုဒ္ဓါယ။ သကရစ် ၅၉၃ ခု။
(၂) စိတ်ဿနှစ်တီလ္လင်ညွှန် ၁၁- ၆ ကြာနေ အာဖုရာ တျာသာ
(၃) ရတ္တနာသုံပါနှိုက်ရိုဝ်သိယ်မွတ်နိုင်စွာထသောစ်မင်လတ်သည် သာသ
နာ
(၄) နှိုက် ကောင်တေ ယုံကြည်စွာရှယ်သဏ္ဌာကြည်ညိုဝ်စွာသလ္လင် ဆင်ရဲခပ်
သိမ်ငြိမ်ရာဖြစ်သောနေ
(၅) ရပန်ချီစာကိုပ်လိုချွင်သောကြောင်ရှေငွေစသော ဥစ္စာရုတ္တန်းမျာစွာ
စွန်ချယ်တိုင်ချွတ်
၄၀
(၆) ၏အရှေ့စိုက်ရခဲစွာသော ရတနာသုံပါထာအသောငှာ တင်စွာသောဥ
အတိသောတ
(၇) ပန်တိုင် ဝန်ကျင်လေဉျ ထိုင်တန်တိုင်တွင်စေတီနှင်ကူလေပ္စု၏ စေတီ
ကိုင်
(ဂ) နွယ်အတိသောအထွက်လေတင်၏ အဆန်အပြဲက္ကင်စွာသ သလွဲလေ
ခတ်၏ထိုင်ကူ
(၉) တွင်ပန်လင်နှင်အကွသော ဖုရာလေ&၏ ဖုရာသို့င်တပေသာသိင်မျာ
တိုင်၏
(၁ဝ) နစိမ်သောငှာသာယာစွာသောက္ကောင်လေဠု၊ ဖုရာကြာသင်္ဃာရ
တနာသုံပါအာ ပ
(၁၁) စ္စည်လေပါဖြစ်စိမ်သောငှာငှာလှူသောလဲမပင်စရက ၆၅ ပဲ (၂) Ðင်
ဩလိုင် ၁၀ မက္ခရာ
(၁၂) အရပ်တောင် ဥလ် ၄၀ တောင်ပိခောင်စာလဲ ၃၀ ပင်လဲကန်ခြောက်
တောင်လဲ
(၁၃) ၃ဝ စတ်သာမင်ကွင်လ ၃ဝဝ မွစ်ဩက်ဖက် ယင်တ်ပုံနာလဲ ၁၀၁၀ င
လတ်နဲ
(၁၄) ရွာတောင် အရှေ့တောင်လဲ ၃ဝဝ ကျည်နကပိုင်လ် ၅ဝဝ ၁လှူသော
အလွ
၄၁
(၁၅) ကိုင်လူယက်ဖျက်ဆီသသူကာ ဤလူလက်ထက်လေ အပ္ပစ် ဂ ပါရောက်
စေသတေ
(၁၆) ခန္ဓာပျက်ရှုယ်သေခသောလေသည္ကိုေငရယ် ကာလသုတ်ငရဲ တာပနငရဲ
ပတာပနငရဲသ
(၁၇) ဃာတငရဲရောရင်ငရဲမဟာရောရင်ငရဲအဝီစိငရဲ၍သိုဝ်သောငရဲတိုင်နှိုက်
လေတေဝတတ်
(၁ဂ) ခံ၏တေဝတတ်ခံသောယက်အဆအဈာအဆအထောင်အဆအထောင်
အဆအသိန်တစ္ဆေါင်ဂျွန် ၂၂
(၁၉) ခံစေသတေငမွေ့ကိုင် စာသောယောက်ျာလေကောင် မိမလေကောင်
သေခသောအ
(၂ဝ) ထူလေအရွက် ၆ဝ သွာ အလျာအနံအရွက် ၆ဝ ဆဲသွာသော က္ကောက်
ဖျာကြီတွင်ခာရု
(၂၁) ယ်နှစ်လျက်လျက် ရေလေမရ အစာလေမရ လျှာငာလံထွက်လျက်ခံစေ
သတေ
(၂၂) ငာပြုသော ကောင်မှုကိုဝ် ခီပင်ပါသော ရေမွေ့စိုဝ်သော မင်လေ
ကောင်
(၂၃) ကြီ ၂ စွာသော အမတ်လေရွာ သူဆင်ရဲလော လုစ်သော
ကာလု
6"	"po
(၂၁) တန်တိုင်တစ်ထပ်သော အပန်ကျင်ကာ သာသနာကိုင် ချွတ်ရယ်ညှင်
ကျင်သောလှိုင် အရိယာတိုက်နိယ်စိ သောငှာ မျာစွာသော လောင်
လေအစန်ပြု၏
(၂၂) လွိုင်အရိယာတိုင္အရိယ်ချီသာစိ၌ သောဌာ ဥတ္တိဖွယ်သောရိယ်တွင်လေ
တူ၏။ဥတ္တိဖွယ်သော ၄ ထောင်ကာန်လေထူ၏။ အန္ဒိယ့်ဖ ်ကာ
ကန်
(၂၃) ကြီလေ ၂ ဆတူဧအ်။ ရိယ်ဝင်စိ သောငှာ လွန်နှဋ်တလာလေအ
တင်အကယ် ဧအ်။ ရိယ်ကာန်အပါဝန်ကျင်ကာဥယာန်လေစိုက်။
ထိုက္ကော
(၂၄) ်အပကာလိယ်မျက်နှာလာလာသော သုတပ်တကာ။ နိယ်သော။ ဤပ်
သောရုပ်သော။ အလုပ်ရစိတ္တံ့သောငှာ။ တင့်တယ်စွာသောတန်တိုင်
တွင်ရုပ်အထုထူ
(၂၅) သဖွဆန်ကြယ်ထလျက်သော သာယာစွာသော တန်ဆောင်ကြီလေ
ဧအ်။ ထိုဝ်အနောက်ဖွကာ အလှူပိယ်လိုဝ်သော သုတပ်တို၌အ
လှူပိယ်စိမ့်
(၂၆) သောငှာ။မြယ်မြံစွာသောဥတ်စရပ်လေပွဧ၏။ ဤယ်ငာကောင်နိုက်ဟိ
လွှဲသော။ ပုရှာတရာသင်္ဃာတို့၌ချိုသာစိန္တသောငှာ။ပြည်အစနှိုက်
(၂၇) က၁။ဥတ်နှင့်မြယ်မြီစွာဖွယ်သောကပ္ပိယကူဋီယ်လေ&ဧ။ အလုပ်အ
ကွည်လေမျာစွာ ထာပိယ်ဧအ်၊လိယ်မျက်နှာလာလာသောသူတို
PC
(၂၀) ၌ရိယ်အလိုပ်ရစ်မြို့သောငှာ။ဥတ်နှင့်မြယ်မြံစွာပွသို့သောချိတ်တွင်လေ
တူ၏။ ဤယ်မျှသောအနှစ်မောင်နှ’သော ကောင်းမွသိမ်သကာ။
(၂၉) သာသနာအနှစ်၅၀ဝဝ
က်ဩင်တည်ရစ်စိ၌သောငှာ၊အစီအဖွဲ့ဝင်
မျာစွာ&သာ။ ။ ဤယ်အနှစ်မောင်နှစ်ကောင်မှုခပ်သိမ်
သောကို
(၃ဝ) ်။ အနှစ်ကိုင်စာအခ၁မနွယ်က္လူဖာရစ်စိမ့်သောငှာ၊ ကန်လင်လှည်
စိန္တသောငှာ။ ဖုရှာတျာနိူက်သံပုတ်။ ဆီမီး ကွဲပန်း မပြတ်တင်ရစ်စိန္တ
သောငှာ။ သည်
(၃၁) ခံသော ဘွိုင်အရိယာတို၌ကို်ဆံပန်လုပ်က္လည်ရစ်စိမ် သောငှာ။ အနှစ်
မောင်နှံလှူသော။ - ပုကံကျွန်ကာ
၂ဝ။ ။စောမင်းလတ်ဘုရားကျောက်စာ၊ပုဂံအာနန္ဒာဘုရားမြောက်။
(၁)
နမောဗုဒ္ဓါယ။ သကရစ် ၅၉၃ ခု။
(၂) စိတ်ဿနှစ်တီလ္လင်ညွှန် ၁၁- ၆ ကြာနေ အာဖုရာ တျာသာ
(၃) ရတ္တနာသုံပါနှိုက်ရိုဝ်သိယ်မွတ်နိုင်စွာထသောစ်မင်လတ်သည် သာသ
နာ
(၄) နှိုက် ကောင်တေ ယုံကြည်စွာရှယ်သဏ္ဌာကြည်ညိုဝ်စွာသလ္လင် ဆင်ရဲခပ်
သိမ်ငြိမ်ရာဖြစ်သောနေ
(၅) ရပန်ချီစာကိုပ်လိုချွင်သောကြောင်ရှေငွေစသော ဥစ္စာရုတ္တန်းမျာစွာ
စွန်ချယ်တိုင်ချွတ်
၄၀
(၆) ၏အရှေ့စိုက်ရခဲစွာသော ရတနာသုံပါထာအသောငှာ တင်စွာသောဥ
အတိသောတ
(၇) ပန်တိုင် ဝန်ကျင်လေဉျ ထိုင်တန်တိုင်တွင်စေတီနှင်ကူလေပ္စု၏ စေတီ
ကိုင်
(ဂ) နွယ်အတိသောအထွက်လေတင်၏ အဆန်အပြဲက္ကင်စွာသ သလွဲလေ
ခတ်၏ထိုင်ကူ
(၉) တွင်ပန်လင်နှင်အကွသော ဖုရာလေ&၏ ဖုရာသို့င်တပေသာသိင်မျာ
တိုင်၏
(၁ဝ) နစိမ်သောငှာသာယာစွာသောက္ကောင်လေဠု၊ ဖုရာကြာသင်္ဃာရ
တနာသုံပါအာ ပ
(၁၁) စ္စည်လေပါဖြစ်စိမ်သောငှာငှာလှူသောလဲမပင်စရက ၆၅ ပဲ (၂) Ðင်
ဩလိုင် ၁၀ မက္ခရာ
(၁၂) အရပ်တောင် ဥလ် ၄၀ တောင်ပိခောင်စာလဲ ၃၀ ပင်လဲကန်ခြောက်
တောင်လဲ
(၁၃) ၃ဝ စတ်သာမင်ကွင်လ ၃ဝဝ မွစ်ဩက်ဖက် ယင်တ်ပုံနာလဲ ၁၀၁၀ င
လတ်နဲ
(၁၄) ရွာတောင် အရှေ့တောင်လဲ ၃ဝဝ ကျည်နကပိုင်လ် ၅ဝဝ ၁လှူသော
အလွ
၄၁
(၁၅) ကိုင်လူယက်ဖျက်ဆီသသူကာ ဤလူလက်ထက်လေ အပ္ပစ် ဂ ပါရောက်
စေသတေ
(၁၆) ခန္ဓာပျက်ရှုယ်သေခသောလေသည္ကိုေငရယ် ကာလသုတ်ငရဲ တာပနငရဲ
ပတာပနငရဲသ
(၁၇) ဃာတငရဲရောရင်ငရဲမဟာရောရင်ငရဲအဝီစိငရဲ၍သိုဝ်သောငရဲတိုင်နှိုက်
လေတေဝတတ်
(၁ဂ) ခံ၏တေဝတတ်ခံသောယက်အဆအဈာအဆအထောင်အဆအထောင်
အဆအသိန်တစ္ဆေါင်ဂျွန် ၂၂
(၁၉) ခံစေသတေငမွေ့ကိုင် စာသောယောက်ျာလေကောင် မိမလေကောင်
သေခသောအ
(၂ဝ) ထူလေအရွက် ၆ဝ သွာ အလျာအနံအရွက် ၆ဝ ဆဲသွာသော က္ကောက်
ဖျာကြီတွင်ခာရု
(၂၁) ယ်နှစ်လျက်လျက် ရေလေမရ အစာလေမရ လျှာငာလံထွက်လျက်ခံစေ
သတေ
(၂၂) ငာပြုသော ကောင်မှုကိုဝ် ခီပင်ပါသော ရေမွေ့စိုဝ်သော မင်လေ
ကောင်
(၂၃) ကြီ ၂ စွာသော အမတ်လေရွာ သူဆင်ရဲလော လုစ်သော
ကာလု
6"	good	high	IOB cross-reference: Plate LXIX -> SIP 39-42.	accepted_witness_unit	Linked through exact corpus plate citation(s): Pl. I 69. | Extracted from SIP printed pages 39-42 using the OCR page offset observed from the scanned volume.
sip-witness-010	sipSelectionsPagan	corpus-citation-target-0371	luce_pemaungtin_1928_inscriptions_of_pag-da9f6d6d89b3	35-39	45-49	SIP 35-39	Plate LXXIII	List 190	PPA 224-226	TN 103-104			source_text	Old Burmese/Burmese	"[[SIP page 35 / OCR page 45]]
၁၁
(၃၁) ရွယ်ဦခွန်ကို စာမိအံ (အစ်ဖြစ်ရယ်။) ဤယ်အရင်နိယ်သောဘွိုင်သ
(၃၂) ည်ဦယန်အခွန်ကိုအလို ဟိယ်ရွယ် ၃လတ်တံ။ မိန့်လတ်သော ရှေ
(၃၃) တစ်ခ၁ ၂ ပိယ်သယ်။ အလျှင်ပိယ်စိယ်သောမဟုတ်၌်တေ
(၃၄) ဤယ်ဥယန်ကိုင်လုစာသောသူကာမိယ်ကာ အထက်ပေ လုစာသောသူ
ကာအမြောက်
(၃၅) ဖြစ်စိယ်သတေ။မိန်ရင်ကိုင်တာဝယ်ရွယ်သောကေ၊ အိုက်
(၃၆) ကြံကောင်ဝံသရာာလွ (င်သော) တေ။ ကထိုန် (လေယ်) ခပူဧ။ ပင်
(၃၇) သကုလေပိယ်ခပူ။ ထီ (လေ) ဆောင်ခပူဧ (တန်) ခွန်လေဆောက်
(၃ဂ) ခဖူဧ။ ဆီမီ အထောင် ဖူဧ။ သံပုတ်အထောင်လေတင်
(၃၉) ခဖူး။ ကံ အထောင်....ပူး၊ သပိတ်အထောင်တည်ခ
(၄ဝ) ဖူး။ တ္ထောင် ကျက် စာ ငိုယ် (ဝါပ) ခဖူ၊ သတင်တည်ကုပ်
(၄၁) လေဉ္ဇူခဖူး။ စရပ်လေပွခဖူဧ။ ဝ ။ဝိယ်တကတ်အ
(၄၂) ဦ သီလခန်ဓဝါသီတစ်တ္ထမ်။ အဘိဓမသင်ဂိနီတစ်ကမ်
(၄၂) တဿဒတ်တစ်ကမ်၊ ဓံမပဒတစ်ကြမ် ဝိနည်တမ်ပုမ်
(၄၃) လေဠု ခဇူ၏။ သွင်တိုဝ်လုံလမုရုယ်တပ်သော ပြည် ညာ
(၄၄) - သည်တပ်သောဖွာယ်ဂါယ်သို၌ာတာယကာကိုင်တပ် (လိယ်)
(ရာ) ၂ ကာလို (သော)
(၄၅) သောတေ။ ငာ
....
(၄၆)မာလွယ်ရလို.သော
[[SIP page 36 / OCR page 46]]
၁၉။ ။လေးထောင့်ကန်အရပ် လေးမျက်နှာဘုရားကျောက်စာ။
(၁)။ သကရစ် ၅၇၅ ခု။ အာသိက်သံ၊နတ္တာခ်လဆုတ် ၇ ရာက်
သုကြာနိ၌အခ။မွတ်စွာသောမင်ကြီအမတ္တာ၊မဟာသေနာပတ်
(၂) အနန္တသူရ် မောင်နှံနှစ်ယောက် ဤယ်လူတွင်နှိုက် အတိုင်မသိသဒ္ဓါရယ်
ပြုသောကောင်မှုအတ္ထုဂ်ကာ။ ရိယ် မိုယ်ခပ်သိမ်သောအသိင် စ်
(၃)
သော
မွတ်စွာသောမင်ကြီစသော။မငိ။မသာ။မသမီ။ မနှမခပ်သိမ်။
အဓိပုရှာစသောမောင်မတာခပ်သိမ်။အမတ္တာစသောဗိုလ်ဗာ
(၄) ခပ်သိမ်။ ဩက်အဝစိယ်စသောအထက်ဖဝက်တိုင်သြင်းအတိုစကြဝဠာ
စသောအတိုင်မသိသောစကြဝဠာနှိုက်နိယ်သောလူနတ်သတ္တာ
(၅) ခပ်သိမ် သတို ကို အကြွင်းမယ့် သက္က၄။ သင်္ခရာဆိုငြယ်မှ ထွက်
မျောက်ခရုယ်ဆို ငြယ်မည့်သောနိရဗန်ပြည် သို ့ ရောက်စိယ် ဉ္ဇူာင်
သော
32
(၆) ကြော။ငာလေသိစပ်မြင် သော သဗ္ဗညုတ ညာန် ပုရှာဆုကို လို
ချွာင်သောကြောင့်။ ဤယ်အာမနာမည်သော ကာန်အရပ်ရှိကာ။ မျာ
စာ
(၇) သောတန်ပင်တိလျှာင်ကောင်အရံစိုက်လတ်ရှယ်။ ဥတ္တိပြုသော တန်တိုင်
လေနှစ်ထပ်ရံလတ်ရှယ်။ တန်တိုင်တွင်ရှိကာကလသာအိုပ်အယောင်နှင့်
[[SIP page 37 / OCR page 47]]
(ဂ) တူသော ထင်တယ်စွာသေး ခင်ကြယက်ကူလေတည်၏။ လူဓာမနာ
သောဒခ၁ဒိတ္တသရီရဓတ္တာထည့် ယာတန်စိကြွကြွစ်။လိုအပကာ
ဖန်ပုသောကြွစ် ၊ ထိုဝ်အပကာတန်စီကူနီသောကြွစ်။ သိုဝ်အပကာ
ရယ် ဉ္ဇူသော။ ထိုင်ကာငယ်သော။ ထိုဝ်အပကာရှယ်မုရယ်ရတ
နာတိအခ
(၁၁) က်ခတ်သော။ ထိုဝ်အပကာဆင်စွယ်သော။ သိုဝ်အပကာကြိယ်နီပု
သော။ ထို်အပကာက္ကောက်သောပုထိုင်။ ထိုတွင်ထည့်ပါသော။
ရှယ်စမ
9
(၁၁) ခန့်။ငုယ်စမခန်။ရွယ်ပေါက် ၂။ ငုယ်ပေါက် ၂။ ရွှယ်တန်ဆောင်။ငုယ်တန်
ဆောင်တို ဖင် ပုဇာဂ်ရသည့် လိုက်ဧအ်။က္ကောက်ပုထိုဝ်ကိုဝ်ကာ
(၁၂) ဆိယ်ရိယ်ရုယ်ကြိယ်ခြည်နှင့် ခက်၏။အထွတ်ကာရှယ်ထွတ်ပြုဧအ်။အ
ထွက်သက္ကာရှယ် ထီဆောက်အုံ။ ရှယ်ထီကိုင်ကာ ပုလယ်သန္တာဆွယ်
၉။
(၁၃) အထွတ်ဩက်ရှကာပုဆိုဝ် ၇ ထပ်လွှဧအ်။ ပုဆိုဝ်ထက္က ရှယ်ကျက်တ
ငိုယ်ခတ်ဧအ်။ရှယ် ၃ဝ သွန်သောရှယ်ပုရှာ ၁ ခု။ ငုယ် ၅ဝ သွန်သောငုယ်
ပုရာ
(၁၄) ၁ ခု။ ကျောက်ဖြူရုယ်ရှယ်ရာည်ရိယ်သောပုရှာ ၁ ခု။ ရှယ်ထီငယ်ထိ
တိုက်လေးဆောင်၏။ ထိုဂ်သို
့သောအထုထူသန္တရဓာမနာ
ဧကူတွင်ကာ
[[SIP page 38 / OCR page 48]]
(၁၅) ပုရှာသိပ်ဆင်ပုလိယ်မျက်နှာပြုံရှ၌ ရတနာဘိတောက်ပဆန်ကြယ်စိယ်
ဧအ်။ကူအရံတွင်ရှိကာမျာစွာသောပုရှာဆင်ပုလေဠုကျေ။ဇာတောရွာ
လေ
(၁၆) အတ အတယ်ရိယ်၏။ကူထွတ်တန်ဆာပန်တျန်လက်တွင်ချိန်ပိယ်ရယ်
ခုတ်သောကြိယ်ကာ ၄၇ ဗိသာ ဂ ဗိုဟ် ၄ က္ကပ်။ ခုတ်သောယုတ်သော
ကြိယ်
(၁၇) ကာ ၇ ပိသာ ၉ ကျွပ်။ အပြီခံသောကြိယ်ကာဗိသာ ၄ဝ။ ၇ ဗိုဟ် ၅ ကျွပ်
ရှယ်သာဝင်သော ၃၉ ကျွပ် ၃ မတ်။ ပြတာရည်ကာ ၁ ၅၉ တ္ထုပ်ဝင်ဧအ်။
ဤယ်သို
(၁ဂ) သောရတနာကူထွတ်ကိုင်တောက်ပစိယ်ဧအ်။ ပိဋကတ်သုံပုံသော
ဘျာအပုံလေ၏။တျာနာအဖွဲ့ သောပရိသတ်တကာစည်လည်စိမ်
သောငှာ
(၁၉) ကျောက်ဥတ်တိဖွယ်သောသာယာစွာသောဓမ္မသာလေပျုဧအ်။ ကျာ
ဟဝ်ရာရှယ်ပန်လင်လေဠုဧအ်။ပန်လင်ထက္ကာရှယ်ထီလေဆောက်အေ။
အထက်
(၂၀) ဖွဌ်ကာပိတာန်လေဆင်၏။ နိရဗန်ကိုဝ် လိုဝ်သော သူတာဝိတကာ
တိုင္အဆုမှခံစိမ် သောငှာသိင်ထေရ်နိယ်ရာ သာယာစွာသောတ္ထောင်ကြီ
လေဉျအေ။
[[SIP page 39 / OCR page 49]]
po
(၂၁) တန်တိုင်တစ်ထပ်သော အပန်ကျင်ကာ သာသနာကိုင် ချွတ်ရယ်ညှင်
ကျင်သောလှိုင် အရိယာတိုက်နိယ်စိ သောငှာ မျာစွာသော လောင်
လေအစန်ပြု၏
(၂၂) လွိုင်အရိယာတိုင္အရိယ်ချီသာစိ၌ သောဌာ ဥတ္တိဖွယ်သောရိယ်တွင်လေ
တူ၏။ဥတ္တိဖွယ်သော ၄ ထောင်ကာန်လေထူ၏။ အန္ဒိယ့်ဖ ်ကာ
ကန်
(၂၃) ကြီလေ ၂ ဆတူဧအ်။ ရိယ်ဝင်စိ သောငှာ လွန်နှဋ်တလာလေအ
တင်အကယ် ဧအ်။ ရိယ်ကာန်အပါဝန်ကျင်ကာဥယာန်လေစိုက်။
ထိုက္ကော
(၂၄) ်အပကာလိယ်မျက်နှာလာလာသော သုတပ်တကာ။ နိယ်သော။ ဤပ်
သောရုပ်သော။ အလုပ်ရစိတ္တံ့သောငှာ။ တင့်တယ်စွာသောတန်တိုင်
တွင်ရုပ်အထုထူ
(၂၅) သဖွဆန်ကြယ်ထလျက်သော သာယာစွာသော တန်ဆောင်ကြီလေ
ဧအ်။ ထိုဝ်အနောက်ဖွကာ အလှူပိယ်လိုဝ်သော သုတပ်တို၌အ
လှူပိယ်စိမ့်
(၂၆) သောငှာ။မြယ်မြံစွာသောဥတ်စရပ်လေပွဧ၏။ ဤယ်ငာကောင်နိုက်ဟိ
လွှဲသော။ ပုရှာတရာသင်္ဃာတို့၌ချိုသာစိန္တသောငှာ။ပြည်အစနှိုက်
(၂၇) က၁။ဥတ်နှင့်မြယ်မြီစွာဖွယ်သောကပ္ပိယကူဋီယ်လေ&ဧ။ အလုပ်အ
ကွည်လေမျာစွာ ထာပိယ်ဧအ်၊လိယ်မျက်နှာလာလာသောသူတို"	"၁၁
(၃၁) ရွယ်ဦခွန်ကို စာမိအံ (အစ်ဖြစ်ရယ်။) ဤယ်အရင်နိယ်သောဘွိုင်သ
(၃၂) ည်ဦယန်အခွန်ကိုအလို ဟိယ်ရွယ် ၃လတ်တံ။ မိန့်လတ်သော ရှေ
(၃၃) တစ်ခ၁ ၂ ပိယ်သယ်။ အလျှင်ပိယ်စိယ်သောမဟုတ်၌်တေ
(၃၄) ဤယ်ဥယန်ကိုင်လုစာသောသူကာမိယ်ကာ အထက်ပေ လုစာသောသူ
ကာအမြောက်
(၃၅) ဖြစ်စိယ်သတေ။မိန်ရင်ကိုင်တာဝယ်ရွယ်သောကေ၊ အိုက်
(၃၆) ကြံကောင်ဝံသရာာလွ (င်သော) တေ။ ကထိုန် (လေယ်) ခပူဧ။ ပင်
(၃၇) သကုလေပိယ်ခပူ။ ထီ (လေ) ဆောင်ခပူဧ (တန်) ခွန်လေဆောက်
(၃ဂ) ခဖူဧ။ ဆီမီ အထောင် ဖူဧ။ သံပုတ်အထောင်လေတင်
(၃၉) ခဖူး။ ကံ အထောင်[unclear]ပူး၊ သပိတ်အထောင်တည်ခ
(၄ဝ) ဖူး။ တ္ထောင် ကျက် စာ ငိုယ် (ဝါပ) ခဖူ၊ သတင်တည်ကုပ်
(၄၁) လေဉ္ဇူခဖူး။ စရပ်လေပွခဖူဧ။ ဝ ။ဝိယ်တကတ်အ
(၄၂) ဦ သီလခန်ဓဝါသီတစ်တ္ထမ်။ အဘိဓမသင်ဂိနီတစ်ကမ်
(၄၂) တဿဒတ်တစ်ကမ်၊ ဓံမပဒတစ်ကြမ် ဝိနည်တမ်ပုမ်
(၄၃) လေဠု ခဇူ၏။ သွင်တိုဝ်လုံလမုရုယ်တပ်သော ပြည် ညာ
(၄၄) - သည်တပ်သောဖွာယ်ဂါယ်သို၌ာတာယကာကိုင်တပ် (လိယ်)
(ရာ) ၂ ကာလို (သော)
(၄၅) သောတေ။ ငာ
[unclear]
(၄၆)မာလွယ်ရလို.သော
၁၉။ ။လေးထောင့်ကန်အရပ် လေးမျက်နှာဘုရားကျောက်စာ။
(၁)။ သကရစ် ၅၇၅ ခု။ အာသိက်သံ၊နတ္တာခ်လဆုတ် ၇ ရာက်
သုကြာနိ၌အခ။မွတ်စွာသောမင်ကြီအမတ္တာ၊မဟာသေနာပတ်
(၂) အနန္တသူရ် မောင်နှံနှစ်ယောက် ဤယ်လူတွင်နှိုက် အတိုင်မသိသဒ္ဓါရယ်
ပြုသောကောင်မှုအတ္ထုဂ်ကာ။ ရိယ် မိုယ်ခပ်သိမ်သောအသိင် စ်
(၃)
သော
မွတ်စွာသောမင်ကြီစသော။မငိ။မသာ။မသမီ။ မနှမခပ်သိမ်။
အဓိပုရှာစသောမောင်မတာခပ်သိမ်။အမတ္တာစသောဗိုလ်ဗာ
(၄) ခပ်သိမ်။ ဩက်အဝစိယ်စသောအထက်ဖဝက်တိုင်သြင်းအတိုစကြဝဠာ
စသောအတိုင်မသိသောစကြဝဠာနှိုက်နိယ်သောလူနတ်သတ္တာ
(၅) ခပ်သိမ် သတို ကို အကြွင်းမယ့် သက္က၄။ သင်္ခရာဆိုငြယ်မှ ထွက်
မျောက်ခရုယ်ဆို ငြယ်မည့်သောနိရဗန်ပြည် သို ့ ရောက်စိယ် ဉ္ဇူာင်
သော
32
(၆) ကြော။ငာလေသိစပ်မြင် သော သဗ္ဗညုတ ညာန် ပုရှာဆုကို လို
ချွာင်သောကြောင့်။ ဤယ်အာမနာမည်သော ကာန်အရပ်ရှိကာ။ မျာ
စာ
(၇) သောတန်ပင်တိလျှာင်ကောင်အရံစိုက်လတ်ရှယ်။ ဥတ္တိပြုသော တန်တိုင်
လေနှစ်ထပ်ရံလတ်ရှယ်။ တန်တိုင်တွင်ရှိကာကလသာအိုပ်အယောင်နှင့်
(ဂ) တူသော ထင်တယ်စွာသေး ခင်ကြယက်ကူလေတည်၏။ လူဓာမနာ
သောဒခ၁ဒိတ္တသရီရဓတ္တာထည့် ယာတန်စိကြွကြွစ်။လိုအပကာ
ဖန်ပုသောကြွစ် ၊ ထိုဝ်အပကာတန်စီကူနီသောကြွစ်။ သိုဝ်အပကာ
ရယ် ဉ္ဇူသော။ ထိုင်ကာငယ်သော။ ထိုဝ်အပကာရှယ်မုရယ်ရတ
နာတိအခ
(၁၁) က်ခတ်သော။ ထိုဝ်အပကာဆင်စွယ်သော။ သိုဝ်အပကာကြိယ်နီပု
သော။ ထို်အပကာက္ကောက်သောပုထိုင်။ ထိုတွင်ထည့်ပါသော။
ရှယ်စမ
9
(၁၁) ခန့်။ငုယ်စမခန်။ရွယ်ပေါက် ၂။ ငုယ်ပေါက် ၂။ ရွှယ်တန်ဆောင်။ငုယ်တန်
ဆောင်တို ဖင် ပုဇာဂ်ရသည့် လိုက်ဧအ်။က္ကောက်ပုထိုဝ်ကိုဝ်ကာ
(၁၂) ဆိယ်ရိယ်ရုယ်ကြိယ်ခြည်နှင့် ခက်၏။အထွတ်ကာရှယ်ထွတ်ပြုဧအ်။အ
ထွက်သက္ကာရှယ် ထီဆောက်အုံ။ ရှယ်ထီကိုင်ကာ ပုလယ်သန္တာဆွယ်
၉။
(၁၃) အထွတ်ဩက်ရှကာပုဆိုဝ် ၇ ထပ်လွှဧအ်။ ပုဆိုဝ်ထက္က ရှယ်ကျက်တ
ငိုယ်ခတ်ဧအ်။ရှယ် ၃ဝ သွန်သောရှယ်ပုရှာ ၁ ခု။ ငုယ် ၅ဝ သွန်သောငုယ်
ပုရာ
(၁၄) ၁ ခု။ ကျောက်ဖြူရုယ်ရှယ်ရာည်ရိယ်သောပုရှာ ၁ ခု။ ရှယ်ထီငယ်ထိ
တိုက်လေးဆောင်၏။ ထိုဂ်သို
့သောအထုထူသန္တရဓာမနာ
ဧကူတွင်ကာ
(၁၅) ပုရှာသိပ်ဆင်ပုလိယ်မျက်နှာပြုံရှ၌ ရတနာဘိတောက်ပဆန်ကြယ်စိယ်
ဧအ်။ကူအရံတွင်ရှိကာမျာစွာသောပုရှာဆင်ပုလေဠုကျေ။ဇာတောရွာ
လေ
(၁၆) အတ အတယ်ရိယ်၏။ကူထွတ်တန်ဆာပန်တျန်လက်တွင်ချိန်ပိယ်ရယ်
ခုတ်သောကြိယ်ကာ ၄၇ ဗိသာ ဂ ဗိုဟ် ၄ က္ကပ်။ ခုတ်သောယုတ်သော
ကြိယ်
(၁၇) ကာ ၇ ပိသာ ၉ ကျွပ်။ အပြီခံသောကြိယ်ကာဗိသာ ၄ဝ။ ၇ ဗိုဟ် ၅ ကျွပ်
ရှယ်သာဝင်သော ၃၉ ကျွပ် ၃ မတ်။ ပြတာရည်ကာ ၁ ၅၉ တ္ထုပ်ဝင်ဧအ်။
ဤယ်သို
(၁ဂ) သောရတနာကူထွတ်ကိုင်တောက်ပစိယ်ဧအ်။ ပိဋကတ်သုံပုံသော
ဘျာအပုံလေ၏။တျာနာအဖွဲ့ သောပရိသတ်တကာစည်လည်စိမ်
သောငှာ
(၁၉) ကျောက်ဥတ်တိဖွယ်သောသာယာစွာသောဓမ္မသာလေပျုဧအ်။ ကျာ
ဟဝ်ရာရှယ်ပန်လင်လေဠုဧအ်။ပန်လင်ထက္ကာရှယ်ထီလေဆောက်အေ။
အထက်
(၂၀) ဖွဌ်ကာပိတာန်လေဆင်၏။ နိရဗန်ကိုဝ် လိုဝ်သော သူတာဝိတကာ
တိုင္အဆုမှခံစိမ် သောငှာသိင်ထေရ်နိယ်ရာ သာယာစွာသောတ္ထောင်ကြီ
လေဉျအေ။
po
(၂၁) တန်တိုင်တစ်ထပ်သော အပန်ကျင်ကာ သာသနာကိုင် ချွတ်ရယ်ညှင်
ကျင်သောလှိုင် အရိယာတိုက်နိယ်စိ သောငှာ မျာစွာသော လောင်
လေအစန်ပြု၏
(၂၂) လွိုင်အရိယာတိုင္အရိယ်ချီသာစိ၌ သောဌာ ဥတ္တိဖွယ်သောရိယ်တွင်လေ
တူ၏။ဥတ္တိဖွယ်သော ၄ ထောင်ကာန်လေထူ၏။ အန္ဒိယ့်ဖ ်ကာ
ကန်
(၂၃) ကြီလေ ၂ ဆတူဧအ်။ ရိယ်ဝင်စိ သောငှာ လွန်နှဋ်တလာလေအ
တင်အကယ် ဧအ်။ ရိယ်ကာန်အပါဝန်ကျင်ကာဥယာန်လေစိုက်။
ထိုက္ကော
(၂၄) ်အပကာလိယ်မျက်နှာလာလာသော သုတပ်တကာ။ နိယ်သော။ ဤပ်
သောရုပ်သော။ အလုပ်ရစိတ္တံ့သောငှာ။ တင့်တယ်စွာသောတန်တိုင်
တွင်ရုပ်အထုထူ
(၂၅) သဖွဆန်ကြယ်ထလျက်သော သာယာစွာသော တန်ဆောင်ကြီလေ
ဧအ်။ ထိုဝ်အနောက်ဖွကာ အလှူပိယ်လိုဝ်သော သုတပ်တို၌အ
လှူပိယ်စိမ့်
(၂၆) သောငှာ။မြယ်မြံစွာသောဥတ်စရပ်လေပွဧ၏။ ဤယ်ငာကောင်နိုက်ဟိ
လွှဲသော။ ပုရှာတရာသင်္ဃာတို့၌ချိုသာစိန္တသောငှာ။ပြည်အစနှိုက်
(၂၇) က၁။ဥတ်နှင့်မြယ်မြီစွာဖွယ်သောကပ္ပိယကူဋီယ်လေ&ဧ။ အလုပ်အ
ကွည်လေမျာစွာ ထာပိယ်ဧအ်၊လိယ်မျက်နှာလာလာသောသူတို"	"၁၁
(၃၁) ရွယ်ဦခွန်ကို စာမိအံ (အစ်ဖြစ်ရယ်။) ဤယ်အရင်နိယ်သောဘွိုင်သ
(၃၂) ည်ဦယန်အခွန်ကိုအလို ဟိယ်ရွယ် ၃လတ်တံ။ မိန့်လတ်သော ရှေ
(၃၃) တစ်ခ၁ ၂ ပိယ်သယ်။ အလျှင်ပိယ်စိယ်သောမဟုတ်၌်တေ
(၃၄) ဤယ်ဥယန်ကိုင်လုစာသောသူကာမိယ်ကာ အထက်ပေ လုစာသောသူ
ကာအမြောက်
(၃၅) ဖြစ်စိယ်သတေ။မိန်ရင်ကိုင်တာဝယ်ရွယ်သောကေ၊ အိုက်
(၃၆) ကြံကောင်ဝံသရာာလွ (င်သော) တေ။ ကထိုန် (လေယ်) ခပူဧ။ ပင်
(၃၇) သကုလေပိယ်ခပူ။ ထီ (လေ) ဆောင်ခပူဧ (တန်) ခွန်လေဆောက်
(၃ဂ) ခဖူဧ။ ဆီမီ အထောင် ဖူဧ။ သံပုတ်အထောင်လေတင်
(၃၉) ခဖူး။ ကံ အထောင်[unclear]ပူး၊ သပိတ်အထောင်တည်ခ
(၄ဝ) ဖူး။ တ္ထောင် ကျက် စာ ငိုယ် (ဝါပ) ခဖူ၊ သတင်တည်ကုပ်
(၄၁) လေဉ္ဇူခဖူး။ စရပ်လေပွခဖူဧ။ ဝ ။ဝိယ်တကတ်အ
(၄၂) ဦ သီလခန်ဓဝါသီတစ်တ္ထမ်။ အဘိဓမသင်ဂိနီတစ်ကမ်
(၄၂) တဿဒတ်တစ်ကမ်၊ ဓံမပဒတစ်ကြမ် ဝိနည်တမ်ပုမ်
(၄၃) လေဠု ခဇူ၏။ သွင်တိုဝ်လုံလမုရုယ်တပ်သော ပြည် ညာ
(၄၄) - သည်တပ်သောဖွာယ်ဂါယ်သို၌ာတာယကာကိုင်တပ် (လိယ်)
(ရာ) ၂ ကာလို (သော)
(၄၅) သောတေ။ ငာ
[unclear]
(၄၆)မာလွယ်ရလို.သော
၁၉။ ။လေးထောင့်ကန်အရပ် လေးမျက်နှာဘုရားကျောက်စာ။
(၁)။ သကရစ် ၅၇၅ ခု။ အာသိက်သံ၊နတ္တာခ်လဆုတ် ၇ ရာက်
သုကြာနိ၌အခ။မွတ်စွာသောမင်ကြီအမတ္တာ၊မဟာသေနာပတ်
(၂) အနန္တသူရ် မောင်နှံနှစ်ယောက် ဤယ်လူတွင်နှိုက် အတိုင်မသိသဒ္ဓါရယ်
ပြုသောကောင်မှုအတ္ထုဂ်ကာ။ ရိယ် မိုယ်ခပ်သိမ်သောအသိင် စ်
(၃)
သော
မွတ်စွာသောမင်ကြီစသော။မငိ။မသာ။မသမီ။ မနှမခပ်သိမ်။
အဓိပုရှာစသောမောင်မတာခပ်သိမ်။အမတ္တာစသောဗိုလ်ဗာ
(၄) ခပ်သိမ်။ ဩက်အဝစိယ်စသောအထက်ဖဝက်တိုင်သြင်းအတိုစကြဝဠာ
စသောအတိုင်မသိသောစကြဝဠာနှိုက်နိယ်သောလူနတ်သတ္တာ
(၅) ခပ်သိမ် သတို ကို အကြွင်းမယ့် သက္က၄။ သင်္ခရာဆိုငြယ်မှ ထွက်
မျောက်ခရုယ်ဆို ငြယ်မည့်သောနိရဗန်ပြည် သို ့ ရောက်စိယ် ဉ္ဇူာင်
သော
32
(၆) ကြော။ငာလေသိစပ်မြင် သော သဗ္ဗညုတ ညာန် ပုရှာဆုကို လို
ချွာင်သောကြောင့်။ ဤယ်အာမနာမည်သော ကာန်အရပ်ရှိကာ။ မျာ
စာ
(၇) သောတန်ပင်တိလျှာင်ကောင်အရံစိုက်လတ်ရှယ်။ ဥတ္တိပြုသော တန်တိုင်
လေနှစ်ထပ်ရံလတ်ရှယ်။ တန်တိုင်တွင်ရှိကာကလသာအိုပ်အယောင်နှင့်
(ဂ) တူသော ထင်တယ်စွာသေး ခင်ကြယက်ကူလေတည်၏။ လူဓာမနာ
သောဒခ၁ဒိတ္တသရီရဓတ္တာထည့် ယာတန်စိကြွကြွစ်။လိုအပကာ
ဖန်ပုသောကြွစ် ၊ ထိုဝ်အပကာတန်စီကူနီသောကြွစ်။ သိုဝ်အပကာ
ရယ် ဉ္ဇူသော။ ထိုင်ကာငယ်သော။ ထိုဝ်အပကာရှယ်မုရယ်ရတ
နာတိအခ
(၁၁) က်ခတ်သော။ ထိုဝ်အပကာဆင်စွယ်သော။ သိုဝ်အပကာကြိယ်နီပု
သော။ ထို်အပကာက္ကောက်သောပုထိုင်။ ထိုတွင်ထည့်ပါသော။
ရှယ်စမ
9
(၁၁) ခန့်။ငုယ်စမခန်။ရွယ်ပေါက် ၂။ ငုယ်ပေါက် ၂။ ရွှယ်တန်ဆောင်။ငုယ်တန်
ဆောင်တို ဖင် ပုဇာဂ်ရသည့် လိုက်ဧအ်။က္ကောက်ပုထိုဝ်ကိုဝ်ကာ
(၁၂) ဆိယ်ရိယ်ရုယ်ကြိယ်ခြည်နှင့် ခက်၏။အထွတ်ကာရှယ်ထွတ်ပြုဧအ်။အ
ထွက်သက္ကာရှယ် ထီဆောက်အုံ။ ရှယ်ထီကိုင်ကာ ပုလယ်သန္တာဆွယ်
၉။
(၁၃) အထွတ်ဩက်ရှကာပုဆိုဝ် ၇ ထပ်လွှဧအ်။ ပုဆိုဝ်ထက္က ရှယ်ကျက်တ
ငိုယ်ခတ်ဧအ်။ရှယ် ၃ဝ သွန်သောရှယ်ပုရှာ ၁ ခု။ ငုယ် ၅ဝ သွန်သောငုယ်
ပုရာ
(၁၄) ၁ ခု။ ကျောက်ဖြူရုယ်ရှယ်ရာည်ရိယ်သောပုရှာ ၁ ခု။ ရှယ်ထီငယ်ထိ
တိုက်လေးဆောင်၏။ ထိုဂ်သို
့သောအထုထူသန္တရဓာမနာ
ဧကူတွင်ကာ
(၁၅) ပုရှာသိပ်ဆင်ပုလိယ်မျက်နှာပြုံရှ၌ ရတနာဘိတောက်ပဆန်ကြယ်စိယ်
ဧအ်။ကူအရံတွင်ရှိကာမျာစွာသောပုရှာဆင်ပုလေဠုကျေ။ဇာတောရွာ
လေ
(၁၆) အတ အတယ်ရိယ်၏။ကူထွတ်တန်ဆာပန်တျန်လက်တွင်ချိန်ပိယ်ရယ်
ခုတ်သောကြိယ်ကာ ၄၇ ဗိသာ ဂ ဗိုဟ် ၄ က္ကပ်။ ခုတ်သောယုတ်သော
ကြိယ်
(၁၇) ကာ ၇ ပိသာ ၉ ကျွပ်။ အပြီခံသောကြိယ်ကာဗိသာ ၄ဝ။ ၇ ဗိုဟ် ၅ ကျွပ်
ရှယ်သာဝင်သော ၃၉ ကျွပ် ၃ မတ်။ ပြတာရည်ကာ ၁ ၅၉ တ္ထုပ်ဝင်ဧအ်။
ဤယ်သို
(၁ဂ) သောရတနာကူထွတ်ကိုင်တောက်ပစိယ်ဧအ်။ ပိဋကတ်သုံပုံသော
ဘျာအပုံလေ၏။တျာနာအဖွဲ့ သောပရိသတ်တကာစည်လည်စိမ်
သောငှာ
(၁၉) ကျောက်ဥတ်တိဖွယ်သောသာယာစွာသောဓမ္မသာလေပျုဧအ်။ ကျာ
ဟဝ်ရာရှယ်ပန်လင်လေဠုဧအ်။ပန်လင်ထက္ကာရှယ်ထီလေဆောက်အေ။
အထက်
(၂၀) ဖွဌ်ကာပိတာန်လေဆင်၏။ နိရဗန်ကိုဝ် လိုဝ်သော သူတာဝိတကာ
တိုင္အဆုမှခံစိမ် သောငှာသိင်ထေရ်နိယ်ရာ သာယာစွာသောတ္ထောင်ကြီ
လေဉျအေ။
po
(၂၁) တန်တိုင်တစ်ထပ်သော အပန်ကျင်ကာ သာသနာကိုင် ချွတ်ရယ်ညှင်
ကျင်သောလှိုင် အရိယာတိုက်နိယ်စိ သောငှာ မျာစွာသော လောင်
လေအစန်ပြု၏
(၂၂) လွိုင်အရိယာတိုင္အရိယ်ချီသာစိ၌ သောဌာ ဥတ္တိဖွယ်သောရိယ်တွင်လေ
တူ၏။ဥတ္တိဖွယ်သော ၄ ထောင်ကာန်လေထူ၏။ အန္ဒိယ့်ဖ ်ကာ
ကန်
(၂၃) ကြီလေ ၂ ဆတူဧအ်။ ရိယ်ဝင်စိ သောငှာ လွန်နှဋ်တလာလေအ
တင်အကယ် ဧအ်။ ရိယ်ကာန်အပါဝန်ကျင်ကာဥယာန်လေစိုက်။
ထိုက္ကော
(၂၄) ်အပကာလိယ်မျက်နှာလာလာသော သုတပ်တကာ။ နိယ်သော။ ဤပ်
သောရုပ်သော။ အလုပ်ရစိတ္တံ့သောငှာ။ တင့်တယ်စွာသောတန်တိုင်
တွင်ရုပ်အထုထူ
(၂၅) သဖွဆန်ကြယ်ထလျက်သော သာယာစွာသော တန်ဆောင်ကြီလေ
ဧအ်။ ထိုဝ်အနောက်ဖွကာ အလှူပိယ်လိုဝ်သော သုတပ်တို၌အ
လှူပိယ်စိမ့်
(၂၆) သောငှာ။မြယ်မြံစွာသောဥတ်စရပ်လေပွဧ၏။ ဤယ်ငာကောင်နိုက်ဟိ
လွှဲသော။ ပုရှာတရာသင်္ဃာတို့၌ချိုသာစိန္တသောငှာ။ပြည်အစနှိုက်
(၂၇) က၁။ဥတ်နှင့်မြယ်မြီစွာဖွယ်သောကပ္ပိယကူဋီယ်လေ&ဧ။ အလုပ်အ
ကွည်လေမျာစွာ ထာပိယ်ဧအ်၊လိယ်မျက်နှာလာလာသောသူတို"	usable_with_minor_noise	medium		needs_link_review	English index-of-plates entry extracted from the OCRed volume. | Extracted from SIP printed pages 35-39 using the OCR page offset observed from the scanned volume.
sip-witness-011	sipSelectionsPagan	corpus-citation-target-0371	luce_pemaungtin_1928_inscriptions_of_pag-da9f6d6d89b3	42-44	52-54	SIP 42-44	Plate LXXIX b	List 223	PPA 237 238	TN 108 109	obi-v01-n0146	obi-v01-n0146-tx-p0246	source_text	Old Burmese/Burmese	"[[SIP page 42 / OCR page 52]]
၄၁
(၁၅) ကိုင်လူယက်ဖျက်ဆီသသူကာ ဤလူလက်ထက်လေ အပ္ပစ် ဂ ပါရောက်
စေသတေ
(၁၆) ခန္ဓာပျက်ရှုယ်သေခသောလေသည္ကိုေငရယ် ကာလသုတ်ငရဲ တာပနငရဲ
ပတာပနငရဲသ
(၁၇) ဃာတငရဲရောရင်ငရဲမဟာရောရင်ငရဲအဝီစိငရဲ၍သိုဝ်သောငရဲတိုင်နှိုက်
လေတေဝတတ်
(၁ဂ) ခံ၏တေဝတတ်ခံသောယက်အဆအဈာအဆအထောင်အဆအထောင်
အဆအသိန်တစ္ဆေါင်ဂျွန် ၂၂
(၁၉) ခံစေသတေငမွေ့ကိုင် စာသောယောက်ျာလေကောင် မိမလေကောင်
သေခသောအ
(၂ဝ) ထူလေအရွက် ၆ဝ သွာ အလျာအနံအရွက် ၆ဝ ဆဲသွာသော က္ကောက်
ဖျာကြီတွင်ခာရု
(၂၁) ယ်နှစ်လျက်လျက် ရေလေမရ အစာလေမရ လျှာငာလံထွက်လျက်ခံစေ
သတေ
(၂၂) ငာပြုသော ကောင်မှုကိုဝ် ခီပင်ပါသော ရေမွေ့စိုဝ်သော မင်လေ
ကောင်
(၂၃) ကြီ ၂ စွာသော အမတ်လေရွာ သူဆင်ရဲလော လုစ်သော
ကာလု
6
[[SIP page 43 / OCR page 53]]
၄၂
(၂၄) ချွတ် နတ်ဖြစ်သော လေနတ် ဖွတ် ဖွစ်စေသော စတူမဟာရစ် တာပ
တိန်သာ
(၂၅) ယာမခတူသဿိဟာနိမာနရတိပရနိမ္မိတဝဤနတ်၏ အသက်အတိုင်
နေခရယ်
(၂၆) လု၏ညိုမ်နတ်၏ညိမ်ခံစပြီသော အဆိုစွန်ကာအသိမွတ်သော သုတ်
တိုင်
(၂၇) တောင်တစွာသောအဖြစ်အိုဝ်မင်သေခြင်ကွာသောရုံနချုပ်ရာ သာယာ
စွာသော
(၂ဂ) နိဗ္ဗန်ချီသာအာရောက်စေလျှင်တေ၊ ၊နိဗ္ဗာပစ္စယော ဟောတိ၊ ၊
၂၁။ ။ခလေးထောင့်ကန်အရပ်၊ လေးမျက်နှာ ဘုရားကျောက်စာ၊
(၁) ။သိင်အနန္တသူစကာနှပိယ်သွာမျာ စကာသဧအ်။ ကျွန်ငာမယ်ကိုဝိ
ကာပိ
(၂) ယ်သာလင်များအနန္တသူကိုဝ်ပိုယ်သောစင်အေ။ ကျွန်ာမွယ်ကိုကာ အ
နန္တသူရစီ
(၃)ယ်ဧအ်။ အနန္တသူဩင်အေ။ ငာမာသင်သာနှင့် ယောက်ဖမန္တလဘိနှစ်
ကာမကြ
(၄) င်။တြာတကာတန်ဆပ်တပ်ပိုယ်အေ။အတိုင်ရလှသောဖုတ်ငာမ္မယ် ၁
[[SIP page 44 / OCR page 54]]
(၁၆) ကို
(၁၇) ဩဝန်နှစ်လက် ရှက်သူကြာနီအာအတံကျာဆင်သောစ
မိနယ်ကိုလတ် - အပေါင် ၁၃ ယောက် ။ ။ သကရစ် ၅၉၅ ခု
(၅)
(၁ဂ) မွိုက်သံ(ပ)ပတီ၌ ၁ သံင်ပက ၁ မဟာဝယ် ၁ ဤယ်
သင်ဖ
(၁၉) မတိုဝ်ကိုင်သံဗျင် အနန္တသူကြာအေ ၀ယ်ထက်သာ ကစွယ်သင်တေဗိုလ်
တြာ
(၂ဝ) သင်္ချာ ၁ စင်ကြယ် ၁ ကြံမဖတ် ၁ ညီဣခြံစည် ၁ ဤယ်မျှသောသင်တို
(၂၁) ဝ်။ကျွန်ကာငကိုဩင်စိယ်ဟုပြတ်ရုယ်ငကိုနှင်8ယ်ပြီသန္ဓေ၊သံဗျ
(၂၂) ်အနန္တသူမိန်တုံးက်ယိုဝ်သိုက္ကတေသင် ့တိုနင်ကူလျှင်ဩင်စိယ်ဟု
(၂၃) ပြတ်ရွယ်နှင်8ယ်ဟူနရလင်။သြင်စိတ်ဟုမပြတ်ရုယ်မနှင်ပိယ်သောဇ
(၂၄) နှစ်ခမုကာအသိုမှတုံ အံနေဟုသော။ ပယ်ထက်သာ ငာစွယ်သင်
ဟူဘဲ
(၂၅) . ဖုန်သည်ဩင်စလင်အမိန်မဟိအာဟု မိန်အေ ဤသိုဝ်တံကြသောကြာပါ
သကာ
(၂၆) ကဝိရာဇဂုံ (ကယ်) ၁ မီတ္တာဝိကြံ ၁ ကမ္မသမန် ၁ ကျွန်ဖွစ်သာငာမပ်
၁ ဤမျှသော
(၂၇) ထိုဝ်မှောက်တံကြသတေအတံ (တဈာ) ဆင်သောသင်႕တိုင် ဗိုလ်တ"	"၄၁
(၁၅) ကိုင်လူယက်ဖျက်ဆီသသူကာ ဤလူလက်ထက်လေ အပ္ပစ် ဂ ပါရောက်
စေသတေ
(၁၆) ခန္ဓာပျက်ရှုယ်သေခသောလေသည္ကိုေငရယ် ကာလသုတ်ငရဲ တာပနငရဲ
ပတာပနငရဲသ
(၁၇) ဃာတငရဲရောရင်ငရဲမဟာရောရင်ငရဲအဝီစိငရဲ၍သိုဝ်သောငရဲတိုင်နှိုက်
လေတေဝတတ်
(၁ဂ) ခံ၏တေဝတတ်ခံသောယက်အဆအဈာအဆအထောင်အဆအထောင်
အဆအသိန်တစ္ဆေါင်ဂျွန် ၂၂
(၁၉) ခံစေသတေငမွေ့ကိုင် စာသောယောက်ျာလေကောင် မိမလေကောင်
သေခသောအ
(၂ဝ) ထူလေအရွက် ၆ဝ သွာ အလျာအနံအရွက် ၆ဝ ဆဲသွာသော က္ကောက်
ဖျာကြီတွင်ခာရု
(၂၁) ယ်နှစ်လျက်လျက် ရေလေမရ အစာလေမရ လျှာငာလံထွက်လျက်ခံစေ
သတေ
(၂၂) ငာပြုသော ကောင်မှုကိုဝ် ခီပင်ပါသော ရေမွေ့စိုဝ်သော မင်လေ
ကောင်
(၂၃) ကြီ ၂ စွာသော အမတ်လေရွာ သူဆင်ရဲလော လုစ်သော
ကာလု
6
၄၂
(၂၄) ချွတ် နတ်ဖြစ်သော လေနတ် ဖွတ် ဖွစ်စေသော စတူမဟာရစ် တာပ
တိန်သာ
(၂၅) ယာမခတူသဿိဟာနိမာနရတိပရနိမ္မိတဝဤနတ်၏ အသက်အတိုင်
နေခရယ်
(၂၆) လု၏ညိုမ်နတ်၏ညိမ်ခံစပြီသော အဆိုစွန်ကာအသိမွတ်သော သုတ်
တိုင်
(၂၇) တောင်တစွာသောအဖြစ်အိုဝ်မင်သေခြင်ကွာသောရုံနချုပ်ရာ သာယာ
စွာသော
(၂ဂ) နိဗ္ဗန်ချီသာအာရောက်စေလျှင်တေ၊ ၊နိဗ္ဗာပစ္စယော ဟောတိ၊ ၊
၂၁။ ။ခလေးထောင့်ကန်အရပ်၊ လေးမျက်နှာ ဘုရားကျောက်စာ၊
(၁) ။သိင်အနန္တသူစကာနှပိယ်သွာမျာ စကာသဧအ်။ ကျွန်ငာမယ်ကိုဝိ
ကာပိ
(၂) ယ်သာလင်များအနန္တသူကိုဝ်ပိုယ်သောစင်အေ။ ကျွန်ာမွယ်ကိုကာ အ
နန္တသူရစီ
(၃)ယ်ဧအ်။ အနန္တသူဩင်အေ။ ငာမာသင်သာနှင့် ယောက်ဖမန္တလဘိနှစ်
ကာမကြ
(၄) င်။တြာတကာတန်ဆပ်တပ်ပိုယ်အေ။အတိုင်ရလှသောဖုတ်ငာမ္မယ် ၁
(၁၆) ကို
(၁၇) ဩဝန်နှစ်လက် ရှက်သူကြာနီအာအတံကျာဆင်သောစ
မိနယ်ကိုလတ် - အပေါင် ၁၃ ယောက် ။ ။ သကရစ် ၅၉၅ ခု
(၅)
(၁ဂ) မွိုက်သံ(ပ)ပတီ၌ ၁ သံင်ပက ၁ မဟာဝယ် ၁ ဤယ်
သင်ဖ
(၁၉) မတိုဝ်ကိုင်သံဗျင် အနန္တသူကြာအေ ၀ယ်ထက်သာ ကစွယ်သင်တေဗိုလ်
တြာ
(၂ဝ) သင်္ချာ ၁ စင်ကြယ် ၁ ကြံမဖတ် ၁ ညီဣခြံစည် ၁ ဤယ်မျှသောသင်တို
(၂၁) ဝ်။ကျွန်ကာငကိုဩင်စိယ်ဟုပြတ်ရုယ်ငကိုနှင်8ယ်ပြီသန္ဓေ၊သံဗျ
(၂၂) ်အနန္တသူမိန်တုံးက်ယိုဝ်သိုက္ကတေသင် ့တိုနင်ကူလျှင်ဩင်စိယ်ဟု
(၂၃) ပြတ်ရွယ်နှင်8ယ်ဟူနရလင်။သြင်စိတ်ဟုမပြတ်ရုယ်မနှင်ပိယ်သောဇ
(၂၄) နှစ်ခမုကာအသိုမှတုံ အံနေဟုသော။ ပယ်ထက်သာ ငာစွယ်သင်
ဟူဘဲ
(၂၅) . ဖုန်သည်ဩင်စလင်အမိန်မဟိအာဟု မိန်အေ ဤသိုဝ်တံကြသောကြာပါ
သကာ
(၂၆) ကဝိရာဇဂုံ (ကယ်) ၁ မီတ္တာဝိကြံ ၁ ကမ္မသမန် ၁ ကျွန်ဖွစ်သာငာမပ်
၁ ဤမျှသော
(၂၇) ထိုဝ်မှောက်တံကြသတေအတံ (တဈာ) ဆင်သောသင်႕တိုင် ဗိုလ်တ"	"၄၁
(၁၅) ကိုင်လူယက်ဖျက်ဆီသသူကာ ဤလူလက်ထက်လေ အပ္ပစ် ဂ ပါရောက်
စေသတေ
(၁၆) ခန္ဓာပျက်ရှုယ်သေခသောလေသည္ကိုေငရယ် ကာလသုတ်ငရဲ တာပနငရဲ
ပတာပနငရဲသ
(၁၇) ဃာတငရဲရောရင်ငရဲမဟာရောရင်ငရဲအဝီစိငရဲ၍သိုဝ်သောငရဲတိုင်နှိုက်
လေတေဝတတ်
(၁ဂ) ခံ၏တေဝတတ်ခံသောယက်အဆအဈာအဆအထောင်အဆအထောင်
အဆအသိန်တစ္ဆေါင်ဂျွန် ၂၂
(၁၉) ခံစေသတေငမွေ့ကိုင် စာသောယောက်ျာလေကောင် မိမလေကောင်
သေခသောအ
(၂ဝ) ထူလေအရွက် ၆ဝ သွာ အလျာအနံအရွက် ၆ဝ ဆဲသွာသော က္ကောက်
ဖျာကြီတွင်ခာရု
(၂၁) ယ်နှစ်လျက်လျက် ရေလေမရ အစာလေမရ လျှာငာလံထွက်လျက်ခံစေ
သတေ
(၂၂) ငာပြုသော ကောင်မှုကိုဝ် ခီပင်ပါသော ရေမွေ့စိုဝ်သော မင်လေ
ကောင်
(၂၃) ကြီ ၂ စွာသော အမတ်လေရွာ သူဆင်ရဲလော လုစ်သော
ကာလု
6
၄၂
(၂၄) ချွတ် နတ်ဖြစ်သော လေနတ် ဖွတ် ဖွစ်စေသော စတူမဟာရစ် တာပ
တိန်သာ
(၂၅) ယာမခတူသဿိဟာနိမာနရတိပရနိမ္မိတဝဤနတ်၏ အသက်အတိုင်
နေခရယ်
(၂၆) လု၏ညိုမ်နတ်၏ညိမ်ခံစပြီသော အဆိုစွန်ကာအသိမွတ်သော သုတ်
တိုင်
(၂၇) တောင်တစွာသောအဖြစ်အိုဝ်မင်သေခြင်ကွာသောရုံနချုပ်ရာ သာယာ
စွာသော
(၂ဂ) နိဗ္ဗန်ချီသာအာရောက်စေလျှင်တေ၊ ၊နိဗ္ဗာပစ္စယော ဟောတိ၊ ၊
၂၁။ ။ခလေးထောင့်ကန်အရပ်၊ လေးမျက်နှာ ဘုရားကျောက်စာ၊
(၁) ။သိင်အနန္တသူစကာနှပိယ်သွာမျာ စကာသဧအ်။ ကျွန်ငာမယ်ကိုဝိ
ကာပိ
(၂) ယ်သာလင်များအနန္တသူကိုဝ်ပိုယ်သောစင်အေ။ ကျွန်ာမွယ်ကိုကာ အ
နန္တသူရစီ
(၃)ယ်ဧအ်။ အနန္တသူဩင်အေ။ ငာမာသင်သာနှင့် ယောက်ဖမန္တလဘိနှစ်
ကာမကြ
(၄) င်။တြာတကာတန်ဆပ်တပ်ပိုယ်အေ။အတိုင်ရလှသောဖုတ်ငာမ္မယ် ၁
(၁၆) ကို
(၁၇) ဩဝန်နှစ်လက် ရှက်သူကြာနီအာအတံကျာဆင်သောစ
မိနယ်ကိုလတ် - အပေါင် ၁၃ ယောက် ။ ။ သကရစ် ၅၉၅ ခု
(၅)
(၁ဂ) မွိုက်သံ(ပ)ပတီ၌ ၁ သံင်ပက ၁ မဟာဝယ် ၁ ဤယ်
သင်ဖ
(၁၉) မတိုဝ်ကိုင်သံဗျင် အနန္တသူကြာအေ ၀ယ်ထက်သာ ကစွယ်သင်တေဗိုလ်
တြာ
(၂ဝ) သင်္ချာ ၁ စင်ကြယ် ၁ ကြံမဖတ် ၁ ညီဣခြံစည် ၁ ဤယ်မျှသောသင်တို
(၂၁) ဝ်။ကျွန်ကာငကိုဩင်စိယ်ဟုပြတ်ရုယ်ငကိုနှင်8ယ်ပြီသန္ဓေ၊သံဗျ
(၂၂) ်အနန္တသူမိန်တုံးက်ယိုဝ်သိုက္ကတေသင် ့တိုနင်ကူလျှင်ဩင်စိယ်ဟု
(၂၃) ပြတ်ရွယ်နှင်8ယ်ဟူနရလင်။သြင်စိတ်ဟုမပြတ်ရုယ်မနှင်ပိယ်သောဇ
(၂၄) နှစ်ခမုကာအသိုမှတုံ အံနေဟုသော။ ပယ်ထက်သာ ငာစွယ်သင်
ဟူဘဲ
(၂၅) . ဖုန်သည်ဩင်စလင်အမိန်မဟိအာဟု မိန်အေ ဤသိုဝ်တံကြသောကြာပါ
သကာ
(၂၆) ကဝိရာဇဂုံ (ကယ်) ၁ မီတ္တာဝိကြံ ၁ ကမ္မသမန် ၁ ကျွန်ဖွစ်သာငာမပ်
၁ ဤမျှသော
(၂၇) ထိုဝ်မှောက်တံကြသတေအတံ (တဈာ) ဆင်သောသင်႕တိုင် ဗိုလ်တ"	good	high	IOB cross-reference: Plate LXXIX b -> SIP 42-44.	accepted_witness_unit	Linked through exact corpus plate citation(s): Pl. I 79b. | Extracted from SIP printed pages 42-44 using the OCR page offset observed from the scanned volume.
sip-witness-012	sipSelectionsPagan	corpus-citation-target-0371	luce_pemaungtin_1928_inscriptions_of_pag-da9f6d6d89b3	45-47	55-57	SIP 45-47	Plate XC	List 230			obi-v01-n0160	obi-v01-n0160-ob-p0267	source_text	Old Burmese/Burmese	"[[SIP page 45 / OCR page 55]]
12
၄၄
(၂ဂ) မိယ်လ်ဂျာတိုဟူး၏ ပယ်ထက်သွာ အစွယ်သင်တို့ကာ မြင်စိယ်
ဟုသ
(၂၉) ကာမပြတ်ဖူအစန်ရှည်ထာပိယ်ကာဟူဧ၏။ ဤသိုဝ်အတံတျာဆင်လျက်
(၃၀) လျှင်နိယ်တိုင်ထွက်ပယ်တေ။ တနိယ်လျှင်ချွတ် ( ) လ ဩင်စကြပယ်
တေဟု
()
(၃၁) စဖင်ဟိတ်နှင်ပတာမှောက်စာရိယ်ကြအ် (။) အနန္တ သူချင်ရတ
နာကို
(၃၂) ထံကာနိယ်တိုင်ထွက်ဧအ် ပယ်ထက်သွာာစွယ်သ(င်) .... (ယ်)ထွက်
အထင်ပယ်ထ
(၃၃) က်န္ဓာ ငာစွယ်သင်စာရိယ်ပိယ်သောတိုင် မထွက်ချွတ်ခရကာ။ ကျွန်အို
ကြက် ၁
(၃၄) သ္မီအိုချင်(က)ာင် ၁ သ္မီအိုလွတ် ၁ ငိမအိုတင် ၁ ကျွန် ၄ ယောက်
ကာ သံဗျင်အန
(၃၅) န္တသူရစိယ်ဩင်စိယ်ဧအ်။ ပယ်ထက်သ္မာ ငာစွယ်သင်ကာ ဧအ်။ အ
တံတျာတ
(၃၆) န်ဆိပ်တပ်ပိယ်ဧအ်။ = ။
-- ။
[[SIP page 46 / OCR page 56]]
5805
နယ်
။
99
၂၂။ ဇေယပွတ်ဘုရားကျောက်စာ၊ပုဂံအရွှေတောင်။
(၁) ဝ ။ သကရစ် ၅၇၃ ခု အာသိန်နှစ်။ တာ်ညင်ညွှန် ၁ဝ ရက်ကြသပတိယ်
နိယ်အာ၊ဥစိနာမင်ရွယ်တောင်တက်၏။ ရွယ်တော
(၂) င်တက်ပြီး၊ သကရစ် ၅၈၅ ခု။အာသိန်နှစ်။ပ သိုညွှန် ၇ ရွက်ကြသပ
တိယ်နိယ်အား လွွှတ်စွာသောပုရှာလေါင်ကိုဝ်။ သံဗျ
(၃) င်ဇေယျပွတ်။ ပန်စရကာ။ ဖုန်တပ်လှူသောပိုဒ်ဖွယ်တွင်။ဟင်ရံပအက်မ
6
သလ္လိယ် ၃ဝဝ ရှာဖုန်တာင်လှူ၏။ ပုရှာလောင်ဖု
(၄) န်တာဝိသူရကာ။ ပိုလ်သူကြိသံဗျင်သတျာ ၁ ယောက်။သံဗျင်စင်ကြယ် ၁။
သံဗျင်ကြံမဖတ် ၁။ သံဗျင်သိရိခြံပိစည် ၁။ဤယ်ပို
(၅) လ်သူကြီ ၄ ယောက်သောအာ။ သံဗျင်အနန္တရစ်ထွယ်တာ် က္က ပိယ်ဧအ်။
ထုယ်တာ်အတိုင်ခံလင်ရုယ်ပိုလ်သူကြီ ၄ ယောက်အထက်စရင်တ
(၆) ပိယ်ဧအ်။ ။သကရစ် ၅၇၉ ခု။မာဃနှစ်ကန်ခုညွှန် ၇ ရက်။ အင်္ဂါနိယ်
အာ။သံဗျင်ဇေယျပွတ်။ မွတ်စွာသောပုရှာလေါင်
(၇) အာ။ ဟင်ရံပအက်မက္ကောမိယ်တွင်လည်ကောင်။ အင်ကိုင်နှင် စုံ ၄၅ဝ
ကြွင်သော ၀ိယ်ကိုဝ်။တစ်ဖန်ပန်တုံရကာ။မိန်တာ်မူ
(ဂ) ဧအ်။ဇေယျပွတ်ကာအသက်လေကြီဧအ်။ အတိုထံလေသုငယ်နှင့်ထပ်
တူနိယ်ညန်ဆိုင်ငြယ်ဧအ်။ မောင်မို့ယ်လေမြယ်ဧ
(၉) အိ။ဟုရွယ်ဟင်ရံပအက်မည်သောမြို့ယ်တွင်လည်ကောင်။အင်ကိုဝ်ခပင်စုံ
၄၅ဝ ဖုန်တလှူတုံက်၊ဗိုလ်သူကြီသံဗျင်သ
[[SIP page 47 / OCR page 57]]
၄၆
(၁၀) ဘျာ ၁။ သီကြီးဖတ် ၁။ သံင်သိရိန္ဒြစည် ၊ ဤယ်ဗိုလ်သူကြီး ၃
ယောက်သောက်။ ပတည်သောအကိုဘာကို
(၁၁) သဲရာဇာဝိကြမ် နယ်ဗ၌ ယ်၏။လှယ်တတိုင်ခံ လင်ရုယ်။ ဗိုလ်
သူကြီ ၃ ယောက်၊ အလက်စင်ဝင်ငယ်လက်၊အပေါ
(၁၂) ရင်နှစ်ပါစုံအေ ၇၅ဝ တေ။ ။ဤယာဖုန်ရသောလယ် ၇၅ဝ သောကို
ကာ။ငာသိင်မင်ကြီလေနိဗ္ဗန်ရစိယ် ချွင်ဧအိ
(၁၃) ။ငာလေ နိဗ္ဗန်အာ မချွတ်မလွယ်လျှင်ရောက်ချွင်ရကားဤယ်ငာ&သော
ကာဝ်ကြောင်ပုရှာတြာသင်္ဃာရတနာ၃ပါအာ၊အ
(၁၄) ကုန်ာ်လူးက်။ ။ ဤယ်ငာလှူသောလွဲကာ၊သာသနာ ၅ဝဝဝ လျှင်တည်
ရစ်စိယ်သတေ။ ။သကရစ် ၅၉၇ ခု။ အာသိန်
(၁၅) နှစ်။ နံကာလဆန် ၄ ချက်ကြသပတိယ်နိယ်အာ။ မင်ကြီသာမင်ကစွာရှယ်
တောင်တက်ရယ်။ အကြီယ်အညာနှိုက်တေ မ ဟာဒါ
(၁၆) န် ိယ်ခပ်သိမ်ယူလတ်တေ။ ယူလိယ်သ(နှစ်)အာ။ဇေယျပွတ်အူမဟာ
ဒါန်ပုရှာလှူသောလဲပါလိယ်ဧအ်ပါလိယ်ရကာ။ ဇေ
(၁၇) ယျပွတ်တာ်ကောင် နှိုက်နိယ်သော။ သိင်သင်္ဃာတို၌သည်။ မင်ကြီအာ
ကြာလိုက်ဧအ်၊ မဟာရစ်။ ဤယ်ဇေယျပွတ်ဧအ်။ မ
(၁၀) ဟါဒါန်ကာ။ တက္ကောင် ပုရှာလျှင်လှူခသတေဟုသော ကြာလိုက်၏။
ဤယ်သို ့ ကြာလိုက်ရကာ။ မင်ကြီလေပြညာတ်ကြီ"	"12
၄၄
(၂ဂ) မိယ်လ်ဂျာတိုဟူး၏ ပယ်ထက်သွာ အစွယ်သင်တို့ကာ မြင်စိယ်
ဟုသ
(၂၉) ကာမပြတ်ဖူအစန်ရှည်ထာပိယ်ကာဟူဧ၏။ ဤသိုဝ်အတံတျာဆင်လျက်
(၃၀) လျှင်နိယ်တိုင်ထွက်ပယ်တေ။ တနိယ်လျှင်ချွတ် ( ) လ ဩင်စကြပယ်
တေဟု
()
(၃၁) စဖင်ဟိတ်နှင်ပတာမှောက်စာရိယ်ကြအ် (။) အနန္တ သူချင်ရတ
နာကို
(၃၂) ထံကာနိယ်တိုင်ထွက်ဧအ် ပယ်ထက်သွာာစွယ်သ(င်) [unclear] (ယ်)ထွက်
အထင်ပယ်ထ
(၃၃) က်န္ဓာ ငာစွယ်သင်စာရိယ်ပိယ်သောတိုင် မထွက်ချွတ်ခရကာ။ ကျွန်အို
ကြက် ၁
(၃၄) သ္မီအိုချင်(က)ာင် ၁ သ္မီအိုလွတ် ၁ ငိမအိုတင် ၁ ကျွန် ၄ ယောက်
ကာ သံဗျင်အန
(၃၅) န္တသူရစိယ်ဩင်စိယ်ဧအ်။ ပယ်ထက်သ္မာ ငာစွယ်သင်ကာ ဧအ်။ အ
တံတျာတ
(၃၆) န်ဆိပ်တပ်ပိယ်ဧအ်။ = ။
-- ။
5805
နယ်
။
99
၂၂။ ဇေယပွတ်ဘုရားကျောက်စာ၊ပုဂံအရွှေတောင်။
(၁) ဝ ။ သကရစ် ၅၇၃ ခု အာသိန်နှစ်။ တာ်ညင်ညွှန် ၁ဝ ရက်ကြသပတိယ်
နိယ်အာ၊ဥစိနာမင်ရွယ်တောင်တက်၏။ ရွယ်တော
(၂) င်တက်ပြီး၊ သကရစ် ၅၈၅ ခု။အာသိန်နှစ်။ပ သိုညွှန် ၇ ရွက်ကြသပ
တိယ်နိယ်အား လွွှတ်စွာသောပုရှာလေါင်ကိုဝ်။ သံဗျ
(၃) င်ဇေယျပွတ်။ ပန်စရကာ။ ဖုန်တပ်လှူသောပိုဒ်ဖွယ်တွင်။ဟင်ရံပအက်မ
6
သလ္လိယ် ၃ဝဝ ရှာဖုန်တာင်လှူ၏။ ပုရှာလောင်ဖု
(၄) န်တာဝိသူရကာ။ ပိုလ်သူကြိသံဗျင်သတျာ ၁ ယောက်။သံဗျင်စင်ကြယ် ၁။
သံဗျင်ကြံမဖတ် ၁။ သံဗျင်သိရိခြံပိစည် ၁။ဤယ်ပို
(၅) လ်သူကြီ ၄ ယောက်သောအာ။ သံဗျင်အနန္တရစ်ထွယ်တာ် က္က ပိယ်ဧအ်။
ထုယ်တာ်အတိုင်ခံလင်ရုယ်ပိုလ်သူကြီ ၄ ယောက်အထက်စရင်တ
(၆) ပိယ်ဧအ်။ ။သကရစ် ၅၇၉ ခု။မာဃနှစ်ကန်ခုညွှန် ၇ ရက်။ အင်္ဂါနိယ်
အာ။သံဗျင်ဇေယျပွတ်။ မွတ်စွာသောပုရှာလေါင်
(၇) အာ။ ဟင်ရံပအက်မက္ကောမိယ်တွင်လည်ကောင်။ အင်ကိုင်နှင် စုံ ၄၅ဝ
ကြွင်သော ၀ိယ်ကိုဝ်။တစ်ဖန်ပန်တုံရကာ။မိန်တာ်မူ
(ဂ) ဧအ်။ဇေယျပွတ်ကာအသက်လေကြီဧအ်။ အတိုထံလေသုငယ်နှင့်ထပ်
တူနိယ်ညန်ဆိုင်ငြယ်ဧအ်။ မောင်မို့ယ်လေမြယ်ဧ
(၉) အိ။ဟုရွယ်ဟင်ရံပအက်မည်သောမြို့ယ်တွင်လည်ကောင်။အင်ကိုဝ်ခပင်စုံ
၄၅ဝ ဖုန်တလှူတုံက်၊ဗိုလ်သူကြီသံဗျင်သ
၄၆
(၁၀) ဘျာ ၁။ သီကြီးဖတ် ၁။ သံင်သိရိန္ဒြစည် ၊ ဤယ်ဗိုလ်သူကြီး ၃
ယောက်သောက်။ ပတည်သောအကိုဘာကို
(၁၁) သဲရာဇာဝိကြမ် နယ်ဗ၌ ယ်၏။လှယ်တတိုင်ခံ လင်ရုယ်။ ဗိုလ်
သူကြီ ၃ ယောက်၊ အလက်စင်ဝင်ငယ်လက်၊အပေါ
(၁၂) ရင်နှစ်ပါစုံအေ ၇၅ဝ တေ။ ။ဤယာဖုန်ရသောလယ် ၇၅ဝ သောကို
ကာ။ငာသိင်မင်ကြီလေနိဗ္ဗန်ရစိယ် ချွင်ဧအိ
(၁၃) ။ငာလေ နိဗ္ဗန်အာ မချွတ်မလွယ်လျှင်ရောက်ချွင်ရကားဤယ်ငာ&သော
ကာဝ်ကြောင်ပုရှာတြာသင်္ဃာရတနာ၃ပါအာ၊အ
(၁၄) ကုန်ာ်လူးက်။ ။ ဤယ်ငာလှူသောလွဲကာ၊သာသနာ ၅ဝဝဝ လျှင်တည်
ရစ်စိယ်သတေ။ ။သကရစ် ၅၉၇ ခု။ အာသိန်
(၁၅) နှစ်။ နံကာလဆန် ၄ ချက်ကြသပတိယ်နိယ်အာ။ မင်ကြီသာမင်ကစွာရှယ်
တောင်တက်ရယ်။ အကြီယ်အညာနှိုက်တေ မ ဟာဒါ
(၁၆) န် ိယ်ခပ်သိမ်ယူလတ်တေ။ ယူလိယ်သ(နှစ်)အာ။ဇေယျပွတ်အူမဟာ
ဒါန်ပုရှာလှူသောလဲပါလိယ်ဧအ်ပါလိယ်ရကာ။ ဇေ
(၁၇) ယျပွတ်တာ်ကောင် နှိုက်နိယ်သော။ သိင်သင်္ဃာတို၌သည်။ မင်ကြီအာ
ကြာလိုက်ဧအ်၊ မဟာရစ်။ ဤယ်ဇေယျပွတ်ဧအ်။ မ
(၁၀) ဟါဒါန်ကာ။ တက္ကောင် ပုရှာလျှင်လှူခသတေဟုသော ကြာလိုက်၏။
ဤယ်သို ့ ကြာလိုက်ရကာ။ မင်ကြီလေပြညာတ်ကြီ"	"12
၄၄
(၂ဂ) မိယ်လ်ဂျာတိုဟူး၏ ပယ်ထက်သွာ အစွယ်သင်တို့ကာ မြင်စိယ်
ဟုသ
(၂၉) ကာမပြတ်ဖူအစန်ရှည်ထာပိယ်ကာဟူဧ၏။ ဤသိုဝ်အတံတျာဆင်လျက်
(၃၀) လျှင်နိယ်တိုင်ထွက်ပယ်တေ။ တနိယ်လျှင်ချွတ် ( ) လ ဩင်စကြပယ်
တေဟု
()
(၃၁) စဖင်ဟိတ်နှင်ပတာမှောက်စာရိယ်ကြအ် (။) အနန္တ သူချင်ရတ
နာကို
(၃၂) ထံကာနိယ်တိုင်ထွက်ဧအ် ပယ်ထက်သွာာစွယ်သ(င်) [unclear] (ယ်)ထွက်
အထင်ပယ်ထ
(၃၃) က်န္ဓာ ငာစွယ်သင်စာရိယ်ပိယ်သောတိုင် မထွက်ချွတ်ခရကာ။ ကျွန်အို
ကြက် ၁
(၃၄) သ္မီအိုချင်(က)ာင် ၁ သ္မီအိုလွတ် ၁ ငိမအိုတင် ၁ ကျွန် ၄ ယောက်
ကာ သံဗျင်အန
(၃၅) န္တသူရစိယ်ဩင်စိယ်ဧအ်။ ပယ်ထက်သ္မာ ငာစွယ်သင်ကာ ဧအ်။ အ
တံတျာတ
(၃၆) န်ဆိပ်တပ်ပိယ်ဧအ်။ = ။
-- ။
5805
နယ်
။
99
၂၂။ ဇေယပွတ်ဘုရားကျောက်စာ၊ပုဂံအရွှေတောင်။
(၁) ဝ ။ သကရစ် ၅၇၃ ခု အာသိန်နှစ်။ တာ်ညင်ညွှန် ၁ဝ ရက်ကြသပတိယ်
နိယ်အာ၊ဥစိနာမင်ရွယ်တောင်တက်၏။ ရွယ်တော
(၂) င်တက်ပြီး၊ သကရစ် ၅၈၅ ခု။အာသိန်နှစ်။ပ သိုညွှန် ၇ ရွက်ကြသပ
တိယ်နိယ်အား လွွှတ်စွာသောပုရှာလေါင်ကိုဝ်။ သံဗျ
(၃) င်ဇေယျပွတ်။ ပန်စရကာ။ ဖုန်တပ်လှူသောပိုဒ်ဖွယ်တွင်။ဟင်ရံပအက်မ
6
သလ္လိယ် ၃ဝဝ ရှာဖုန်တာင်လှူ၏။ ပုရှာလောင်ဖု
(၄) န်တာဝိသူရကာ။ ပိုလ်သူကြိသံဗျင်သတျာ ၁ ယောက်။သံဗျင်စင်ကြယ် ၁။
သံဗျင်ကြံမဖတ် ၁။ သံဗျင်သိရိခြံပိစည် ၁။ဤယ်ပို
(၅) လ်သူကြီ ၄ ယောက်သောအာ။ သံဗျင်အနန္တရစ်ထွယ်တာ် က္က ပိယ်ဧအ်။
ထုယ်တာ်အတိုင်ခံလင်ရုယ်ပိုလ်သူကြီ ၄ ယောက်အထက်စရင်တ
(၆) ပိယ်ဧအ်။ ။သကရစ် ၅၇၉ ခု။မာဃနှစ်ကန်ခုညွှန် ၇ ရက်။ အင်္ဂါနိယ်
အာ။သံဗျင်ဇေယျပွတ်။ မွတ်စွာသောပုရှာလေါင်
(၇) အာ။ ဟင်ရံပအက်မက္ကောမိယ်တွင်လည်ကောင်။ အင်ကိုင်နှင် စုံ ၄၅ဝ
ကြွင်သော ၀ိယ်ကိုဝ်။တစ်ဖန်ပန်တုံရကာ။မိန်တာ်မူ
(ဂ) ဧအ်။ဇေယျပွတ်ကာအသက်လေကြီဧအ်။ အတိုထံလေသုငယ်နှင့်ထပ်
တူနိယ်ညန်ဆိုင်ငြယ်ဧအ်။ မောင်မို့ယ်လေမြယ်ဧ
(၉) အိ။ဟုရွယ်ဟင်ရံပအက်မည်သောမြို့ယ်တွင်လည်ကောင်။အင်ကိုဝ်ခပင်စုံ
၄၅ဝ ဖုန်တလှူတုံက်၊ဗိုလ်သူကြီသံဗျင်သ
၄၆
(၁၀) ဘျာ ၁။ သီကြီးဖတ် ၁။ သံင်သိရိန္ဒြစည် ၊ ဤယ်ဗိုလ်သူကြီး ၃
ယောက်သောက်။ ပတည်သောအကိုဘာကို
(၁၁) သဲရာဇာဝိကြမ် နယ်ဗ၌ ယ်၏။လှယ်တတိုင်ခံ လင်ရုယ်။ ဗိုလ်
သူကြီ ၃ ယောက်၊ အလက်စင်ဝင်ငယ်လက်၊အပေါ
(၁၂) ရင်နှစ်ပါစုံအေ ၇၅ဝ တေ။ ။ဤယာဖုန်ရသောလယ် ၇၅ဝ သောကို
ကာ။ငာသိင်မင်ကြီလေနိဗ္ဗန်ရစိယ် ချွင်ဧအိ
(၁၃) ။ငာလေ နိဗ္ဗန်အာ မချွတ်မလွယ်လျှင်ရောက်ချွင်ရကားဤယ်ငာ&သော
ကာဝ်ကြောင်ပုရှာတြာသင်္ဃာရတနာ၃ပါအာ၊အ
(၁၄) ကုန်ာ်လူးက်။ ။ ဤယ်ငာလှူသောလွဲကာ၊သာသနာ ၅ဝဝဝ လျှင်တည်
ရစ်စိယ်သတေ။ ။သကရစ် ၅၉၇ ခု။ အာသိန်
(၁၅) နှစ်။ နံကာလဆန် ၄ ချက်ကြသပတိယ်နိယ်အာ။ မင်ကြီသာမင်ကစွာရှယ်
တောင်တက်ရယ်။ အကြီယ်အညာနှိုက်တေ မ ဟာဒါ
(၁၆) န် ိယ်ခပ်သိမ်ယူလတ်တေ။ ယူလိယ်သ(နှစ်)အာ။ဇေယျပွတ်အူမဟာ
ဒါန်ပုရှာလှူသောလဲပါလိယ်ဧအ်ပါလိယ်ရကာ။ ဇေ
(၁၇) ယျပွတ်တာ်ကောင် နှိုက်နိယ်သော။ သိင်သင်္ဃာတို၌သည်။ မင်ကြီအာ
ကြာလိုက်ဧအ်၊ မဟာရစ်။ ဤယ်ဇေယျပွတ်ဧအ်။ မ
(၁၀) ဟါဒါန်ကာ။ တက္ကောင် ပုရှာလျှင်လှူခသတေဟုသော ကြာလိုက်၏။
ဤယ်သို ့ ကြာလိုက်ရကာ။ မင်ကြီလေပြညာတ်ကြီ"	usable_with_minor_noise	high	IOB cross-reference: Plate XC -> SIP 45-47.	needs_text_cleanup	Linked through exact corpus plate citation(s): Pl. I 90. | Extracted from SIP printed pages 45-47 using the OCR page offset observed from the scanned volume.
sip-witness-013	sipSelectionsPagan	corpus-citation-target-0371	luce_pemaungtin_1928_inscriptions_of_pag-da9f6d6d89b3	49	59	SIP 49	Plate XCVI	List 235 a					source_text	Old Burmese/Burmese	"[[SIP page 49 / OCR page 59]]
၄၀
(၃) င၁မိထုယ်လျှင်တေငာမိအေဟုရွယ်။ ဤမ်နိယ်ပိယ်အေ။ ဤမ်ထောင်
ကျွန်လယ်လေပိယ်တ
(၄) ်မူ၏။ဤမ်လေနိယ်၏။ကျွန်လောစိယ်ဧအ်။ လယ်လေငာစာဧအ်။
ဤမ်ာ်နိယ်သော ထက်
(၅) ကာ။သတင်ပြညာဟိသော သင်္ချာနိယ်သောမွတ်၏ဟုရုယ်ငာကြံ မိရ
က၁။ကူလေ&ဧအ်။ကူညီရကာ။ဖုရှာ
(၆) လေါင်ကိုပ်ငကြာ။ မြိတ်စွာသော ပာနွိုင်အတိုပ်ကျွန်ကိုဝ်ပိယ်
သောဤမ်တေသာလေသာနိုင်စွာအေ။အ
(၇) . တိုင်ကျွန်တိုဝ်နိယ်သောထက်ကာ။ သင်္ချာနယ်သောမ္လယ်ဧအ်ဟုရွယ် ကူ
လေလ္လ၏။ဤမ်လေပြေီာင်ရည်အေ။
(ဂ) ပိယ်တဝ်မူသောဤမ်ထောင်ကျွန်လယ်လေအတိုင်ကျွန်လှူ၏။ ငာကြာရ
ကာမိထုယ်တင်အပ်နိုင်သောသင်္ခာထာ
(၉) လင်ဟုမိန်တင်ပုအိ။ ဝ ။သကရစ် ၆၁၅ ခု။ စယ်နှစ်တပိုဝ်ထွယ်လဆန် ၆
ရွက်သူကြာနိယ်။ကျောင်သင်္ချာ
(၁၀) . ကိုင်ဆောက်တည်ခရုယ်ာထွက်ခဘဲ။ ဤမ်ထောင်ကျွန်လယ် လှူလျှင်
အေ။
[ကြောင်းရေ ၂၇ အဆုံး။"	"၄၀
(၃) င၁မိထုယ်လျှင်တေငာမိအေဟုရွယ်။ ဤမ်နိယ်ပိယ်အေ။ ဤမ်ထောင်
ကျွန်လယ်လေပိယ်တ
(၄) ်မူ၏။ဤမ်လေနိယ်၏။ကျွန်လောစိယ်ဧအ်။ လယ်လေငာစာဧအ်။
ဤမ်ာ်နိယ်သော ထက်
(၅) ကာ။သတင်ပြညာဟိသော သင်္ချာနိယ်သောမွတ်၏ဟုရုယ်ငာကြံ မိရ
က၁။ကူလေ&ဧအ်။ကူညီရကာ။ဖုရှာ
(၆) လေါင်ကိုပ်ငကြာ။ မြိတ်စွာသော ပာနွိုင်အတိုပ်ကျွန်ကိုဝ်ပိယ်
သောဤမ်တေသာလေသာနိုင်စွာအေ။အ
(၇) . တိုင်ကျွန်တိုဝ်နိယ်သောထက်ကာ။ သင်္ချာနယ်သောမ္လယ်ဧအ်ဟုရွယ် ကူ
လေလ္လ၏။ဤမ်လေပြေီာင်ရည်အေ။
(ဂ) ပိယ်တဝ်မူသောဤမ်ထောင်ကျွန်လယ်လေအတိုင်ကျွန်လှူ၏။ ငာကြာရ
ကာမိထုယ်တင်အပ်နိုင်သောသင်္ခာထာ
(၉) လင်ဟုမိန်တင်ပုအိ။ ဝ ။သကရစ် ၆၁၅ ခု။ စယ်နှစ်တပိုဝ်ထွယ်လဆန် ၆
ရွက်သူကြာနိယ်။ကျောင်သင်္ချာ
(၁၀) . ကိုင်ဆောက်တည်ခရုယ်ာထွက်ခဘဲ။ ဤမ်ထောင်ကျွန်လယ် လှူလျှင်
အေ။
[ကြောင်းရေ ၂၇ အဆုံး။"	"၄၀
(၃) င၁မိထုယ်လျှင်တေငာမိအေဟုရွယ်။ ဤမ်နိယ်ပိယ်အေ။ ဤမ်ထောင်
ကျွန်လယ်လေပိယ်တ
(၄) ်မူ၏။ဤမ်လေနိယ်၏။ကျွန်လောစိယ်ဧအ်။ လယ်လေငာစာဧအ်။
ဤမ်ာ်နိယ်သော ထက်
(၅) ကာ။သတင်ပြညာဟိသော သင်္ချာနိယ်သောမွတ်၏ဟုရုယ်ငာကြံ မိရ
က၁။ကူလေ&ဧအ်။ကူညီရကာ။ဖုရှာ
(၆) လေါင်ကိုပ်ငကြာ။ မြိတ်စွာသော ပာနွိုင်အတိုပ်ကျွန်ကိုဝ်ပိယ်
သောဤမ်တေသာလေသာနိုင်စွာအေ။အ
(၇) . တိုင်ကျွန်တိုဝ်နိယ်သောထက်ကာ။ သင်္ချာနယ်သောမ္လယ်ဧအ်ဟုရွယ် ကူ
လေလ္လ၏။ဤမ်လေပြေီာင်ရည်အေ။
(ဂ) ပိယ်တဝ်မူသောဤမ်ထောင်ကျွန်လယ်လေအတိုင်ကျွန်လှူ၏။ ငာကြာရ
ကာမိထုယ်တင်အပ်နိုင်သောသင်္ခာထာ
(၉) လင်ဟုမိန်တင်ပုအိ။ ဝ ။သကရစ် ၆၁၅ ခု။ စယ်နှစ်တပိုဝ်ထွယ်လဆန် ၆
ရွက်သူကြာနိယ်။ကျောင်သင်္ချာ
(၁၀) . ကိုင်ဆောက်တည်ခရုယ်ာထွက်ခဘဲ။ ဤမ်ထောင်ကျွန်လယ် လှူလျှင်
အေ။
[ကြောင်းရေ ၂၇ အဆုံး။"	good	medium		needs_link_review	English index-of-plates entry extracted from the OCRed volume. | Extracted from SIP printed pages 49-49 using the OCR page offset observed from the scanned volume.
sip-witness-014	sipSelectionsPagan	corpus-citation-target-0371	luce_pemaungtin_1928_inscriptions_of_pag-da9f6d6d89b3	49-52	59-62	SIP 49-52	Plate XCVIII	List 479	PPA 3ro	TN 143	obi-v01-n0129	obi-v01-n0129-tx-p0209	source_text	Old Burmese/Burmese	"[[SIP page 49 / OCR page 59]]
၄၀
(၃) င၁မိထုယ်လျှင်တေငာမိအေဟုရွယ်။ ဤမ်နိယ်ပိယ်အေ။ ဤမ်ထောင်
ကျွန်လယ်လေပိယ်တ
(၄) ်မူ၏။ဤမ်လေနိယ်၏။ကျွန်လောစိယ်ဧအ်။ လယ်လေငာစာဧအ်။
ဤမ်ာ်နိယ်သော ထက်
(၅) ကာ။သတင်ပြညာဟိသော သင်္ချာနိယ်သောမွတ်၏ဟုရုယ်ငာကြံ မိရ
က၁။ကူလေ&ဧအ်။ကူညီရကာ။ဖုရှာ
(၆) လေါင်ကိုပ်ငကြာ။ မြိတ်စွာသော ပာနွိုင်အတိုပ်ကျွန်ကိုဝ်ပိယ်
သောဤမ်တေသာလေသာနိုင်စွာအေ။အ
(၇) . တိုင်ကျွန်တိုဝ်နိယ်သောထက်ကာ။ သင်္ချာနယ်သောမ္လယ်ဧအ်ဟုရွယ် ကူ
လေလ္လ၏။ဤမ်လေပြေီာင်ရည်အေ။
(ဂ) ပိယ်တဝ်မူသောဤမ်ထောင်ကျွန်လယ်လေအတိုင်ကျွန်လှူ၏။ ငာကြာရ
ကာမိထုယ်တင်အပ်နိုင်သောသင်္ခာထာ
(၉) လင်ဟုမိန်တင်ပုအိ။ ဝ ။သကရစ် ၆၁၅ ခု။ စယ်နှစ်တပိုဝ်ထွယ်လဆန် ၆
ရွက်သူကြာနိယ်။ကျောင်သင်္ချာ
(၁၀) . ကိုင်ဆောက်တည်ခရုယ်ာထွက်ခဘဲ။ ဤမ်ထောင်ကျွန်လယ် လှူလျှင်
အေ။
[ကြောင်းရေ ၂၇ အဆုံး။
[[SIP page 50 / OCR page 60]]
90
၄။ ဝန်ဘုရား on လူ
(၁) ။၁။သကရစ် ၅၉၀ ခု၊ကြတိုက်နှင့် ပါဠိ ကြောင်း
(၄)
နှစ်လုံမ၌လျာ…အရိမဒ္ဒနပူရ်မည်
(၅) သောပြည်နှိုက်အားအကြောင်မင်းက မြတ်စွာသော ဘေးထိုင်ပင်
(၆) အအမတျာကားအသတ်မည်သေဘေး အညံ့ဟု မင်းအမတ်။
(၇) ထိုဝ်အမတ်ဧအေသင်ချိုင်ဝှိုက်ကူက။ သဒ္ဓါစွာရုယ်ဧအိမိယာပ္ပ ိယ်သ
။
(ဂ) ထိုမိယာဉ္ဇူသေ၁ခုန်မှုအတ္ထုဝ်။သဗ္ဗသတ္တာ ခပ်သိသကာ။နိရပါ
လျှင်တို
(၉) င်စိယ်ကုန်သတေ။အသဝတ်ဓမ္မာအေမိယာပုရှာကျွာန်ဖွယ်သော။ ၃၁
ကြောင်းအဆုံး
[ကျောဘက်
(၁) ။ပန်မယ်8ယ်သလေ ၄ ကျပ်၊ကူရိယ်သောပန်မီပိယ်သလေ ၇။က္ကော
(၂)င်ရိယ်သောပန်ဇီဝယ်သလေ ၁၂၀၊ရုနယ်ဝယ်သော ၇ ကျွပ်။ပန်ပုဂ္ဂိုလ်ရ
(၃) သော ၃ဝ ပုရှာသမာယ်သော၂ဝ တိုက်ရံလိန်သော (၂) ညှပ်။နန်ရိယ်
သောဖွယ် ၂
(၂၄)ကျပ်ကနှာပြင်သစ်ဖိုင် ၁ဝ။တံဘိုင်က္ကောက်အဖိုင်ကာ ၃ ကျပ်သွယ်ကူ
(၅) ညောင်တံဆာရက်စုဖွဲ့ အကတိယ်ရိပ်ကခွက်၃ချွပ်သောကာယ်၁၃
[[SIP page 51 / OCR page 61]]
(၆) နာ ၅ ခုသာငယ် ၂။ အသက်ငယ်သော နှ င်း၊ လင်ပန်းသောပုယ
(၇) ၂၁ ၆၂ တနှက်သောက၁မိုင် ၇၇ ရုပ် နိုင်ကာ ၂ (၄) ဂ
တနက်။
(ဂ) ၂၁အရိုက၁ ၂၅ ကျွမ်းသချွတ်လိုက၁၈ပါ၃၂ပါ။ာက်ဥတ် ၃၁၀
(၉) သောက်ရှိခဲ့ပါ၃၀.၁င်ကတိုင်အောင် (ခ) ပိသည်ပိယ်သောစပါ
Oli
(၁၀) ပုရာန်ရိခာစပါ ၁၄၀။ပန်ဒီရဲ၁၁ပါ ၅၄ တင်။တည်သည်ပန်းပုရိခ
(၁၁) ပါ၂၀ ပါနိုင်ကာ (၄) သင်သော ၁ လျှပ်သွင်သာငယ်ဟူမူကာ
(၃၀) တ္ထုပ်
(၁၂) ဟိ၏။ကူထွတ်ကြိယ်ပီသဖွယ်သာယ် ၃ ကျပ်။ ရှယ်... သယ်
(၁၃) ပ်။ပြတာ ၃ ကျပ်သောငုယ် ၂ ကျင်းကူထွတ်လက်ခ8ယ်သယ်
30
(၁၄) ။သံဖိုယ် ၁၁၊ကြောင် နာယ် ငုပ်လျှောက် ဝယ်သောငယ် ၂ဝ။ ( သစ်
(၁၅) သောလှည်ခပိယ်မသယ် ၁စိထန်ဟင်္သပဟာဘုန်မိယ်ကူ
of
(၁၆) ခြိတ်ကံကုတ်ခပင်းသက်ပိုင်ကာချက်၅၀ခန့်ဆယ်ဘူ(သော)
[[SIP page 52 / OCR page 62]]
မာ
(၄) ဂ
၊ ညဝ
က
မူကာ
အငယ်
(၂၁
(၁၇) လေပုဟာမာဂြိုလ်သလေ ၁၁၊ ပန်ခံဂိတ်သလေငယ် ၂၀၊ ပြာ
သည် ပုံ
(၁၀) ရယ်သံလေပုခြည်မျှင် ၁ ထည် ခဆီ ၁ သည်။ပုရှာသမာဒိယ်သောမည်
(၁၉) င် ၁ ထည်းဆီ ၁ သည်။ မန်နီဝယ်သောပုခြည် ၁ ထည် ခဆီ ၁ ထည်၊
(၂၀) လက်သမား ၃Äသောလေပုခြည်ခဆီ ၃ဝ၊ပုရာန် ၄ ယောက်သောဝိ
သ
0
(၂၁) ဖျင် ၄ ထည် မဆီ ၄ လည်း ပုရှာသမာမြင် ၁ စီ၊ပုရာန်လက်သမာမြင် ၁ စီ။
(၂၂) ပုခြည်ဖျင် ၂ ထည် ခရီ ၂ သည်။စင်ကြံကုလာထောင်ဖွယ်သောဥတ်ကာ
(၂၃) ၂ ဖိုင်၊ဥတ်ငတ်အပို်ကာငယ် ၆ဝ။ လှည်ခကာ ၂၂ တ္ထု၊စင်ကြံသ
(၂၄) ငာင်သောလှည်ခငှက် ၆ တ္ထု၊ ကစည်သည် ဝိယ်သောလက်ခက၁၄ယ်
20။
(၂၅) ကုလ၁တောင်တံခ၁န္ထသော ငုယ် ၁ ကျပ်။တံခာခုံက္ကောက် ၁ ဆူသော
ကာနယ်
(၂၆) ၁ + ကုလာက္ပောင်ဖွယ်သောပုရာန်လက်ခ ၃။ ၂။ လည်ခခွက် ၁၉
(၂၇) ငယ် ၂ ကျပ်။ ၁၃၅၂ ( ၆ သေ၁) ငှက် ၂ ကျပ်၊ စပါး(၄)တင်သော
ငယ် (၂)"	"၄၀
(၃) င၁မိထုယ်လျှင်တေငာမိအေဟုရွယ်။ ဤမ်နိယ်ပိယ်အေ။ ဤမ်ထောင်
ကျွန်လယ်လေပိယ်တ
(၄) ်မူ၏။ဤမ်လေနိယ်၏။ကျွန်လောစိယ်ဧအ်။ လယ်လေငာစာဧအ်။
ဤမ်ာ်နိယ်သော ထက်
(၅) ကာ။သတင်ပြညာဟိသော သင်္ချာနိယ်သောမွတ်၏ဟုရုယ်ငာကြံ မိရ
က၁။ကူလေ&ဧအ်။ကူညီရကာ။ဖုရှာ
(၆) လေါင်ကိုပ်ငကြာ။ မြိတ်စွာသော ပာနွိုင်အတိုပ်ကျွန်ကိုဝ်ပိယ်
သောဤမ်တေသာလေသာနိုင်စွာအေ။အ
(၇) . တိုင်ကျွန်တိုဝ်နိယ်သောထက်ကာ။ သင်္ချာနယ်သောမ္လယ်ဧအ်ဟုရွယ် ကူ
လေလ္လ၏။ဤမ်လေပြေီာင်ရည်အေ။
(ဂ) ပိယ်တဝ်မူသောဤမ်ထောင်ကျွန်လယ်လေအတိုင်ကျွန်လှူ၏။ ငာကြာရ
ကာမိထုယ်တင်အပ်နိုင်သောသင်္ခာထာ
(၉) လင်ဟုမိန်တင်ပုအိ။ ဝ ။သကရစ် ၆၁၅ ခု။ စယ်နှစ်တပိုဝ်ထွယ်လဆန် ၆
ရွက်သူကြာနိယ်။ကျောင်သင်္ချာ
(၁၀) . ကိုင်ဆောက်တည်ခရုယ်ာထွက်ခဘဲ။ ဤမ်ထောင်ကျွန်လယ် လှူလျှင်
အေ။
[ကြောင်းရေ ၂၇ အဆုံး။
90
၄။ ဝန်ဘုရား on လူ
(၁) ။၁။သကရစ် ၅၉၀ ခု၊ကြတိုက်နှင့် ပါဠိ ကြောင်း
(၄)
နှစ်လုံမ၌လျာ…အရိမဒ္ဒနပူရ်မည်
(၅) သောပြည်နှိုက်အားအကြောင်မင်းက မြတ်စွာသော ဘေးထိုင်ပင်
(၆) အအမတျာကားအသတ်မည်သေဘေး အညံ့ဟု မင်းအမတ်။
(၇) ထိုဝ်အမတ်ဧအေသင်ချိုင်ဝှိုက်ကူက။ သဒ္ဓါစွာရုယ်ဧအိမိယာပ္ပ ိယ်သ
။
(ဂ) ထိုမိယာဉ္ဇူသေ၁ခုန်မှုအတ္ထုဝ်။သဗ္ဗသတ္တာ ခပ်သိသကာ။နိရပါ
လျှင်တို
(၉) င်စိယ်ကုန်သတေ။အသဝတ်ဓမ္မာအေမိယာပုရှာကျွာန်ဖွယ်သော။ ၃၁
ကြောင်းအဆုံး
[ကျောဘက်
(၁) ။ပန်မယ်8ယ်သလေ ၄ ကျပ်၊ကူရိယ်သောပန်မီပိယ်သလေ ၇။က္ကော
(၂)င်ရိယ်သောပန်ဇီဝယ်သလေ ၁၂၀၊ရုနယ်ဝယ်သော ၇ ကျွပ်။ပန်ပုဂ္ဂိုလ်ရ
(၃) သော ၃ဝ ပုရှာသမာယ်သော၂ဝ တိုက်ရံလိန်သော (၂) ညှပ်။နန်ရိယ်
သောဖွယ် ၂
(၂၄)ကျပ်ကနှာပြင်သစ်ဖိုင် ၁ဝ။တံဘိုင်က္ကောက်အဖိုင်ကာ ၃ ကျပ်သွယ်ကူ
(၅) ညောင်တံဆာရက်စုဖွဲ့ အကတိယ်ရိပ်ကခွက်၃ချွပ်သောကာယ်၁၃
(၆) နာ ၅ ခုသာငယ် ၂။ အသက်ငယ်သော နှ င်း၊ လင်ပန်းသောပုယ
(၇) ၂၁ ၆၂ တနှက်သောက၁မိုင် ၇၇ ရုပ် နိုင်ကာ ၂ (၄) ဂ
တနက်။
(ဂ) ၂၁အရိုက၁ ၂၅ ကျွမ်းသချွတ်လိုက၁၈ပါ၃၂ပါ။ာက်ဥတ် ၃၁၀
(၉) သောက်ရှိခဲ့ပါ၃၀.၁င်ကတိုင်အောင် (ခ) ပိသည်ပိယ်သောစပါ
Oli
(၁၀) ပုရာန်ရိခာစပါ ၁၄၀။ပန်ဒီရဲ၁၁ပါ ၅၄ တင်။တည်သည်ပန်းပုရိခ
(၁၁) ပါ၂၀ ပါနိုင်ကာ (၄) သင်သော ၁ လျှပ်သွင်သာငယ်ဟူမူကာ
(၃၀) တ္ထုပ်
(၁၂) ဟိ၏။ကူထွတ်ကြိယ်ပီသဖွယ်သာယ် ၃ ကျပ်။ ရှယ်[unclear] သယ်
(၁၃) ပ်။ပြတာ ၃ ကျပ်သောငုယ် ၂ ကျင်းကူထွတ်လက်ခ8ယ်သယ်
30
(၁၄) ။သံဖိုယ် ၁၁၊ကြောင် နာယ် ငုပ်လျှောက် ဝယ်သောငယ် ၂ဝ။ ( သစ်
(၁၅) သောလှည်ခပိယ်မသယ် ၁စိထန်ဟင်္သပဟာဘုန်မိယ်ကူ
of
(၁၆) ခြိတ်ကံကုတ်ခပင်းသက်ပိုင်ကာချက်၅၀ခန့်ဆယ်ဘူ(သော)
မာ
(၄) ဂ
၊ ညဝ
က
မူကာ
အငယ်
(၂၁
(၁၇) လေပုဟာမာဂြိုလ်သလေ ၁၁၊ ပန်ခံဂိတ်သလေငယ် ၂၀၊ ပြာ
သည် ပုံ
(၁၀) ရယ်သံလေပုခြည်မျှင် ၁ ထည် ခဆီ ၁ သည်။ပုရှာသမာဒိယ်သောမည်
(၁၉) င် ၁ ထည်းဆီ ၁ သည်။ မန်နီဝယ်သောပုခြည် ၁ ထည် ခဆီ ၁ ထည်၊
(၂၀) လက်သမား ၃Äသောလေပုခြည်ခဆီ ၃ဝ၊ပုရာန် ၄ ယောက်သောဝိ
သ
0
(၂၁) ဖျင် ၄ ထည် မဆီ ၄ လည်း ပုရှာသမာမြင် ၁ စီ၊ပုရာန်လက်သမာမြင် ၁ စီ။
(၂၂) ပုခြည်ဖျင် ၂ ထည် ခရီ ၂ သည်။စင်ကြံကုလာထောင်ဖွယ်သောဥတ်ကာ
(၂၃) ၂ ဖိုင်၊ဥတ်ငတ်အပို်ကာငယ် ၆ဝ။ လှည်ခကာ ၂၂ တ္ထု၊စင်ကြံသ
(၂၄) ငာင်သောလှည်ခငှက် ၆ တ္ထု၊ ကစည်သည် ဝိယ်သောလက်ခက၁၄ယ်
20။
(၂၅) ကုလ၁တောင်တံခ၁န္ထသော ငုယ် ၁ ကျပ်။တံခာခုံက္ကောက် ၁ ဆူသော
ကာနယ်
(၂၆) ၁ + ကုလာက္ပောင်ဖွယ်သောပုရာန်လက်ခ ၃။ ၂။ လည်ခခွက် ၁၉
(၂၇) ငယ် ၂ ကျပ်။ ၁၃၅၂ ( ၆ သေ၁) ငှက် ၂ ကျပ်၊ စပါး(၄)တင်သော
ငယ် (၂)"	"၄၀
(၃) င၁မိထုယ်လျှင်တေငာမိအေဟုရွယ်။ ဤမ်နိယ်ပိယ်အေ။ ဤမ်ထောင်
ကျွန်လယ်လေပိယ်တ
(၄) ်မူ၏။ဤမ်လေနိယ်၏။ကျွန်လောစိယ်ဧအ်။ လယ်လေငာစာဧအ်။
ဤမ်ာ်နိယ်သော ထက်
(၅) ကာ။သတင်ပြညာဟိသော သင်္ချာနိယ်သောမွတ်၏ဟုရုယ်ငာကြံ မိရ
က၁။ကူလေ&ဧအ်။ကူညီရကာ။ဖုရှာ
(၆) လေါင်ကိုပ်ငကြာ။ မြိတ်စွာသော ပာနွိုင်အတိုပ်ကျွန်ကိုဝ်ပိယ်
သောဤမ်တေသာလေသာနိုင်စွာအေ။အ
(၇) . တိုင်ကျွန်တိုဝ်နိယ်သောထက်ကာ။ သင်္ချာနယ်သောမ္လယ်ဧအ်ဟုရွယ် ကူ
လေလ္လ၏။ဤမ်လေပြေီာင်ရည်အေ။
(ဂ) ပိယ်တဝ်မူသောဤမ်ထောင်ကျွန်လယ်လေအတိုင်ကျွန်လှူ၏။ ငာကြာရ
ကာမိထုယ်တင်အပ်နိုင်သောသင်္ခာထာ
(၉) လင်ဟုမိန်တင်ပုအိ။ ဝ ။သကရစ် ၆၁၅ ခု။ စယ်နှစ်တပိုဝ်ထွယ်လဆန် ၆
ရွက်သူကြာနိယ်။ကျောင်သင်္ချာ
(၁၀) . ကိုင်ဆောက်တည်ခရုယ်ာထွက်ခဘဲ။ ဤမ်ထောင်ကျွန်လယ် လှူလျှင်
အေ။
[ကြောင်းရေ ၂၇ အဆုံး။
90
၄။ ဝန်ဘုရား on လူ
(၁) ။၁။သကရစ် ၅၉၀ ခု၊ကြတိုက်နှင့် ပါဠိ ကြောင်း
(၄)
နှစ်လုံမ၌လျာ…အရိမဒ္ဒနပူရ်မည်
(၅) သောပြည်နှိုက်အားအကြောင်မင်းက မြတ်စွာသော ဘေးထိုင်ပင်
(၆) အအမတျာကားအသတ်မည်သေဘေး အညံ့ဟု မင်းအမတ်။
(၇) ထိုဝ်အမတ်ဧအေသင်ချိုင်ဝှိုက်ကူက။ သဒ္ဓါစွာရုယ်ဧအိမိယာပ္ပ ိယ်သ
။
(ဂ) ထိုမိယာဉ္ဇူသေ၁ခုန်မှုအတ္ထုဝ်။သဗ္ဗသတ္တာ ခပ်သိသကာ။နိရပါ
လျှင်တို
(၉) င်စိယ်ကုန်သတေ။အသဝတ်ဓမ္မာအေမိယာပုရှာကျွာန်ဖွယ်သော။ ၃၁
ကြောင်းအဆုံး
[ကျောဘက်
(၁) ။ပန်မယ်8ယ်သလေ ၄ ကျပ်၊ကူရိယ်သောပန်မီပိယ်သလေ ၇။က္ကော
(၂)င်ရိယ်သောပန်ဇီဝယ်သလေ ၁၂၀၊ရုနယ်ဝယ်သော ၇ ကျွပ်။ပန်ပုဂ္ဂိုလ်ရ
(၃) သော ၃ဝ ပုရှာသမာယ်သော၂ဝ တိုက်ရံလိန်သော (၂) ညှပ်။နန်ရိယ်
သောဖွယ် ၂
(၂၄)ကျပ်ကနှာပြင်သစ်ဖိုင် ၁ဝ။တံဘိုင်က္ကောက်အဖိုင်ကာ ၃ ကျပ်သွယ်ကူ
(၅) ညောင်တံဆာရက်စုဖွဲ့ အကတိယ်ရိပ်ကခွက်၃ချွပ်သောကာယ်၁၃
(၆) နာ ၅ ခုသာငယ် ၂။ အသက်ငယ်သော နှ င်း၊ လင်ပန်းသောပုယ
(၇) ၂၁ ၆၂ တနှက်သောက၁မိုင် ၇၇ ရုပ် နိုင်ကာ ၂ (၄) ဂ
တနက်။
(ဂ) ၂၁အရိုက၁ ၂၅ ကျွမ်းသချွတ်လိုက၁၈ပါ၃၂ပါ။ာက်ဥတ် ၃၁၀
(၉) သောက်ရှိခဲ့ပါ၃၀.၁င်ကတိုင်အောင် (ခ) ပိသည်ပိယ်သောစပါ
Oli
(၁၀) ပုရာန်ရိခာစပါ ၁၄၀။ပန်ဒီရဲ၁၁ပါ ၅၄ တင်။တည်သည်ပန်းပုရိခ
(၁၁) ပါ၂၀ ပါနိုင်ကာ (၄) သင်သော ၁ လျှပ်သွင်သာငယ်ဟူမူကာ
(၃၀) တ္ထုပ်
(၁၂) ဟိ၏။ကူထွတ်ကြိယ်ပီသဖွယ်သာယ် ၃ ကျပ်။ ရှယ်[unclear] သယ်
(၁၃) ပ်။ပြတာ ၃ ကျပ်သောငုယ် ၂ ကျင်းကူထွတ်လက်ခ8ယ်သယ်
30
(၁၄) ။သံဖိုယ် ၁၁၊ကြောင် နာယ် ငုပ်လျှောက် ဝယ်သောငယ် ၂ဝ။ ( သစ်
(၁၅) သောလှည်ခပိယ်မသယ် ၁စိထန်ဟင်္သပဟာဘုန်မိယ်ကူ
of
(၁၆) ခြိတ်ကံကုတ်ခပင်းသက်ပိုင်ကာချက်၅၀ခန့်ဆယ်ဘူ(သော)
မာ
(၄) ဂ
၊ ညဝ
က
မူကာ
အငယ်
(၂၁
(၁၇) လေပုဟာမာဂြိုလ်သလေ ၁၁၊ ပန်ခံဂိတ်သလေငယ် ၂၀၊ ပြာ
သည် ပုံ
(၁၀) ရယ်သံလေပုခြည်မျှင် ၁ ထည် ခဆီ ၁ သည်။ပုရှာသမာဒိယ်သောမည်
(၁၉) င် ၁ ထည်းဆီ ၁ သည်။ မန်နီဝယ်သောပုခြည် ၁ ထည် ခဆီ ၁ ထည်၊
(၂၀) လက်သမား ၃Äသောလေပုခြည်ခဆီ ၃ဝ၊ပုရာန် ၄ ယောက်သောဝိ
သ
0
(၂၁) ဖျင် ၄ ထည် မဆီ ၄ လည်း ပုရှာသမာမြင် ၁ စီ၊ပုရာန်လက်သမာမြင် ၁ စီ။
(၂၂) ပုခြည်ဖျင် ၂ ထည် ခရီ ၂ သည်။စင်ကြံကုလာထောင်ဖွယ်သောဥတ်ကာ
(၂၃) ၂ ဖိုင်၊ဥတ်ငတ်အပို်ကာငယ် ၆ဝ။ လှည်ခကာ ၂၂ တ္ထု၊စင်ကြံသ
(၂၄) ငာင်သောလှည်ခငှက် ၆ တ္ထု၊ ကစည်သည် ဝိယ်သောလက်ခက၁၄ယ်
20။
(၂၅) ကုလ၁တောင်တံခ၁န္ထသော ငုယ် ၁ ကျပ်။တံခာခုံက္ကောက် ၁ ဆူသော
ကာနယ်
(၂၆) ၁ + ကုလာက္ပောင်ဖွယ်သောပုရာန်လက်ခ ၃။ ၂။ လည်ခခွက် ၁၉
(၂၇) ငယ် ၂ ကျပ်။ ၁၃၅၂ ( ၆ သေ၁) ငှက် ၂ ကျပ်၊ စပါး(၄)တင်သော
ငယ် (၂)"	usable_with_minor_noise	high	IOB cross-reference: Plate XCVIII -> SIP 49-52.	needs_text_cleanup	Linked through exact corpus plate citation(s): Pl. I 98. | Extracted from SIP printed pages 49-52 using the OCR page offset observed from the scanned volume.
sip-witness-015	sipSelectionsPagan	corpus-citation-target-0371	luce_pemaungtin_1928_inscriptions_of_pag-da9f6d6d89b3	52-55	62-65	SIP 52-55	Plate CV a	List 242	PPA 63 | PPA 181-182	TN 30 | TN 86-87	obi-v01-n0179	obi-v01-n0179-tx-p0306	source_text	Old Burmese/Burmese	"[[SIP page 52 / OCR page 62]]
မာ
(၄) ဂ
၊ ညဝ
က
မူကာ
အငယ်
(၂၁
(၁၇) လေပုဟာမာဂြိုလ်သလေ ၁၁၊ ပန်ခံဂိတ်သလေငယ် ၂၀၊ ပြာ
သည် ပုံ
(၁၀) ရယ်သံလေပုခြည်မျှင် ၁ ထည် ခဆီ ၁ သည်။ပုရှာသမာဒိယ်သောမည်
(၁၉) င် ၁ ထည်းဆီ ၁ သည်။ မန်နီဝယ်သောပုခြည် ၁ ထည် ခဆီ ၁ ထည်၊
(၂၀) လက်သမား ၃Äသောလေပုခြည်ခဆီ ၃ဝ၊ပုရာန် ၄ ယောက်သောဝိ
သ
0
(၂၁) ဖျင် ၄ ထည် မဆီ ၄ လည်း ပုရှာသမာမြင် ၁ စီ၊ပုရာန်လက်သမာမြင် ၁ စီ။
(၂၂) ပုခြည်ဖျင် ၂ ထည် ခရီ ၂ သည်။စင်ကြံကုလာထောင်ဖွယ်သောဥတ်ကာ
(၂၃) ၂ ဖိုင်၊ဥတ်ငတ်အပို်ကာငယ် ၆ဝ။ လှည်ခကာ ၂၂ တ္ထု၊စင်ကြံသ
(၂၄) ငာင်သောလှည်ခငှက် ၆ တ္ထု၊ ကစည်သည် ဝိယ်သောလက်ခက၁၄ယ်
20။
(၂၅) ကုလ၁တောင်တံခ၁န္ထသော ငုယ် ၁ ကျပ်။တံခာခုံက္ကောက် ၁ ဆူသော
ကာနယ်
(၂၆) ၁ + ကုလာက္ပောင်ဖွယ်သောပုရာန်လက်ခ ၃။ ၂။ လည်ခခွက် ၁၉
(၂၇) ငယ် ၂ ကျပ်။ ၁၃၅၂ ( ၆ သေ၁) ငှက် ၂ ကျပ်၊ စပါး(၄)တင်သော
ငယ် (၂)
[[SIP page 53 / OCR page 63]]
(JB) SH = 1.
10
၂၅။ ။ပုဂံမြို့ရှင်ပဗောဓိဘုရားတံတိုင်းအတွင်းတောင်ဘက်ရှိ ကျောက်စာ။
(၁) ။ ။သကရာဇ် ၅၉၇ ခု ကြတိုက်နှစ်။ သိုဝ်လဆုတ် ၃ ရက်။ တန်းနှ
(၂) င် လါနိယ်ဘက် ၉ လွှာခွယ်ပုနိုင်ကူထာပနား၏။ ။ဂ ရွက်လျှင်ပြီ
(၃) ၆။ ကူထာပနာသောနိယ လျှင်ရိတွင်တူ၏။ တပိုဝ်ထွယ်လ
(၄) ဆုတ် ၁၃ ချက်သောကြာနိယ်လျှင်တန်တိုင်တည်ဧအ်။ တပေါလ်ပ္လ
(၅) ည်တန်တိုင်ပြိဧအ်။ ကူဘိုယ်ထွက်ကာတပေါင်လဆုတ် ၇ ရက်တ
(၆) န်နှင်လါနိယ်တက် ၉ လို့ခွယ်တင်၏။ ကူဆိယ်ရိယ်သကာတန်ခူလ
(၇) ဆန် ၁၀ ရွက်သုကြာနိယ်ကူပုာ ၁၄၆၁၉ ယောက်။ ဇာတ် ၅၅ဝ။
(ဂ) ၁၂ ရက်ဘန်နှင်လါနိယ်ပြိဧအ်။ ထောင်လေပြီဧအ်။ ဓမ္မသာပြီ
(၉) ဧအ်။ တျာပန်လင်ပြီအေ။ ခောင်ပေါင်ကြိယ် အပိသာ ၁ဝ၆ ပိသာ
(၁၁) ခွယ်ဇက် သွန်အေ။ ကူထွတ်ကာကြိယ် ၅၅ ပိသာခွယ်ကူထွတ်လိန်
(၁၁) သောရှယ် ၄၆ ကျပ်ဟိယ်အိ။ပုရှာလိလ်မျက်နှာသေခလိန်သောရှ
(၁၂) ယ် ၂၀။ စာသင်ညောင် ၅ ခု ပုဧအ်။ ဂျွစ်ဩက်ကုငယ်
(၁၃) လဆိယ်ရိယ် အဲ။ကျောင်တွင်ပုဆိုပုာဆိုင်။
(၁၄) ညောင် ၃ ပင်စိုက်၏။ ရိယ်ဤမ် ၃ ပါ။ သမရိဝိ
[[SIP page 54 / OCR page 64]]
50
(၃) နန္ဒလာနယ်ကား နတ်တပ်လဆုတ် ၉ ရက်
(၁၇) သုကြာနိယ်ကာလွှတ်စက် ကွကါသိုင်လဆုတ် ၃၅
(၁၁) တန်နိုင်ငံနယ် ယာနာ၏။ ဝ ၊လက်ရာအာ
(၁၉) ခု မြသိုဟ်နှစ် ကူဆုန်လဆုတ် ၄ ၅က်တန်နှင် လာနိ
(၂၁) ငယ်မတ်ညာဏ ိစည်ကူလွှတ်မအ်လွှတသောလှူ
(၂၁) သောပုရှာကျွန်းစံရာ လွှတ် ၁၀၁တုန် ၁း ၁ ဖု
(၂၂) ရာ) ၊ရိယာအိုင်ကံ ၁။သမီအိုင်ကြောင် ၁၊ငြိမအိုရောက် ၁
(၂၃) ဒိုင်ကယ်လောင် ။ပသာသည်ာတုန်တာ ၁စည်သည်
(၂၄) ခန္ဓာ၁။စာမလုပ် ။ပန်တျာကူလာသာုဖွယ် ၁ ကုလာလင်မီ
(၂၅) ယာဒိုမာမြေါက် သားကောင်ဝုယ် နာကြောင် (စ။)
(၂၆) ငမွန် ၁ ငရောက် ၁ ငထုယ် ၁ ကုလါမိတူ ၁ သာမိပလု ၁ စည်သည်
ငပုသီ ၁
(၂၇) ရီ၁။ ။သန်ရင်မ်ပိယ်သောဖက်မမြိုင်လယ် ၅၀ တွင်ပုရှာသင်ဗုတ်တင်
(၂ဂ) စိယ်သော ၂ဝ.တ ၃၀ ကာညောင်နိယ် (က) တျာသိခင်စာစိယ်သ
တေ။သိခင်
(၂၉) (က၀) သူပိယ်ခသောပေါက်ပင် ဖလယ်သာ ၇၀ ရှိယ်ဦလယ်သာ ၂၀
အခပေါင်လယ် (ဂ)
(၃၁) ၉ဝကြည်နှင်စုံအပေါင် ၃၀၀။ ဤကာကျောင်နိယ်တတ်သာသိခင်စာစိယ်
[[SIP page 55 / OCR page 65]]
(၃၂) အာ) ကျွန်လှူသော (ဘေ) လယ်လုံမှုစိယ်သော ၊ မင်လဝိသော
ပြင်မယ်ပုံလယ်
(၃၃) ၃၀ ၀၀၁ကောင်စာသင်ခပင်ပ္ပိယ်စာမူစိယ်သတေးနောင်ပိယ်သောမစ
ပေါင်
(၃၄) လ်၃၀၀ကာကောင်ထေရစာစိယ်သပေးလည်ကိုင်မပင်စရလဲခွယ်ရွာ၏
အနော
(၃၅) ရက်တောင်ထောင်အရပ်နှိုက်ပုံက္ကလဲဥပ လေထရစာ။ စင်ပည်ရွာအ
ရပ် ( ကျန်ဝဲသာ)
(၃၆) ကြလွင်ကစည်လဲအကြာသွာပယ်လ် ၁၀၀ ကာ ရတနာ ၃ ပါကာလူသ
တေ။ဤလဲကိုဂ်ကို
(၃၇) ပါယူသသူကာ အင်္ကဘာဘာအဝီစိအထယ်ငြယ်နစ်စိယ်သကေ။ အမျို
၇ ဆက်ပျက်8န္တိ
(၃၀) - စိယ်သတေ။ Zယ်ပုံလုံကြုံမကဖြစ်လတ္တံ့သောပုရှာက်ိုး မဖူစိယ် သ
ကေမရိယ်တွက်နိုင်သော
(၃၉) သင်္ခရာနှိုက်ပြီတွင်စိယ်သား၍အလှူကိုခံပင်သသူတို့ကာ ငာနှင့်
အကူအကိုင်ရစိယ်သကေ"	"မာ
(၄) ဂ
၊ ညဝ
က
မူကာ
အငယ်
(၂၁
(၁၇) လေပုဟာမာဂြိုလ်သလေ ၁၁၊ ပန်ခံဂိတ်သလေငယ် ၂၀၊ ပြာ
သည် ပုံ
(၁၀) ရယ်သံလေပုခြည်မျှင် ၁ ထည် ခဆီ ၁ သည်။ပုရှာသမာဒိယ်သောမည်
(၁၉) င် ၁ ထည်းဆီ ၁ သည်။ မန်နီဝယ်သောပုခြည် ၁ ထည် ခဆီ ၁ ထည်၊
(၂၀) လက်သမား ၃Äသောလေပုခြည်ခဆီ ၃ဝ၊ပုရာန် ၄ ယောက်သောဝိ
သ
0
(၂၁) ဖျင် ၄ ထည် မဆီ ၄ လည်း ပုရှာသမာမြင် ၁ စီ၊ပုရာန်လက်သမာမြင် ၁ စီ။
(၂၂) ပုခြည်ဖျင် ၂ ထည် ခရီ ၂ သည်။စင်ကြံကုလာထောင်ဖွယ်သောဥတ်ကာ
(၂၃) ၂ ဖိုင်၊ဥတ်ငတ်အပို်ကာငယ် ၆ဝ။ လှည်ခကာ ၂၂ တ္ထု၊စင်ကြံသ
(၂၄) ငာင်သောလှည်ခငှက် ၆ တ္ထု၊ ကစည်သည် ဝိယ်သောလက်ခက၁၄ယ်
20။
(၂၅) ကုလ၁တောင်တံခ၁န္ထသော ငုယ် ၁ ကျပ်။တံခာခုံက္ကောက် ၁ ဆူသော
ကာနယ်
(၂၆) ၁ + ကုလာက္ပောင်ဖွယ်သောပုရာန်လက်ခ ၃။ ၂။ လည်ခခွက် ၁၉
(၂၇) ငယ် ၂ ကျပ်။ ၁၃၅၂ ( ၆ သေ၁) ငှက် ၂ ကျပ်၊ စပါး(၄)တင်သော
ငယ် (၂)
(JB) SH = 1.
10
၂၅။ ။ပုဂံမြို့ရှင်ပဗောဓိဘုရားတံတိုင်းအတွင်းတောင်ဘက်ရှိ ကျောက်စာ။
(၁) ။ ။သကရာဇ် ၅၉၇ ခု ကြတိုက်နှစ်။ သိုဝ်လဆုတ် ၃ ရက်။ တန်းနှ
(၂) င် လါနိယ်ဘက် ၉ လွှာခွယ်ပုနိုင်ကူထာပနား၏။ ။ဂ ရွက်လျှင်ပြီ
(၃) ၆။ ကူထာပနာသောနိယ လျှင်ရိတွင်တူ၏။ တပိုဝ်ထွယ်လ
(၄) ဆုတ် ၁၃ ချက်သောကြာနိယ်လျှင်တန်တိုင်တည်ဧအ်။ တပေါလ်ပ္လ
(၅) ည်တန်တိုင်ပြိဧအ်။ ကူဘိုယ်ထွက်ကာတပေါင်လဆုတ် ၇ ရက်တ
(၆) န်နှင်လါနိယ်တက် ၉ လို့ခွယ်တင်၏။ ကူဆိယ်ရိယ်သကာတန်ခူလ
(၇) ဆန် ၁၀ ရွက်သုကြာနိယ်ကူပုာ ၁၄၆၁၉ ယောက်။ ဇာတ် ၅၅ဝ။
(ဂ) ၁၂ ရက်ဘန်နှင်လါနိယ်ပြိဧအ်။ ထောင်လေပြီဧအ်။ ဓမ္မသာပြီ
(၉) ဧအ်။ တျာပန်လင်ပြီအေ။ ခောင်ပေါင်ကြိယ် အပိသာ ၁ဝ၆ ပိသာ
(၁၁) ခွယ်ဇက် သွန်အေ။ ကူထွတ်ကာကြိယ် ၅၅ ပိသာခွယ်ကူထွတ်လိန်
(၁၁) သောရှယ် ၄၆ ကျပ်ဟိယ်အိ။ပုရှာလိလ်မျက်နှာသေခလိန်သောရှ
(၁၂) ယ် ၂၀။ စာသင်ညောင် ၅ ခု ပုဧအ်။ ဂျွစ်ဩက်ကုငယ်
(၁၃) လဆိယ်ရိယ် အဲ။ကျောင်တွင်ပုဆိုပုာဆိုင်။
(၁၄) ညောင် ၃ ပင်စိုက်၏။ ရိယ်ဤမ် ၃ ပါ။ သမရိဝိ
50
(၃) နန္ဒလာနယ်ကား နတ်တပ်လဆုတ် ၉ ရက်
(၁၇) သုကြာနိယ်ကာလွှတ်စက် ကွကါသိုင်လဆုတ် ၃၅
(၁၁) တန်နိုင်ငံနယ် ယာနာ၏။ ဝ ၊လက်ရာအာ
(၁၉) ခု မြသိုဟ်နှစ် ကူဆုန်လဆုတ် ၄ ၅က်တန်နှင် လာနိ
(၂၁) ငယ်မတ်ညာဏ ိစည်ကူလွှတ်မအ်လွှတသောလှူ
(၂၁) သောပုရှာကျွန်းစံရာ လွှတ် ၁၀၁တုန် ၁း ၁ ဖု
(၂၂) ရာ) ၊ရိယာအိုင်ကံ ၁။သမီအိုင်ကြောင် ၁၊ငြိမအိုရောက် ၁
(၂၃) ဒိုင်ကယ်လောင် ။ပသာသည်ာတုန်တာ ၁စည်သည်
(၂၄) ခန္ဓာ၁။စာမလုပ် ။ပန်တျာကူလာသာုဖွယ် ၁ ကုလာလင်မီ
(၂၅) ယာဒိုမာမြေါက် သားကောင်ဝုယ် နာကြောင် (စ။)
(၂၆) ငမွန် ၁ ငရောက် ၁ ငထုယ် ၁ ကုလါမိတူ ၁ သာမိပလု ၁ စည်သည်
ငပုသီ ၁
(၂၇) ရီ၁။ ။သန်ရင်မ်ပိယ်သောဖက်မမြိုင်လယ် ၅၀ တွင်ပုရှာသင်ဗုတ်တင်
(၂ဂ) စိယ်သော ၂ဝ.တ ၃၀ ကာညောင်နိယ် (က) တျာသိခင်စာစိယ်သ
တေ။သိခင်
(၂၉) (က၀) သူပိယ်ခသောပေါက်ပင် ဖလယ်သာ ၇၀ ရှိယ်ဦလယ်သာ ၂၀
အခပေါင်လယ် (ဂ)
(၃၁) ၉ဝကြည်နှင်စုံအပေါင် ၃၀၀။ ဤကာကျောင်နိယ်တတ်သာသိခင်စာစိယ်
(၃၂) အာ) ကျွန်လှူသော (ဘေ) လယ်လုံမှုစိယ်သော ၊ မင်လဝိသော
ပြင်မယ်ပုံလယ်
(၃၃) ၃၀ ၀၀၁ကောင်စာသင်ခပင်ပ္ပိယ်စာမူစိယ်သတေးနောင်ပိယ်သောမစ
ပေါင်
(၃၄) လ်၃၀၀ကာကောင်ထေရစာစိယ်သပေးလည်ကိုင်မပင်စရလဲခွယ်ရွာ၏
အနော
(၃၅) ရက်တောင်ထောင်အရပ်နှိုက်ပုံက္ကလဲဥပ လေထရစာ။ စင်ပည်ရွာအ
ရပ် ( ကျန်ဝဲသာ)
(၃၆) ကြလွင်ကစည်လဲအကြာသွာပယ်လ် ၁၀၀ ကာ ရတနာ ၃ ပါကာလူသ
တေ။ဤလဲကိုဂ်ကို
(၃၇) ပါယူသသူကာ အင်္ကဘာဘာအဝီစိအထယ်ငြယ်နစ်စိယ်သကေ။ အမျို
၇ ဆက်ပျက်8န္တိ
(၃၀) - စိယ်သတေ။ Zယ်ပုံလုံကြုံမကဖြစ်လတ္တံ့သောပုရှာက်ိုး မဖူစိယ် သ
ကေမရိယ်တွက်နိုင်သော
(၃၉) သင်္ခရာနှိုက်ပြီတွင်စိယ်သား၍အလှူကိုခံပင်သသူတို့ကာ ငာနှင့်
အကူအကိုင်ရစိယ်သကေ"	"မာ
(၄) ဂ
၊ ညဝ
က
မူကာ
အငယ်
(၂၁
(၁၇) လေပုဟာမာဂြိုလ်သလေ ၁၁၊ ပန်ခံဂိတ်သလေငယ် ၂၀၊ ပြာ
သည် ပုံ
(၁၀) ရယ်သံလေပုခြည်မျှင် ၁ ထည် ခဆီ ၁ သည်။ပုရှာသမာဒိယ်သောမည်
(၁၉) င် ၁ ထည်းဆီ ၁ သည်။ မန်နီဝယ်သောပုခြည် ၁ ထည် ခဆီ ၁ ထည်၊
(၂၀) လက်သမား ၃Äသောလေပုခြည်ခဆီ ၃ဝ၊ပုရာန် ၄ ယောက်သောဝိ
သ
0
(၂၁) ဖျင် ၄ ထည် မဆီ ၄ လည်း ပုရှာသမာမြင် ၁ စီ၊ပုရာန်လက်သမာမြင် ၁ စီ။
(၂၂) ပုခြည်ဖျင် ၂ ထည် ခရီ ၂ သည်။စင်ကြံကုလာထောင်ဖွယ်သောဥတ်ကာ
(၂၃) ၂ ဖိုင်၊ဥတ်ငတ်အပို်ကာငယ် ၆ဝ။ လှည်ခကာ ၂၂ တ္ထု၊စင်ကြံသ
(၂၄) ငာင်သောလှည်ခငှက် ၆ တ္ထု၊ ကစည်သည် ဝိယ်သောလက်ခက၁၄ယ်
20။
(၂၅) ကုလ၁တောင်တံခ၁န္ထသော ငုယ် ၁ ကျပ်။တံခာခုံက္ကောက် ၁ ဆူသော
ကာနယ်
(၂၆) ၁ + ကုလာက္ပောင်ဖွယ်သောပုရာန်လက်ခ ၃။ ၂။ လည်ခခွက် ၁၉
(၂၇) ငယ် ၂ ကျပ်။ ၁၃၅၂ ( ၆ သေ၁) ငှက် ၂ ကျပ်၊ စပါး(၄)တင်သော
ငယ် (၂)
(JB) SH = 1.
10
၂၅။ ။ပုဂံမြို့ရှင်ပဗောဓိဘုရားတံတိုင်းအတွင်းတောင်ဘက်ရှိ ကျောက်စာ။
(၁) ။ ။သကရာဇ် ၅၉၇ ခု ကြတိုက်နှစ်။ သိုဝ်လဆုတ် ၃ ရက်။ တန်းနှ
(၂) င် လါနိယ်ဘက် ၉ လွှာခွယ်ပုနိုင်ကူထာပနား၏။ ။ဂ ရွက်လျှင်ပြီ
(၃) ၆။ ကူထာပနာသောနိယ လျှင်ရိတွင်တူ၏။ တပိုဝ်ထွယ်လ
(၄) ဆုတ် ၁၃ ချက်သောကြာနိယ်လျှင်တန်တိုင်တည်ဧအ်။ တပေါလ်ပ္လ
(၅) ည်တန်တိုင်ပြိဧအ်။ ကူဘိုယ်ထွက်ကာတပေါင်လဆုတ် ၇ ရက်တ
(၆) န်နှင်လါနိယ်တက် ၉ လို့ခွယ်တင်၏။ ကူဆိယ်ရိယ်သကာတန်ခူလ
(၇) ဆန် ၁၀ ရွက်သုကြာနိယ်ကူပုာ ၁၄၆၁၉ ယောက်။ ဇာတ် ၅၅ဝ။
(ဂ) ၁၂ ရက်ဘန်နှင်လါနိယ်ပြိဧအ်။ ထောင်လေပြီဧအ်။ ဓမ္မသာပြီ
(၉) ဧအ်။ တျာပန်လင်ပြီအေ။ ခောင်ပေါင်ကြိယ် အပိသာ ၁ဝ၆ ပိသာ
(၁၁) ခွယ်ဇက် သွန်အေ။ ကူထွတ်ကာကြိယ် ၅၅ ပိသာခွယ်ကူထွတ်လိန်
(၁၁) သောရှယ် ၄၆ ကျပ်ဟိယ်အိ။ပုရှာလိလ်မျက်နှာသေခလိန်သောရှ
(၁၂) ယ် ၂၀။ စာသင်ညောင် ၅ ခု ပုဧအ်။ ဂျွစ်ဩက်ကုငယ်
(၁၃) လဆိယ်ရိယ် အဲ။ကျောင်တွင်ပုဆိုပုာဆိုင်။
(၁၄) ညောင် ၃ ပင်စိုက်၏။ ရိယ်ဤမ် ၃ ပါ။ သမရိဝိ
50
(၃) နန္ဒလာနယ်ကား နတ်တပ်လဆုတ် ၉ ရက်
(၁၇) သုကြာနိယ်ကာလွှတ်စက် ကွကါသိုင်လဆုတ် ၃၅
(၁၁) တန်နိုင်ငံနယ် ယာနာ၏။ ဝ ၊လက်ရာအာ
(၁၉) ခု မြသိုဟ်နှစ် ကူဆုန်လဆုတ် ၄ ၅က်တန်နှင် လာနိ
(၂၁) ငယ်မတ်ညာဏ ိစည်ကူလွှတ်မအ်လွှတသောလှူ
(၂၁) သောပုရှာကျွန်းစံရာ လွှတ် ၁၀၁တုန် ၁း ၁ ဖု
(၂၂) ရာ) ၊ရိယာအိုင်ကံ ၁။သမီအိုင်ကြောင် ၁၊ငြိမအိုရောက် ၁
(၂၃) ဒိုင်ကယ်လောင် ။ပသာသည်ာတုန်တာ ၁စည်သည်
(၂၄) ခန္ဓာ၁။စာမလုပ် ။ပန်တျာကူလာသာုဖွယ် ၁ ကုလာလင်မီ
(၂၅) ယာဒိုမာမြေါက် သားကောင်ဝုယ် နာကြောင် (စ။)
(၂၆) ငမွန် ၁ ငရောက် ၁ ငထုယ် ၁ ကုလါမိတူ ၁ သာမိပလု ၁ စည်သည်
ငပုသီ ၁
(၂၇) ရီ၁။ ။သန်ရင်မ်ပိယ်သောဖက်မမြိုင်လယ် ၅၀ တွင်ပုရှာသင်ဗုတ်တင်
(၂ဂ) စိယ်သော ၂ဝ.တ ၃၀ ကာညောင်နိယ် (က) တျာသိခင်စာစိယ်သ
တေ။သိခင်
(၂၉) (က၀) သူပိယ်ခသောပေါက်ပင် ဖလယ်သာ ၇၀ ရှိယ်ဦလယ်သာ ၂၀
အခပေါင်လယ် (ဂ)
(၃၁) ၉ဝကြည်နှင်စုံအပေါင် ၃၀၀။ ဤကာကျောင်နိယ်တတ်သာသိခင်စာစိယ်
(၃၂) အာ) ကျွန်လှူသော (ဘေ) လယ်လုံမှုစိယ်သော ၊ မင်လဝိသော
ပြင်မယ်ပုံလယ်
(၃၃) ၃၀ ၀၀၁ကောင်စာသင်ခပင်ပ္ပိယ်စာမူစိယ်သတေးနောင်ပိယ်သောမစ
ပေါင်
(၃၄) လ်၃၀၀ကာကောင်ထေရစာစိယ်သပေးလည်ကိုင်မပင်စရလဲခွယ်ရွာ၏
အနော
(၃၅) ရက်တောင်ထောင်အရပ်နှိုက်ပုံက္ကလဲဥပ လေထရစာ။ စင်ပည်ရွာအ
ရပ် ( ကျန်ဝဲသာ)
(၃၆) ကြလွင်ကစည်လဲအကြာသွာပယ်လ် ၁၀၀ ကာ ရတနာ ၃ ပါကာလူသ
တေ။ဤလဲကိုဂ်ကို
(၃၇) ပါယူသသူကာ အင်္ကဘာဘာအဝီစိအထယ်ငြယ်နစ်စိယ်သကေ။ အမျို
၇ ဆက်ပျက်8န္တိ
(၃၀) - စိယ်သတေ။ Zယ်ပုံလုံကြုံမကဖြစ်လတ္တံ့သောပုရှာက်ိုး မဖူစိယ် သ
ကေမရိယ်တွက်နိုင်သော
(၃၉) သင်္ခရာနှိုက်ပြီတွင်စိယ်သား၍အလှူကိုခံပင်သသူတို့ကာ ငာနှင့်
အကူအကိုင်ရစိယ်သကေ"	good	high	IOB cross-reference: Plate CV a -> SIP 52-55.	accepted_witness_unit	Linked through exact corpus plate citation(s): Pl. I 105a. | Extracted from SIP printed pages 52-55 using the OCR page offset observed from the scanned volume.
