source_key	bibliographic_label	local_file_status	matched_local_file_id	matched_file_name	already_ocr_available	contains_english_translation	translation_scope	linked_corpus_record_count	linked_inscription_count	action_status	next_action	evidence	notes	tracked_ocr_text_path
jbrsShwegugyi1920	U Pe Maung Tin and G. H. Luce, The Shwegugyi Pagoda Inscription, Pagan, 1141 A.D. (JBRS 10(2), 1920, pp. 67-74)	matched_local_file_available	1920-shwegugyiinscription-luce1920-pdf	ShwegugyiInscription-Luce1920.pdf	true	true	standalone_inscription_translation	1	1	translation_integrated	Keep Shwegugyi integrated and proceed to the next translation-bearing source.	jbrs_translation_candidate_review.tsv and the completed translation unit confirm a standalone translation section.	The complete published English translation is now integrated into the enriched corpus candidate.	
jbrsAnanda1976	Ananda Brick Monastery Inscriptions of Pagan	matched_local_file_available	1976-anandainscriptions-tinlwin1976-pdf	AnandaInscriptions-Tinlwin1976.pdf	true	true	mixed_inscription_translation	0	0	out_of_scope_late_ink_wall_inscription	Do not attempt further Ananda linkage unless project scope is expanded.	The article concerns late eighteenth-century Ananda Okkyaung ink/wall inscriptions with Pali and Burmese versions, not a corpus-linked Old Burmese lithic inscription.	Resolved as out of scope for the current Old Burmese / Burmese structured inscription enrichment workflow. The source concerns late eighteenth-century Ananda Okkyaung ink/wall inscriptions with Pali and Burmese versions, not a corpus-linked Old Burmese lithic inscription. Do not attempt further linkage unless project scope changes.	
fraschPaganMachineTranslation2004	Tilman Frasch, Pagan: Staat und Staat	matched_local_file_available	frasch_1996_pagan_machineenglishtranslat-6f1791859aa4	Frasch-1996-Pagan-MachineEnglishTranslation-OLD-VERSION.pdf	true	true	secondary_history_translation	0	0	wrong_source_rejected	Do not treat this as an inscription translation source for the corpus candidate.	The local PDF is a machine translation of Frasch's book, not a direct inscription translation.	Useful as background prose only, not as a corpus translation witness.	
peMaungTinMyazedi1974	U Pe Maung Tin, Myazedi Inscription	matched_local_file_available	pemaungtin_1974_myazediinscription-56bbc5aae6bb	PeMaungTin 1974 MyazediInscription.PDF	false	false	wrong_local_witness	0	0	wrong_source_rejected	Acquire a correct article scan before revisiting this source.	Direct extraction from the current local file yields bibliographic request-card metadata rather than article body text or translation content.	Current local witness is not usable for translation extraction; keep this source closed until a better scan is supplied.	
tunAungChainRajakumar2001	Tun Aung Chain, The Rajakumar Inscription, Cultural Classics, Yangon Universities Press, 2001, pp. 25-37	matched_local_file_available	tun_aung_chain_2001_rajakumar_inscriptio-d55d64ebc41c	Tun Aung Chain 2001 Rajakumar Inscription.pdf	true	true	standalone_inscription_translation_version_split	2	2	translation_integrated_partial_version_split	Keep Myanmar and Pali versions integrated; hold Mon and Pyu as unlinked candidate units until matching corpus records are available.	Appendix I provides separate Myanmar/Mon/Pyu/Pali sections; structured corpus has secure Rajakumar/Myazedi matches for Myanmar and Pali, but no corresponding Mon/Pyu records.	Version split complete for extraction. Myanmar linked to obi-v01-n0001-tx-p0001 and Pali linked to obi-v01-n0001-tx-p0002; Mon and Pyu remain candidate-only/unlinked.	
tnInscriptionsPaganPinyaAva	U Tun Nyein / Taw Sein Ko / Forchhammer, Inscriptions of Pagan, Pinya and Ava: Translation, with Notes. Rangoon: Government Press, 1899.	matched_local_file_available	hvd-hxx68w-1780753436	hvd-hxx68w-1780753436.pdf	true	true	standalone_inscription_translation	21	21	ready_to_extract_translation	Continue TN extraction from tracked OCR text, integrating only high-confidence corpus links; keep unresolved TN locators in a separate review table.	Tracked OCR outputs now exist under data/working/ocr/pagan_pinya_ava_1899/, and IOB cross-reference rows provide TN locators plus high-confidence record links.	TN extraction integrated so far: 19 units across 17 records. Additional TN locators remain for later extraction/review.	data/working/ocr/pagan_pinya_ava_1899/ocr_cleaned_text_light.txt
ppaCatalogue	Inscriptions of Pagan, Pinya and Ava, Rangoon, 1892	missing_local_file			false	false	edition_or_catalogue_candidate	21	21	source_missing_acquire_manually	Acquire a local scan or photocopy of PPA if later edition/source-text comparison is needed.	The IOB cross-reference index supplies PPA references, but no local PPA witness has been confirmed.	Use as a bibliography/source-text lead, not as an English translation source yet.	
sipSelectionsPagan	Pe Maung Tin and G. H. Luce, Selections from the Inscriptions of Pagan, 1928	matched_local_file_available	luce_pemaungtin_1928_inscriptions_of_pag-da9f6d6d89b3	Luce&PeMaungTin 1928 inscriptions of Pagan.pdf	true	false	source_text_only	5	5	no_translation_present	Keep SIP as source-text witness evidence only.	Accepted SIP witness units confirm source text but no English inscription translation.	SIP remains provenance for source text, not translation.	
lucePeMaungTinInscriptionsOfBurma	G. H. Luce and U Pe Maung Tin, Inscriptions of Burma	matched_local_file_available	inscriptions_of_burma-b7c07d9f6d02	Inscriptions of Burma.pdf	true	false	plate_index_only	63	63	no_translation_present	Keep IOB as a cross-reference witness only.	The repo-safe OCR metadata marks IOB as a plate-index cross-reference rather than an extractable inscription translation.	Useful for concordance and plate linking, not translation extraction.	
