candidate_id	candidate_key	local_file_id	candidate_type	review_status	reviewed_by_or_method	manual_assessment	is_actual_translation_section	is_inscription_translation	is_general_discussion	is_citation_to_external_translation	next_action	notes
jbrs-candidate-0013	jbrs-candidate-key:1917-pyuinscriptions-blagden1917-pdf:translation_word_hit:page-2:765af75cd026	1917-pyuinscriptions-blagden1917-pdf	translation_word_hit	reviewed_general_discussion_only	manual_local_ocr_review	The detected phrase is only a methodological remark about the absence of parallel translations; the article is still useful as an edition/epigraphy discussion lead, but not as translation coverage.	false	false	true	false	Keep this as an edition-oriented lead only and do not promote it to translation coverage.	"Manual review of the OCR text found an epigraphic discussion article with a ""TEXT."" section, but the translation hit comes from prose about decipherment rather than from an actual translation section."
jbrs-candidate-0014	jbrs-candidate-key:1920-shwegugyiinscription-luce1920-pdf:explicit_translation_heading:page-1:2944296d55c9	1920-shwegugyiinscription-luce1920-pdf	explicit_translation_heading	reviewed_manual_follow_up_needed	manual_local_ocr_review	"The article contains a standalone inscription text-and-translation section with clear ""PALI TEXT."" and ""TRANSLATION."" headings; it is a strong extraction lead but not yet verified translation coverage."	true	true	false	false	Begin structured extraction design from this article, but keep it as a reviewed lead until inscription/source linkage and language-scope handling are captured explicitly.	Manual review of the completed OCR text confirmed a multi-page Shwegugyi inscription edition followed by a published English translation rather than a bibliography-only or embedded-only hit.
jbrs-candidate-0015	jbrs-candidate-key:1932-burmadebttopagan-luce1932-pdf:text_and_translation_section:page-2:f0e4cfc17d95	1932-burmadebttopagan-luce1932-pdf	text_and_translation_section	reviewed_manual_follow_up_needed	manual_local_ocr_review	The article contains a multi-page literal translation excerpt from a Pagan dedication and, separately, a nearby citation to a fuller 1920 JBRS text-and-translation source; it is not a standalone translation section.	false	true	false	true	Review the embedded translation excerpt and the cited fuller source manually, but do not promote either to verified translation coverage without structured extraction review.	Manual review of the completed OCR text found a literal-translation excerpt identified as the Lemyethna Minnanthu inscription plus a separate citation to the fuller text and translation in JBRS Vol. X (1920).
jbrs-candidate-0016	jbrs-candidate-key:1948-centuryofprogress-luce1948-pdf:explicit_translation_heading:page-12:81f36ff0d728	1948-centuryofprogress-luce1948-pdf	explicit_translation_heading	reviewed_bibliography_only	manual_local_ocr_review	The OCR hit comes from bibliography entries citing external text-and-translation works, not from a translation section in the article body.	false	false	false	true	Retain this as a bibliography lead only and do not promote it to verified translation coverage.	Manual review of the completed OCR text found the Dhammaceti text-and-translation phrase in the bibliography, not in the article narrative.
jbrs-candidate-0017	jbrs-candidate-key:1976-anandainscriptions-tinlwin1976-pdf:explicit_translation_heading:page-1:e52b351bb422	1976-anandainscriptions-tinlwin1976-pdf	explicit_translation_heading	reviewed_manual_follow_up_needed	manual_local_ocr_review	"The article contains a standalone inscription translation section beginning with ""Translation of the text in P 1"" after a source-oriented setup; it is a strong extraction lead but not yet verified translation coverage."	true	true	false	false	Keep this as a reviewed extraction lead and capture the source/inscription linkage plus language scope before promoting it any further.	Manual review of the OCR text found a structured article describing parallel Pali and Burmese inscription versions, then giving a formal translation section starting on page 6.
jbrs-candidate-0018	jbrs-candidate-key:293264-36fe582c909b:bibliography_only:page-2:0aa93391dca8	293264-36fe582c909b	bibliography_only	needs_manual_review	auto_triage	Heuristic lead only; inspect the source manually before promoting this as translation-bearing content.					Inspect the local source manually before treating this as an actual inscription translation.	Auto-generated review row; no candidate is promoted to verified translation coverage without human review.
jbrs-candidate-0019	jbrs-candidate-key:a1_editorial_luce1924-099d53582376:translation_word_hit:page-2:53f20e80457e	a1_editorial_luce1924-099d53582376	translation_word_hit	needs_manual_review	auto_triage	Heuristic lead only; inspect the source manually before promoting this as translation-bearing content.					Inspect the local source manually before treating this as an actual inscription translation.	Auto-generated review row; no candidate is promoted to verified translation coverage without human review.
jbrs-candidate-0020	jbrs-candidate-key:a5_countriesneighbouringburma2_luce_ref_-c1353abdc155:citation_to_someone_else_translation:page-1:b54f61b2fe32	a5_countriesneighbouringburma2_luce_ref_-c1353abdc155	citation_to_someone_else_translation	needs_manual_review	auto_triage	Heuristic lead only; inspect the source manually before promoting this as translation-bearing content.				true	Inspect the local source manually before treating this as an actual inscription translation.	Auto-generated review row; no candidate is promoted to verified translation coverage without human review.
jbrs-candidate-0021	jbrs-candidate-key:burmatofallofpagan_luce1939-b89e7b3d7dc1:bibliography_only:page-2:5ca9e6c463f8	burmatofallofpagan_luce1939-b89e7b3d7dc1	bibliography_only	needs_manual_review	auto_triage	Heuristic lead only; inspect the source manually before promoting this as translation-bearing content.					Inspect the local source manually before treating this as an actual inscription translation.	Auto-generated review row; no candidate is promoted to verified translation coverage without human review.
jbrs-candidate-0022	jbrs-candidate-key:centuryofprogress_luce1948-f1e3355883ba:text_and_translation_section:page-12:d64da512d4ed	centuryofprogress_luce1948-f1e3355883ba	text_and_translation_section	needs_manual_review	auto_triage	Heuristic lead only; inspect the source manually before promoting this as translation-bearing content.					Inspect the local source manually before treating this as an actual inscription translation.	Auto-generated review row; no candidate is promoted to verified translation coverage without human review.
jbrs-candidate-0023	jbrs-candidate-key:luce_1924_countries_neighbouring_burma_j-056f581dfe61:citation_to_someone_else_translation:page-4:715b0f6a2cb5	luce_1924_countries_neighbouring_burma_j-056f581dfe61	citation_to_someone_else_translation	needs_manual_review	auto_triage	Heuristic lead only; inspect the source manually before promoting this as translation-bearing content.				true	Inspect the local source manually before treating this as an actual inscription translation.	Auto-generated review row; no candidate is promoted to verified translation coverage without human review.
jbrs-candidate-0024	jbrs-candidate-key:luce_1937_ancient_pyu-6a948eb3f6cc:translation_word_hit:page-2:2f1a23243b22	luce_1937_ancient_pyu-6a948eb3f6cc	translation_word_hit	needs_manual_review	auto_triage	Heuristic lead only; inspect the source manually before promoting this as translation-bearing content.					Inspect the local source manually before treating this as an actual inscription translation.	Auto-generated review row; no candidate is promoted to verified translation coverage without human review.
