record_id	title_original	references_original	other_sources_cited	IPPA_locator	parallel_OBI_or_List_or_PPA_reference	likely_source_relationship	review_decision	confidence	notes
obi-v01-n0001-tx-p0001	မြစေတီဘုရားကျောက်စာ၊ မြန်မာ (ရာဇကုမာရကျောက်စာ)	IPPA-209; List 52; IOB4-364/b; EB Vol.1, n°1 BED B 474-1; Pl. IV 364a+b; OBI 1, p. 1 and OBI1,p.4; UEM no. 3, p. 3; EB 1 (1), 1919, p. 1; List 51+52; TN, p. 97; Ray, Theravada Buddhism, p. 106; Anthology 5, p. 81; Blagden, JRAS 1909, p. 10; U Pe Maung Tin, The Myazedi Inscription, in Nava-rat Kui:-svay, Rangoon 1966, p. 23-33; U Tha Myat, The Pali Version of the Myazedi Inscription, Rangoon 1958; U Tin Lwin, Rajakumar's Inscription in Pali, in Takkasuil ... (repr. Yangon 1989); The Myazedi Inscription in Four Languages, ed. by the Cultural Institute, Rangoon 1960, Harvey, History of Myanmar, p. 43-44	List 52 | IOB4-364/b | EB Vol.1, n°1 BED B 474-1 | Pl. IV 364a+b | OBI 1, p. 1 and OBI1,p.4 | UEM no. 3, p. 3 | EB 1 (1), 1919, p. 1 | List 51+52	209	List 52 | Pl. IV 364a+b | OBI 1, p. 1 and OBI1,p.4 | UEM no. 3, p. 3 | List 51+52 | TN, p. 97	IPPA behaves like the PPA family but survives here without an explicit PPA companion citation.	alias_or_variant_of_PPA	medium	Raw IPPA strings are preserved, but the underlying source work is treated as the PPA family.
obi-v01-n0001-tx-p0002	မြစေတီဘုရား ကျောက်စာ ပါဠိ (ရာဇကုမာရကျောက်စာ)	IPPA-209, 211; List-52; IOB4-361/b; EB Vol.1, n°1	List-52 | IOB4-361/b | EB Vol.1, n°1	209, 211	List-52	IPPA behaves like the PPA family but survives here without an explicit PPA companion citation.	alias_or_variant_of_PPA	medium	Raw IPPA strings are preserved, but the underlying source work is treated as the PPA family.
obi-v01-n0002-tx-p0004	မြစေတီကျောက်စာ မြန်မာ။ (ရာဇကုမာရကျောက်စာ)	IPPA-203; List-51; IOB4-364/a; EB Vol.1 n°1 BED B 474-1; Pl. IV 364a+b; OBI 1, p. 4 and OBI1,p.1; UEM no. 3, p. 3; EB 1 (1), 1919, p. 1; List 51+52; TN, p. 97; Ray, Theravada Buddhism, p. 106; Anthology 5, p. 81; Blagden, JRAS 1909, p. 10; U Pe Maung Tin, The Myazedi Inscription, in Nava-rat Kui:-svay, Rangoon 1966, p. 23-33; U Tha Myat, The Pali Version of the Myazedi Inscription, Rangoon 1958; U Tin Lwin, Rajakumar's Inscription in Pali, in Takkasuil ... (repr. Yangon 1989); The Myazedi Inscription in Four Languages, ed. by the Cultural Institute, Rangoon 1960, Harvey, History of Myanmar, p. 43-44	List-51 | IOB4-364/a | EB Vol.1 n°1 BED B 474-1 | Pl. IV 364a+b | OBI 1, p. 4 and OBI1,p.1 | UEM no. 3, p. 3 | EB 1 (1), 1919, p. 1 | List 51+52	203	List-51 | Pl. IV 364a+b | OBI 1, p. 4 and OBI1,p.1 | UEM no. 3, p. 3 | List 51+52 | TN, p. 97	IPPA behaves like the PPA family but survives here without an explicit PPA companion citation.	alias_or_variant_of_PPA	medium	Raw IPPA strings are preserved, but the underlying source work is treated as the PPA family.
obi-v01-n0002-tx-p0006	မြစေတီကျောက်စာ ပါဠိ။ (ရာဇကုမာရကျောက်စာ)	IPPA-207; List-51; IOB4-361/a; EB Vol.1, n°1	List-51 | IOB4-361/a | EB Vol.1, n°1	207	List-51	IPPA behaves like the PPA family but survives here without an explicit PPA companion citation.	alias_or_variant_of_PPA	medium	Raw IPPA strings are preserved, but the underlying source work is treated as the PPA family.
obi-v01-n0004-ob-p0011	ရွှေဂူကြီးဘုရားကျောက်စာ	IPPA-159; List-66/a; IOB1-1 BED B 493-1; Pl. I 1+2; OBI 1, p. 11; List 66 a+b; PPA, p. 159; TN, p. 73; Luce/U Pe Maung Tin, JBRS 10 (2), 1920, p. 67-74 (and corrected date in JBRS 22 (3), 1932, p. 151), Luce/U Pe Maung Tin, BBHC 1 (1), 1960, p. 1-28; Ray, Theravada Buddhism, p. 108; OR 3475, no. 18	List-66/a | IOB1-1 BED B 493-1 | Pl. I 1+2 | OBI 1, p. 11 | List 66 a+b | PPA, p. 159 | TN, p. 73 | Luce/U Pe Maung Tin, JBRS 10 (2), 1920, p. 67-74 (and corrected date in JBRS 22 (3), 1932, p. 151), Luce/U Pe Maung Tin, BBHC 1 (1), 1960, p. 1-28	159	List-66/a | Pl. I 1+2 | OBI 1, p. 11 | List 66 a+b | PPA, p. 159 | TN, p. 73	IPPA is paired with explicit PPA on the same record.	alias_or_variant_of_PPA	high	Raw IPPA strings are preserved, but the underlying source work is treated as the PPA family.
obi-v01-n0004-re-p0015	ရွှေဂူကြီးဘုရားကျောက်စာ	IPPA-162; List-66/b; IOB1-2	List-66/b | IOB1-2	162	List-66/b	IPPA is paired with explicit PPA on a companion face/page in the same inscription cluster.	alias_or_variant_of_PPA	medium	Raw IPPA strings are preserved, but the underlying source work is treated as the PPA family.
obi-v01-n0007-ob-p0022	ငနွယ်သင်ကျောက်စာ	IPPA-192; List-1251; IOB1-59 BED B 561-1 & B 509-2; Pl. I 59; OBI 1, p. 22; List 1251; PPA, p. 192; TN, p. 92	List-1251 | IOB1-59 BED B 561-1 & B 509-2 | Pl. I 59 | OBI 1, p. 22 | List 1251 | PPA, p. 192 | TN, p. 92	192	List-1251 | Pl. I 59 | OBI 1, p. 22 | List 1251 | PPA, p. 192 | TN, p. 92	IPPA is paired with explicit PPA on the same record.	alias_or_variant_of_PPA	high	Raw IPPA strings are preserved, but the underlying source work is treated as the PPA family.
obi-v01-n0012-ob-p0029	အထောလတ်ကျောက်စာ	IPPA-141; List-81/a; IOB1-4 BED B 527-1; Pl. I 4-5; OBI 1, p. 29; SIP no. 8, p. 13; UEM no. 5, p. 9; List 81a+b; PPA, p. 141-2; TN, p. 66; Luce/ U Pe Maung Tin, BBHC 1 (2); 1960, p. 241	List-81/a | IOB1-4 BED B 527-1 | Pl. I 4-5 | OBI 1, p. 29 | SIP no. 8, p. 13 | UEM no. 5, p. 9 | List 81a+b | PPA, p. 141-2	141	List-81/a | Pl. I 4-5 | OBI 1, p. 29 | UEM no. 5, p. 9 | List 81a+b | PPA, p. 141-2	IPPA is paired with explicit PPA on the same record.	alias_or_variant_of_PPA	high	Raw IPPA strings are preserved, but the underlying source work is treated as the PPA family.
obi-v01-n0012-re-p0030	အထောလတ်ကျောက်စာ	IPPA-143; List-81/b; IOB1-5; IOB1-47	List-81/b | IOB1-5 | IOB1-47	143	List-81/b	IPPA is paired with explicit PPA on a companion face/page in the same inscription cluster.	alias_or_variant_of_PPA	medium	Raw IPPA strings are preserved, but the underlying source work is treated as the PPA family.
obi-v01-n0021-ob-p0042	တိုင်းချွတ်ဘုရားကျောက်စာ	IPPA 139; List 105; IOB1-6 BED B 541-1; Pl. I 6; OBI 1, p. 42; UEM no. 6 p. 11; List 105; PPA, p. 139; TN, p. 65; Luce/U Pe Maung Tin, BBHC 3, 1963, p. 62; Harvey, History, p. 331; Anthology 5, p. 82; U Min Hswe, no. 21	List 105 | IOB1-6 BED B 541-1 | Pl. I 6 | OBI 1, p. 42 | UEM no. 6 p. 11 | List 105 | PPA, p. 139 | TN, p. 65	139	List 105 | Pl. I 6 | OBI 1, p. 42 | UEM no. 6 p. 11 | List 105 | PPA, p. 139	IPPA is paired with explicit PPA on the same record.	alias_or_variant_of_PPA	high	Raw IPPA strings are preserved, but the underlying source work is treated as the PPA family.
obi-v01-n0027-ob-p0048	ပုဂံပြတိုက် ကျောက်တိုင်အမှတ် ၁၂	IPPA-165; List-120; IOB1-3 BED B 550-1; Pl. I 13; OBI 1, p. 48; UEM no. 7, p. 12; List 120; PPA, p. 165; TN, p. 79; Luce/U Pe Maung Tin, BBHC 3, 1963, p. 96	List-120 | IOB1-3 BED B 550-1 | Pl. I 13 | OBI 1, p. 48 | UEM no. 7, p. 12 | List 120 | PPA, p. 165 | TN, p. 79	165	List-120 | Pl. I 13 | OBI 1, p. 48 | UEM no. 7, p. 12 | List 120 | PPA, p. 165	IPPA is paired with explicit PPA on the same record.	alias_or_variant_of_PPA	high	Raw IPPA strings are preserved, but the underlying source work is treated as the PPA family.
obi-v01-n0029-ob-p0050	အမတ်ကြီး သိင်္ဃသူကျောက်စာ	IPPA-151; List-123/a; IOB1-10/a BED B 552-1; Pl. I 10a+b; OBI 1, p. 50; SIP no. 11, p. 19; UEM no. 8, p. 13; List 123a +b; PPA, p. 151; TN, p. 70; Duroiselle, JBRS 6.2, 1916, p. 88; Luce/U Pe Maung Tin, BBHC 3, 1963, p. 80; Anthology 5, p. 84; U Min Hswe, no. 20	List-123/a | IOB1-10/a BED B 552-1 | Pl. I 10a+b | OBI 1, p. 50 | SIP no. 11, p. 19 | UEM no. 8, p. 13 | List 123a +b | PPA, p. 151	151	List-123/a | Pl. I 10a+b | OBI 1, p. 50 | UEM no. 8, p. 13 | List 123a +b | PPA, p. 151	IPPA is paired with explicit PPA on the same record.	alias_or_variant_of_PPA	high	Raw IPPA strings are preserved, but the underlying source work is treated as the PPA family.
obi-v01-n0029-re-p0051	အမတ်ကြီး သိင်္ဃသူရ် ကျောက်စာ	IPPA-153, 154; List-123/b; IOB1-10/b	List-123/b | IOB1-10/b	153, 154	List-123/b	IPPA is paired with explicit PPA on a companion face/page in the same inscription cluster.	alias_or_variant_of_PPA	medium	Raw IPPA strings are preserved, but the underlying source work is treated as the PPA family.
obi-v01-n0034-re-p0056	သခင် ငပွဲသောင်ကျောက်စာ	IPPA-166; List-144; IOB1-14 BED B 558-1; Pl. I 14; OBI 1, p. 56; List 144; PPA, p. 166; TN, p. 80; Luce/U Pe Maung Tin, BBHC 3, 1963, p. 96	List-144 | IOB1-14 BED B 558-1 | Pl. I 14 | OBI 1, p. 56 | List 144 | PPA, p. 166 | TN, p. 80 | Luce/U Pe Maung Tin, BBHC 3, 1963, p. 96	166	List-144 | Pl. I 14 | OBI 1, p. 56 | List 144 | PPA, p. 166 | TN, p. 80	IPPA is paired with explicit PPA on the same record.	alias_or_variant_of_PPA	high	Raw IPPA strings are preserved, but the underlying source work is treated as the PPA family.
obi-v01-n0038-ob-p0060	သူဌေးမုခ်ဂူဘုရားကျောက်စာ	IPPA-18; List-145/a; IOB1-15	List-145/a | IOB1-15	18	List-145/a	IPPA behaves like the PPA family but survives here without an explicit PPA companion citation.	alias_or_variant_of_PPA	medium	Raw IPPA strings are preserved, but the underlying source work is treated as the PPA family.
obi-v01-n0038-re-p0061	သူဌေးမုခ်ဂူဘုရားကျောက်စာ	IPPA-20; List 145/b; IOB1-16	List 145/b | IOB1-16	20	List 145/b	IPPA behaves like the PPA family but survives here without an explicit PPA companion citation.	alias_or_variant_of_PPA	medium	Raw IPPA strings are preserved, but the underlying source work is treated as the PPA family.
obi-v01-n0047-ob-p0075	စိုးမင်းပျံချီသမီးကျောက်စာ	IPPA-167; List-165-27 BED B 566-2; Pl. I 27; OBI 1, p. 75; List 165; PPA, p. 167; TN, p. 80	List-165-27 BED B 566-2 | Pl. I 27 | OBI 1, p. 75 | List 165 | PPA, p. 167 | TN, p. 80	167	List-165-27 BED B 566-2 | Pl. I 27 | OBI 1, p. 75 | List 165 | PPA, p. 167 | TN, p. 80	IPPA is paired with explicit PPA on the same record.	alias_or_variant_of_PPA	high	Raw IPPA strings are preserved, but the underlying source work is treated as the PPA family.
obi-v01-n0052-ob-p0083	နားတောင်းများမင်းကြီးကျောက်စာ	IPPA-109, 111; List-273/a; IOB1-31 BED B 593-1; Pl. I 31; OBI 1, p. 83; SIP no. 15, p. 26; UEM no. 15, p. 29; List 273(a); PPA, p. 109; TN, p. 56; copies: List 212; B 2, p. 846; MM 3, no. 37-38, p. 155-160; another copy MM 3, no. 25, p. 107; and MM 4, no. 47, p. 214 (said to come from Sagaing); Ray, Theravada Buddhism, p. 164, Frasch, ‘King Nadaungmya's Great Gift’, p. xx; U Min Hswe, no. 24	List-273/a | IOB1-31 BED B 593-1 | Pl. I 31 | OBI 1, p. 83 | SIP no. 15, p. 26 | UEM no. 15, p. 29 | List 273(a) | PPA, p. 109	109, 111	List-273/a | Pl. I 31 | OBI 1, p. 83 | UEM no. 15, p. 29 | List 273(a) | PPA, p. 109	IPPA is paired with explicit PPA on the same record.	alias_or_variant_of_PPA	high	Raw IPPA strings are preserved, but the underlying source work is treated as the PPA family.
obi-v01-n0054-ob-p0086	ငါစန်သင်ကျောက်စာ	IPPA-168; List-172; IOB1-32 BED B 570-1; Pl. I 32-33; OBI 1, p. 86; List 172; PPA, p. 168; TN, p. 80	List-172 | IOB1-32 BED B 570-1 | Pl. I 32-33 | OBI 1, p. 86 | List 172 | PPA, p. 168 | TN, p. 80	168	List-172 | Pl. I 32-33 | OBI 1, p. 86 | List 172 | PPA, p. 168 | TN, p. 80	IPPA is paired with explicit PPA on the same record.	alias_or_variant_of_PPA	high	Raw IPPA strings are preserved, but the underlying source work is treated as the PPA family.
obi-v01-n0057-ob-p0091	ကြံသိုင်းမယား ကျောက်စာ	IPPA-57; List-102; IOB1-50 -b; IOB-1-51. BED B 572; Pl. I 50; OBI 1, p. 91; UEM no. 21, p. 41; List 122; PPA, p. 57; TN, p. 27; U Min Hswe, no. 4	List-102 | IOB1-50 -b | IOB-1-51. BED B 572 | Pl. I 50 | OBI 1, p. 91 | UEM no. 21, p. 41 | List 122 | PPA, p. 57	57	List-102 | Pl. I 50 | OBI 1, p. 91 | UEM no. 21, p. 41 | List 122 | PPA, p. 57	IPPA is paired with explicit PPA on the same record.	alias_or_variant_of_PPA	high	Raw IPPA strings are preserved, but the underlying source work is treated as the PPA family.
obi-v01-n0063-ob-p0099	သင်ကြီး ဓမ္မပါလ်ကျောက်စာ	IPPA-169; List-175; IOB1-37 BED 574-2; Pl. I 37-38a; OBI 1, p. 99; UEM no. 18, p. 36; List 175; PPA, p. 169; TN, p. 81	List-175 | IOB1-37 BED 574-2 | Pl. I 37-38a | OBI 1, p. 99 | UEM no. 18, p. 36 | List 175 | PPA, p. 169 | TN, p. 81	169	List-175 | Pl. I 37-38a | OBI 1, p. 99 | UEM no. 18, p. 36 | List 175 | PPA, p. 169	IPPA is paired with explicit PPA on the same record.	alias_or_variant_of_PPA	high	Raw IPPA strings are preserved, but the underlying source work is treated as the PPA family.
obi-v01-n0065-ob-p0102	သင်လျင် အိုကပ်သင်ချင် ကျောက်စာ	IPPA-170; List-176; IOB1-39 BED B 575-1; Pl. I 39-40; OBI 1, p. 102; UEM no. 19, p. 38; List 176; PPA, p. 170; TN, p. 81; copy MM 3, no. 30, p. 131; U Min Hswe, no. 70	List-176 | IOB1-39 BED B 575-1 | Pl. I 39-40 | OBI 1, p. 102 | UEM no. 19, p. 38 | List 176 | PPA, p. 170 | TN, p. 81	170	List-176 | Pl. I 39-40 | OBI 1, p. 102 | UEM no. 19, p. 38 | List 176 | PPA, p. 170	IPPA is paired with explicit PPA on the same record.	alias_or_variant_of_PPA	high	Raw IPPA strings are preserved, but the underlying source work is treated as the PPA family.
obi-v01-n0070-ob-p0111	နားတောင်းသိခင်ကျောက်စာ	IPPA-149; List-179; IOB1-41 BED B 578-1; Pl. I 41; OBI 1, p. 111; UEM no. 20, p. 179; List 179; PPA, p. 149; TN, p. 69; List 78; B 2, p. 788; MM 3, no. 31, p. 133; OR 3475, no. 5	List-179 | IOB1-41 BED B 578-1 | Pl. I 41 | OBI 1, p. 111 | UEM no. 20, p. 179 | List 179 | PPA, p. 149 | TN, p. 69	149	List-179 | Pl. I 41 | OBI 1, p. 111 | UEM no. 20, p. 179 | List 179 | PPA, p. 149	IPPA is paired with explicit PPA on the same record.	alias_or_variant_of_PPA	high	Raw IPPA strings are preserved, but the underlying source work is treated as the PPA family.
obi-v01-n0084-ob-p0129	နားတောင်းများမင်းကြီး ကျောက်စာ	IPPA-212-213,; List-185,; IOB1-63/a-b BED A; Pl. I 63; OBI 1, p. 129; UEM no. 26, p. 49; List 185; PPA, p. 212; TN, p. 98	List-185, | IOB1-63/a-b BED A | Pl. I 63 | OBI 1, p. 129 | UEM no. 26, p. 49 | List 185 | PPA, p. 212 | TN, p. 98	212-213	List-185, | Pl. I 63 | OBI 1, p. 129 | UEM no. 26, p. 49 | List 185 | PPA, p. 212	IPPA is paired with explicit PPA on the same record.	alias_or_variant_of_PPA	high	Raw IPPA strings are preserved, but the underlying source work is treated as the PPA family.
obi-v01-n0086-tx-p0133	ခင်မိပယ်ပိုသီ ကျောက်စာ	IPPA-150; List-183; IOB-47 BED B 582-2; Pl. I 47; OBI 1, p. 133; List 183; PPA, p. 150; OR 3475, no. 6 (with date CS 581/1219)	List-183 | IOB-47 BED B 582-2 | Pl. I 47 | OBI 1, p. 133 | List 183 | PPA, p. 150 | OR 3475, no. 6 (with date CS 581/1219)	150	List-183 | Pl. I 47 | OBI 1, p. 133 | List 183 | PPA, p. 150	IPPA is paired with explicit PPA on the same record.	alias_or_variant_of_PPA	high	Raw IPPA strings are preserved, but the underlying source work is treated as the PPA family.
obi-v01-n0095-re-p0142	ကြံသိုင်းကြီးသမီးကျောက်စာ	IPPA-58; List-191; IOB1-51 BED B 585-3; Pl. I 51; OBI 1, p. 142; UEM no. 21, p. 43; List 191; PPA, p. 98; TN, p. 28; U Min Hswe, no. 3	List-191 | IOB1-51 BED B 585-3 | Pl. I 51 | OBI 1, p. 142 | UEM no. 21, p. 43 | List 191 | PPA, p. 98 | TN, p. 28	58	List-191 | Pl. I 51 | OBI 1, p. 142 | UEM no. 21, p. 43 | List 191 | PPA, p. 98	IPPA is paired with explicit PPA on the same record.	alias_or_variant_of_PPA	high	Raw IPPA strings are preserved, but the underlying source work is treated as the PPA family.
obi-v01-n0097-tx-p0151	မဟာသေနာပတိ အနန္တသူရ မောင်နှံကျောက်စာ	IPPA-224-226; List 190; IOB1-73 BED B 585-4; Ref.: Pl. I 73; OBI 1, p. 151; SIP no. 19, p. 35; UEM no. 31, p. 58; List 190; PPA, p. 224; TN, p. 103; U Than Tun, Religious Buildings, JBRS 1959, p. 74-5; Luce, Myanmar's Debt, JBRS 1932, p. 125; Strachan, Pagan, p. 127-8; U Than Tun, Buddhism, JBRS 1978, p. 130-3; Anthology 5, p. 85; Lubeigt, Pagan, p. 339; Hla Thamein, Bagan-hket, p. 113	List 190 | IOB1-73 BED B 585-4 | Ref.: Pl. I 73 | OBI 1, p. 151 | SIP no. 19, p. 35 | UEM no. 31, p. 58 | List 190 | PPA, p. 224	224-226	List 190 | OBI 1, p. 151 | UEM no. 31, p. 58 | List 190 | PPA, p. 224 | TN, p. 103	IPPA is paired with explicit PPA on the same record.	alias_or_variant_of_PPA	high	Raw IPPA strings are preserved, but the underlying source work is treated as the PPA family.
obi-v01-n0097-tx-p0156	မဟာသေနာပတိ အန္တသူရမောင်နှံ ကျောက်စာ	IPPA-217, 218; List-121; IOB1-74 BED B 585-5; Pl. I 74; OBI 1, p. 156; UEM no. 31, p. 65; List 121; PPA, p. 217; TN, p. 100	List-121 | IOB1-74 BED B 585-5 | Pl. I 74 | OBI 1, p. 156 | UEM no. 31, p. 65 | List 121 | PPA, p. 217 | TN, p. 100	217, 218	List-121 | Pl. I 74 | OBI 1, p. 156 | UEM no. 31, p. 65 | List 121 | PPA, p. 217	IPPA is paired with explicit PPA on the same record.	alias_or_variant_of_PPA	high	Raw IPPA strings are preserved, but the underlying source work is treated as the PPA family.
obi-v01-n0097-tx-p0161	မဟာသေနာပတိ အနန္တသူရမောင်နှံကျောက်စာ	IPPA-227, 228; List-193; IOB1-75/b BED B 586-1; Pl. I 75a; OBI 1, p. 161; UEM no. 31, p. 72; List 193; PPA, p. 227	List-193 | IOB1-75/b BED B 586-1 | Pl. I 75a | OBI 1, p. 161 | UEM no. 31, p. 72 | List 193 | PPA, p. 227	227, 228	List-193 | Pl. I 75a | OBI 1, p. 161 | UEM no. 31, p. 72 | List 193 | PPA, p. 227	IPPA is paired with explicit PPA on the same record.	alias_or_variant_of_PPA	high	Raw IPPA strings are preserved, but the underlying source work is treated as the PPA family.
obi-v01-n0108-tx-p0176	မဟာသေနာပတိ အနန္တသူရမောင်နှံကျောက်စာ	IPPA-219-220; List-196; IOB1-75/a BED B 587-3; Pl. I 75a; OBI 1, p. 176; UEM no. 33, p. 69; List 196; PPA, p. 219; TN, p. 101	List-196 | IOB1-75/a BED B 587-3 | Pl. I 75a | OBI 1, p. 176 | UEM no. 33, p. 69 | List 196 | PPA, p. 219 | TN, p. 101	219-220	List-196 | Pl. I 75a | OBI 1, p. 176 | UEM no. 33, p. 69 | List 196 | PPA, p. 219	IPPA is paired with explicit PPA on the same record.	alias_or_variant_of_PPA	high	Raw IPPA strings are preserved, but the underlying source work is treated as the PPA family.
obi-v01-n0128-ob-p0208	ကြံသိုင်းကြီးသမီး သမန္တသူမယား ကျောက်စာ	IPPA-234; List-204; IOB183 BED B 591-5; Pl. I 83; OBI 1, p. 208; UEM no. 25, p. 48; List 204; PPA, p. 234; List 486; B 2 p. 747; TN, p. 107	List-204 | IOB183 BED B 591-5 | Pl. I 83 | OBI 1, p. 208 | UEM no. 25, p. 48 | List 204 | PPA, p. 234 | List 486	234	List-204 | Pl. I 83 | OBI 1, p. 208 | UEM no. 25, p. 48 | List 204 | PPA, p. 234	IPPA is paired with explicit PPA on the same record.	alias_or_variant_of_PPA	high	Raw IPPA strings are preserved, but the underlying source work is treated as the PPA family.
obi-v01-n0130-ob-p0211	သိခင် ငစွယ်သင် ကျောက်စာ	IPPA-172-173; List-205; IOB1-62 BED B 591-7; Pl. I 62; OBI 1, p. 211; List 205; PPA, p. 172; TN, p. 82; U Min Hswe, no. 57	List-205 | IOB1-62 BED B 591-7 | Pl. I 62 | OBI 1, p. 211 | List 205 | PPA, p. 172 | TN, p. 82 | U Min Hswe, no. 57	172-173	List-205 | Pl. I 62 | OBI 1, p. 211 | List 205 | PPA, p. 172 | TN, p. 82	IPPA is paired with explicit PPA on the same record.	alias_or_variant_of_PPA	high	Raw IPPA strings are preserved, but the underlying source work is treated as the PPA family.
obi-v01-n0134-ob-p0215	မဟာဒါနပတိအမတ်ကျောက်စာ	IPPA-215; List-209; IOB1-65/a BED B 592-4; Pl. I 65a+b; OBI 1, p. 215; List 209; PPA, p. 216; TN, p. 99	List-209 | IOB1-65/a BED B 592-4 | Pl. I 65a+b | OBI 1, p. 215 | List 209 | PPA, p. 216 | TN, p. 99	215	List-209 | Pl. I 65a+b | OBI 1, p. 215 | List 209 | PPA, p. 216 | TN, p. 99	IPPA is paired with explicit PPA on the same record.	alias_or_variant_of_PPA	high	Raw IPPA strings are preserved, but the underlying source work is treated as the PPA family.
obi-v01-n0134-re-p0216	မဟာဒါနပတိအမတ်ကျောက်စာ	IPPA; List-210; IOB1-65/b	List-210 | IOB1-65/b	IPPA	List-210	IPPA is paired with explicit PPA on a companion face/page in the same inscription cluster.	alias_or_variant_of_PPA	medium	Raw IPPA strings are preserved, but the underlying source work is treated as the PPA family.
obi-v01-n0142-tx-p0229	လေးမျက်နှာဘုရားကျောက်စာရုံ အမှတ် ၃ ကျောက်စာ	IPPA-221; List-186; IOB1-76	List-186 | IOB1-76	221	List-186	IPPA is paired with explicit PPA on a companion face/page in the same inscription cluster.	alias_or_variant_of_PPA	medium	Raw IPPA strings are preserved, but the underlying source work is treated as the PPA family.
obi-v01-n0142-tx-p0233	လေးမျက်နှာဘုရားကျောက်စာရုံအမှတ် ၃ ကျောက်စာ	IPPA-231, 232; List-199; IOB1 78/a	List-199 | IOB1 78/a	231, 232	List-199	IPPA is paired with explicit PPA on a companion face/page in the same inscription cluster.	alias_or_variant_of_PPA	medium	Raw IPPA strings are preserved, but the underlying source work is treated as the PPA family.
obi-v01-n0142-tx-p0235	လေးမျက်နှာဘုရားကျောက်စာရုံအမှတ် ၃ ကျောက်စာ	IPPA-229, 230; List-197; IOB1-77	List-197 | IOB1-77	229, 230	List-197	IPPA is paired with explicit PPA on a companion face/page in the same inscription cluster.	alias_or_variant_of_PPA	medium	Raw IPPA strings are preserved, but the underlying source work is treated as the PPA family.
obi-v01-n0143-ob-p0240	ရာဇ မဟာမင်္ဂလပတိယ် ကျောက်စာ	IPPA-235; List-222; IOB1-68 BED B 595-1; Pl. I 68; OBI 1, p. 240; UEM no. 29, p. 54; List 222; PPA, p. 235; TN, p. 107	List-222 | IOB1-68 BED B 595-1 | Pl. I 68 | OBI 1, p. 240 | UEM no. 29, p. 54 | List 222 | PPA, p. 235 | TN, p. 107	235	List-222 | Pl. I 68 | OBI 1, p. 240 | UEM no. 29, p. 54 | List 222 | PPA, p. 235	IPPA is paired with explicit PPA on the same record.	alias_or_variant_of_PPA	high	Raw IPPA strings are preserved, but the underlying source work is treated as the PPA family.
obi-v01-n0146-tx-p0246	လေးမျက်နှာဘုရားကျောက်စာရုံ ကျောက်တိုင်အမှတ် ၇ ကျောက်စာ	IPPA-237, 238; List-223; IOB1-79/b BED B 595-4; Pl. I 79a; OBI 1, p. 245; UEM no. 31, p. 86; Pl. I 79b; OBI 1, p. 246; UEM no. 31, p. 88; List 233; PPA, p. 237; TN, p. 108	List-223 | IOB1-79/b BED B 595-4 | Pl. I 79a | OBI 1, p. 245 | UEM no. 31, p. 86 | Pl. I 79b | OBI 1, p. 246 | UEM no. 31, p. 88	237, 238	List-223 | Pl. I 79a | OBI 1, p. 245 | UEM no. 31, p. 86 | Pl. I 79b | OBI 1, p. 246	IPPA is paired with explicit PPA on the same record.	alias_or_variant_of_PPA	high	Raw IPPA strings are preserved, but the underlying source work is treated as the PPA family.
obi-v01-n0148-ob-p0249	သူဌေးမုခ်ဂူဘုရားကျောက်စာ	IPPA-17; List-224; IOB1-71 BED B 595-6; Pl. I 71-72; OBI 1, p. 249; List 224; PPA, p. 17; TN, p. 6	List-224 | IOB1-71 BED B 595-6 | Pl. I 71-72 | OBI 1, p. 249 | List 224 | PPA, p. 17 | TN, p. 6	17	List-224 | Pl. I 71-72 | OBI 1, p. 249 | List 224 | PPA, p. 17 | TN, p. 6	IPPA is paired with explicit PPA on the same record.	alias_or_variant_of_PPA	high	Raw IPPA strings are preserved, but the underlying source work is treated as the PPA family.
obi-v01-n0148-re-p0250	သူဌေးမုခ်ဂူဘုရားကျောက်စာ	IPPA-21; List-145/c; IOB1-72	List-145/c | IOB1-72	21	List-145/c	IPPA is paired with explicit PPA on a companion face/page in the same inscription cluster.	alias_or_variant_of_PPA	medium	Raw IPPA strings are preserved, but the underlying source work is treated as the PPA family.
obi-v01-n0161-ob-p0270	ငမျင်ခင် ည္အ်စ်ကိုကျောက်စာ	IPPA 176; List 215; IOB1--8 BED B 597-9; Pl. I 88; OBI 1, p. 270; List 215; PPA, p. 176; TN, p. 84; OR 3434 (gā: verso); U Min Hswe, no. 17	List 215 | IOB1--8 BED B 597-9 | Pl. I 88 | OBI 1, p. 270 | List 215 | PPA, p. 176 | TN, p. 84 | OR 3434 (gā: verso)	176	List 215 | Pl. I 88 | OBI 1, p. 270 | List 215 | PPA, p. 176 | TN, p. 84	IPPA is paired with explicit PPA on the same record.	alias_or_variant_of_PPA	high	Raw IPPA strings are preserved, but the underlying source work is treated as the PPA family.
obi-v01-n0169-ob-p0287	မင်းရာဇသူသမီး စေယျသူဌေးမယား ကျောက်စာ	IPPA 59, 60; List-211; IOB1-93 BED B 598-5; Pl. I 93; OBI 1, p. 287; List 211; PPA, p. 59; TN, p. 28	List-211 | IOB1-93 BED B 598-5 | Pl. I 93 | OBI 1, p. 287 | List 211 | PPA, p. 59 | TN, p. 28	59, 60	List-211 | Pl. I 93 | OBI 1, p. 287 | List 211 | PPA, p. 59 | TN, p. 28	IPPA is paired with explicit PPA on the same record.	alias_or_variant_of_PPA	high	Raw IPPA strings are preserved, but the underlying source work is treated as the PPA family.
obi-v01-n0172-ob-p0291	ရာဇသူရ သမီးမောင်နှံ ကျောက်စာ	IPPA-99-100; List-237; IOB1-94/a BED B 598-4; Pl. I 94a+b; OBI 1, p. 291; List 237; PPA, p. 99; TN, p. 52	List-237 | IOB1-94/a BED B 598-4 | Pl. I 94a+b | OBI 1, p. 291 | List 237 | PPA, p. 99 | TN, p. 52	99-100	List-237 | Pl. I 94a+b | OBI 1, p. 291 | List 237 | PPA, p. 99 | TN, p. 52	IPPA is paired with explicit PPA on the same record.	alias_or_variant_of_PPA	high	Raw IPPA strings are preserved, but the underlying source work is treated as the PPA family.
obi-v01-n0178-tx-p0305	ငါဆုသင် မောင်နှံ ကျောက်စာ	IPPA-179; List-241; IOB1-101 BED B 599-3; Pl. I 101; OBI 1, p. 305; List 241; PPA, p. 179; TN, p. 85; U Min Hswe, no. 6	List-241 | IOB1-101 BED B 599-3 | Pl. I 101 | OBI 1, p. 305 | List 241 | PPA, p. 179 | TN, p. 85 | U Min Hswe, no. 6	179	List-241 | Pl. I 101 | OBI 1, p. 305 | List 241 | PPA, p. 179 | TN, p. 85	IPPA is paired with explicit PPA on the same record.	alias_or_variant_of_PPA	high	Raw IPPA strings are preserved, but the underlying source work is treated as the PPA family.
obi-v01-n0179-tx-p0306	အမတ် ညာဏပိစည်း ကျောက်စာ	IPPA 181, 182; List 242; IOB1-105/a BED B 599-4; Pl. I 105a; OBI 1, p. 306; SIP no. 25, p. 52; UEM no. 36, p. 99; List 242; PPA, p. 181; MM 3, no. 44, p. 189; TN, p. 86; U Than Tun, JBRS 1978, p. 140; U Min Hswe, no. 76	List 242 | IOB1-105/a BED B 599-4 | Pl. I 105a | OBI 1, p. 306 | SIP no. 25, p. 52 | UEM no. 36, p. 99 | List 242 | PPA, p. 181	181, 182	List 242 | Pl. I 105a | OBI 1, p. 306 | UEM no. 36, p. 99 | List 242 | PPA, p. 181	IPPA is paired with explicit PPA on the same record.	alias_or_variant_of_PPA	high	Raw IPPA strings are preserved, but the underlying source work is treated as the PPA family.
obi-v01-n0181-ob-p0311	တကာကြီးမိနှင့် တကာကြီးကျောက်စာ	IPPA 61, 62; List-206; IOB1-103 BED B 600-8; Pl. I 103-104; OBI 1, p. 311; List 206/List 220; PPA, p. 61; TN, p. 29	List-206 | IOB1-103 BED B 600-8 | Pl. I 103-104 | OBI 1, p. 311 | List 206/List 220 | PPA, p. 61 | TN, p. 29	61, 62	List-206 | Pl. I 103-104 | OBI 1, p. 311 | List 206/List 220 | PPA, p. 61 | TN, p. 29	IPPA is paired with explicit PPA on the same record.	alias_or_variant_of_PPA	high	Raw IPPA strings are preserved, but the underlying source work is treated as the PPA family.
obi-v01-n0181-re-p0313	တကာကြီးမိနှင့် တကာကြီးကျောက်စာ	IPPA 63; List-220; IOB1-104	List-220 | IOB1-104	63	List-220	IPPA is paired with explicit PPA on a companion face/page in the same inscription cluster.	alias_or_variant_of_PPA	medium	Raw IPPA strings are preserved, but the underlying source work is treated as the PPA family.
obi-v01-n0183-ob-p0315	ငါမင်သင် လင်မယား ကျောက်စာ	IPPA 159; List-1252; IOB2-129 BED B 600-9; Pl. II 129; OBI 1, p. 315; List 1252; PPA, p. 159; TN, p. 93	List-1252 | IOB2-129 BED B 600-9 | Pl. II 129 | OBI 1, p. 315 | List 1252 | PPA, p. 159 | TN, p. 93	159	List-1252 | Pl. II 129 | OBI 1, p. 315 | List 1252 | PPA, p. 159 | TN, p. 93	IPPA is paired with explicit PPA on the same record.	alias_or_variant_of_PPA	high	Raw IPPA strings are preserved, but the underlying source work is treated as the PPA family.
obi-v01-n0186-ob-p0319	မြင်းကပါ ပိဇယ်တို့ကျောက်စာ	IPPA-183; List-247; IOB2-131/b BED B 600-5; Pl. II 131b; OBI 1, p. 319; List 247; PPA, p. 183; TN, p. 87; U Min Hswe, no. 44	List-247 | IOB2-131/b BED B 600-5 | Pl. II 131b | OBI 1, p. 319 | List 247 | PPA, p. 183 | TN, p. 87 | U Min Hswe, no. 44	183	List-247 | Pl. II 131b | OBI 1, p. 319 | List 247 | PPA, p. 183 | TN, p. 87	IPPA is paired with explicit PPA on the same record.	alias_or_variant_of_PPA	high	Raw IPPA strings are preserved, but the underlying source work is treated as the PPA family.
obi-v01-n0187-ob-p0320	သံဗျင်သက်ရှည်ကျောက်စာ	IPPA-239; List 246; IOB2-132/a BED B 600-6; Pl. II 132a; OBI 1, p. 320; UEM no. 40, p. 112; List 246; PPA p. 239; TN, p. 109	List 246 | IOB2-132/a BED B 600-6 | Pl. II 132a | OBI 1, p. 320 | UEM no. 40, p. 112 | List 246 | PPA p. 239 | TN, p. 109	239	List 246 | Pl. II 132a | OBI 1, p. 320 | UEM no. 40, p. 112 | List 246 | PPA p. 239	IPPA is paired with explicit PPA on the same record.	alias_or_variant_of_PPA	high	Raw IPPA strings are preserved, but the underlying source work is treated as the PPA family.
obi-v01-n0205-ob-p0347	စူဠာမဏိဘုရားကျောက်စာ	List 113; IPPA-145-146 BED B 545-3; List 113; OBI 1, p. 347; PPA, p. 145; TN p. 67; List 109-110; B 2, p. 781-783; MM 2, nos. 38-39; OR 6452 B (1), no. 31	List 113 | List 113 | OBI 1, p. 347 | PPA, p. 145 | TN p. 67 | List 109-110 | B 2, p. 781-783 | MM 2, nos. 38-39	145-146 BED B 545-3	List 113 | List 113 | OBI 1, p. 347 | PPA, p. 145 | TN p. 67 | List 109-110	IPPA is paired with explicit PPA on the same record.	alias_or_variant_of_PPA	high	Raw IPPA strings are preserved, but the underlying source work is treated as the PPA family.
obi-v02-n0004-ob-p0006	ရတနာသုံးပါးအား ကျွန်လယ်လှူသော ကျောက်စာ	IPPA 286-287; List-1255; IOB2-133 BED B 601-4; Pl. II 133; OBI 2, p. 6; List 1255; PPA, p. 286 (this ref. in List is incorrect !)	List-1255 | IOB2-133 BED B 601-4 | Pl. II 133 | OBI 2, p. 6 | List 1255 | PPA, p. 286 (this ref. in List is incorrect !)	286-287	List-1255 | Pl. II 133 | OBI 2, p. 6 | List 1255 | PPA, p. 286 (this ref. in List is incorrect !)	IPPA is paired with explicit PPA on the same record.	alias_or_variant_of_PPA	high	Raw IPPA strings are preserved, but the underlying source work is treated as the PPA family.
obi-v02-n0016-ob-p0024	ဖွားစောခေါ် အမိပုဟားစော ကျောက်စာ	IPPA-155-157; List-254,; IOB2-138 BED B 603-3; Pl. II 138; OBI 2, p. 24; SIP no. 26, p. 55; UEM no. 44, p. 117; List 254; PPA, p. 155; TN, p. 71; RDASB 1926, p. 26 and App. G; U Min Hswe, no. 43; OR 3475, no. 4; U Kyaw, “Bagan Minsa”, p. 195	List-254, | IOB2-138 BED B 603-3 | Pl. II 138 | OBI 2, p. 24 | SIP no. 26, p. 55 | UEM no. 44, p. 117 | List 254 | PPA, p. 155	155-157	List-254, | Pl. II 138 | OBI 2, p. 24 | UEM no. 44, p. 117 | List 254 | PPA, p. 155	IPPA is paired with explicit PPA on the same record.	alias_or_variant_of_PPA	high	Raw IPPA strings are preserved, but the underlying source work is treated as the PPA family.
obi-v02-n0018-ob-p0029	ဖွားစောခေါ် အမိပုရှာစော ကျောက်စာ	IPPA-12; List-368,; IOB2-139 BED B 603-5; Pl. II 139; OBI 2, p. 29; UEM no. 43, p. 116; List 368; PPA, p. 12; TN, p. 3; OR 6452 B (1), no. 1	List-368, | IOB2-139 BED B 603-5 | Pl. II 139 | OBI 2, p. 29 | UEM no. 43, p. 116 | List 368 | PPA, p. 12 | TN, p. 3	12	List-368, | Pl. II 139 | OBI 2, p. 29 | UEM no. 43, p. 116 | List 368 | PPA, p. 12	IPPA is paired with explicit PPA on the same record.	alias_or_variant_of_PPA	high	Raw IPPA strings are preserved, but the underlying source work is treated as the PPA family.
obi-v02-n0020-ob-p0033	ညောင်ရံကြီးသမီး ကျောက်စာ	IPPA-117-118; List-263,; IOB2-143/a BED B 571-2; Pl. I 84; OBI 2, p. 3; UEM no. 42, p. 115; List 173	List-263, | IOB2-143/a BED B 571-2 | Pl. I 84 | OBI 2, p. 3 | UEM no. 42, p. 115 | List 173	117-118	List-263, | Pl. I 84 | OBI 2, p. 3 | UEM no. 42, p. 115 | List 173	IPPA behaves like the PPA family but survives here without an explicit PPA companion citation.	alias_or_variant_of_PPA	medium	Raw IPPA strings are preserved, but the underlying source work is treated as the PPA family.
obi-v02-n0021-ob-p0037	ညောင်ရံကြီးသမီးကျောက်စာ	IPPA-114, 116; List-262; IOB2-144 BED B 571-2; Pl. I 84; OBI 2, p. 3; UEM no. 42, p. 115; List 173	List-262 | IOB2-144 BED B 571-2 | Pl. I 84 | OBI 2, p. 3 | UEM no. 42, p. 115 | List 173	114, 116	List-262 | Pl. I 84 | OBI 2, p. 3 | UEM no. 42, p. 115 | List 173	IPPA behaves like the PPA family but survives here without an explicit PPA companion citation.	alias_or_variant_of_PPA	medium	Raw IPPA strings are preserved, but the underlying source work is treated as the PPA family.
obi-v02-n0022-ob-p0041	ညောင်ရမ်းကြီးသမီးကျောက်စာ	IPPA-184, 185; List-259; IOB2-145 BED B 604-3; Pl. II 145; OBI 2, p. 41; SIP no. 28, p. 63; UEM no. 47, p. 129; List 259; PPA, p. 184; TN, p. 88; U Min Hswe, no. 34	List-259 | IOB2-145 BED B 604-3 | Pl. II 145 | OBI 2, p. 41 | SIP no. 28, p. 63 | UEM no. 47, p. 129 | List 259 | PPA, p. 184	184, 185	List-259 | Pl. II 145 | OBI 2, p. 41 | UEM no. 47, p. 129 | List 259 | PPA, p. 184	IPPA is paired with explicit PPA on the same record.	alias_or_variant_of_PPA	high	Raw IPPA strings are preserved, but the underlying source work is treated as the PPA family.
obi-v02-n0023-ob-p0044	ညောင်ရမ်းကြီးသမီးကျောက်စာ	& 2; IPPA-240-241; List-257; IOB2-146 BED B 604-4; Pl. II 146; OBI 2, p. 44; UEM no. 47, p. 131; List 257; PPA, p. 240; TN, p. 109, U Min Hswe, no. 53	& 2 | List-257 | IOB2-146 BED B 604-4 | Pl. II 146 | OBI 2, p. 44 | UEM no. 47, p. 131 | List 257 | PPA, p. 240	240-241	List-257 | Pl. II 146 | OBI 2, p. 44 | UEM no. 47, p. 131 | List 257 | PPA, p. 240	IPPA is paired with explicit PPA on the same record.	alias_or_variant_of_PPA	high	Raw IPPA strings are preserved, but the underlying source work is treated as the PPA family.
obi-v02-n0024-ob-p0047	ညောင်ရမ်းကြီးသမီးကျောက်စာ	12; IPPA-121-122; List-261; IOB2-147/a BED B 604-5; Pl. II 147a+b; OBI 2, p. 47; UEM no. 48, p. 134; List 260-261; PPA, p. 119; TN, p. 61-62; U Min Hswe, no. 22-3	12 | List-261 | IOB2-147/a BED B 604-5 | Pl. II 147a+b | OBI 2, p. 47 | UEM no. 48, p. 134 | List 260-261 | PPA, p. 119	121-122	List-261 | Pl. II 147a+b | OBI 2, p. 47 | UEM no. 48, p. 134 | List 260-261 | PPA, p. 119	IPPA is paired with explicit PPA on the same record.	alias_or_variant_of_PPA	high	Raw IPPA strings are preserved, but the underlying source work is treated as the PPA family.
obi-v02-n0025-ob-p0049	ညောင်ရမ်းကြီးသမီး ကျောက်စာ	IPPA-119-120; List-260; IOB2-147/ BED B 601-2; Pl. II 132b; OBI 2, p. 4; List 249; A, p. 75; copy List 918; B 2, p. 665 (first part)	List-260 | IOB2-147/ BED B 601-2 | Pl. II 132b | OBI 2, p. 4 | List 249 | A, p. 75 | copy List 918 | B 2, p. 665 (first part)	119-120	List-260 | Pl. II 132b | OBI 2, p. 4 | List 249 | A, p. 75 | B 2, p. 665 (first part)	IPPA behaves like the PPA family but survives here without an explicit PPA companion citation.	alias_or_variant_of_PPA	medium	Raw IPPA strings are preserved, but the underlying source work is treated as the PPA family.
obi-v02-n0034-ob-p0064	သမန္တကုံထံ လင်မယားကျောက်စာ	IPPA-103-104; List-269; IOB2-152 BED B 601-4; Pl. II 133; OBI 2, p. 6; List 1255; PPA, p. 286 (this ref. in List is incorrect !)	List-269 | IOB2-152 BED B 601-4 | Pl. II 133 | OBI 2, p. 6 | List 1255 | PPA, p. 286 (this ref. in List is incorrect !)	103-104	List-269 | Pl. II 133 | OBI 2, p. 6 | List 1255 | PPA, p. 286 (this ref. in List is incorrect !)	IPPA is paired with explicit PPA on the same record.	alias_or_variant_of_PPA	high	Raw IPPA strings are preserved, but the underlying source work is treated as the PPA family.
obi-v02-n0041-ob-p0076	သူကြွယ်အို့ကြံချင်သင် လင်မယားကျောက်စာ	IPPA-174-175; List-214; IOB2-157 BED B 607-2; Pl. II 157; OBI 2, p. 76; List 214; PPA, p. 174; TN, p. 83	List-214 | IOB2-157 BED B 607-2 | Pl. II 157 | OBI 2, p. 76 | List 214 | PPA, p. 174 | TN, p. 83	174-175	List-214 | Pl. II 157 | OBI 2, p. 76 | List 214 | PPA, p. 174 | TN, p. 83	IPPA is paired with explicit PPA on the same record.	alias_or_variant_of_PPA	high	Raw IPPA strings are preserved, but the underlying source work is treated as the PPA family.
obi-v02-n0046-ob-p0085	လောကနန္ဒာဘုရားကျောက်စာ	IPPA-112-113; List-273/b; IOB2-160/a BED B 609-1; Pl. II 160a; OBI 2, p. 85; UEM no. 54, p. 150; List 273(b); PPA, p. 112; TN, p. 57	List-273/b | IOB2-160/a BED B 609-1 | Pl. II 160a | OBI 2, p. 85 | UEM no. 54, p. 150 | List 273(b) | PPA, p. 112 | TN, p. 57	112-113	List-273/b | Pl. II 160a | OBI 2, p. 85 | UEM no. 54, p. 150 | List 273(b) | PPA, p. 112	IPPA is paired with explicit PPA on the same record.	alias_or_variant_of_PPA	high	Raw IPPA strings are preserved, but the underlying source work is treated as the PPA family.
obi-v02-n0050-ob-p0089	ငါလှသင် မောင်နှံကျောက်စာ	IPPA-186; List-272; IOB2160/b BED B 609-5; Pl. II 160b; OBI 2, p. 89; List 272; PPA, p. 186; TN, p. 89; U Min Hswe, no. 12	List-272 | IOB2160/b BED B 609-5 | Pl. II 160b | OBI 2, p. 89 | List 272 | PPA, p. 186 | TN, p. 89 | U Min Hswe, no. 12	186	List-272 | Pl. II 160b | OBI 2, p. 89 | List 272 | PPA, p. 186 | TN, p. 89	IPPA is paired with explicit PPA on the same record.	alias_or_variant_of_PPA	high	Raw IPPA strings are preserved, but the underlying source work is treated as the PPA family.
obi-v02-n0052-ob-p0092	သူကြွယ် အိုန်နိုင်သင် ကျောက်စာ	IPPA-187; List-278/a; IOB2-161/b BED B 593-5; Pl. II 134a; OBI 1, p. 222; UEM no. 41, p. 113; OBI 2, p. 9	List-278/a | IOB2-161/b BED B 593-5 | Pl. II 134a | OBI 1, p. 222 | UEM no. 41, p. 113 | OBI 2, p. 9	187	List-278/a | Pl. II 134a | OBI 1, p. 222 | UEM no. 41, p. 113 | OBI 2, p. 9	IPPA behaves like the PPA family but survives here without an explicit PPA companion citation.	alias_or_variant_of_PPA	medium	Raw IPPA strings are preserved, but the underlying source work is treated as the PPA family.
obi-v02-n0053-tx-p0093	ရှင်မဟာကဿပကျောင်းကျောက်စာ၊ ၂မျက်နှာ မျက်နှာဘက်	IPPA-243-245; List-270; IOB2-162 BED B 610-2; Pl. II 162-163; OBI 2, p. 93; SIP no. 29, p. 66; UEM no. 56, p. 153; List 270a+b; PPA, p. 243; TN, p. 111	List-270 | IOB2-162 BED B 610-2 | Pl. II 162-163 | OBI 2, p. 93 | SIP no. 29, p. 66 | UEM no. 56, p. 153 | List 270a+b | PPA, p. 243	243-245	List-270 | Pl. II 162-163 | OBI 2, p. 93 | UEM no. 56, p. 153 | List 270a+b | PPA, p. 243	IPPA is paired with explicit PPA on the same record.	alias_or_variant_of_PPA	high	Raw IPPA strings are preserved, but the underlying source work is treated as the PPA family.
obi-v02-n0054-ob-p0099	မင်းသမီး အစောကြွမ်းကျောက်စာ	IPPA-246-248; List-276/a; IOB2-164 BED B 593-5; Pl. II 134a; OBI 1, p. 222; UEM no. 41, p. 113; OBI 2, p. 9	List-276/a | IOB2-164 BED B 593-5 | Pl. II 134a | OBI 1, p. 222 | UEM no. 41, p. 113 | OBI 2, p. 9	246-248	List-276/a | Pl. II 134a | OBI 1, p. 222 | UEM no. 41, p. 113 | OBI 2, p. 9	IPPA behaves like the PPA family but survives here without an explicit PPA companion citation.	alias_or_variant_of_PPA	medium	Raw IPPA strings are preserved, but the underlying source work is treated as the PPA family.
obi-v02-n0054-re-p0103	မင်းသမီးအစောကြွမ်းကျောက်စာ	IPPA-294; List-276/b; IOB2-165/a BED B 600-7; OBI 2, p. 1; RDASB 1971	List-276/b | IOB2-165/a BED B 600-7 | OBI 2, p. 1 | RDASB 1971	294	List-276/b | OBI 2, p. 1 | RDASB 1971	IPPA behaves like the PPA family but survives here without an explicit PPA companion citation.	alias_or_variant_of_PPA	medium	Raw IPPA strings are preserved, but the underlying source work is treated as the PPA family.
obi-v02-n0073-tx-p0155	ညောင်ဦးမြို့ရွှေစည်းခုံဘုရားကို ကျွန်လှူသောကျောက်စာ	IPPA-9; List-283; IOB2-176/b BED B 602-1; Pl. II 136; OBI 2, p. 15; List 253; UB 1, p. 297	List-283 | IOB2-176/b BED B 602-1 | Pl. II 136 | OBI 2, p. 15 | List 253 | UB 1, p. 297	9	List-283 | Pl. II 136 | OBI 2, p. 15 | List 253 | UB 1, p. 297	IPPA behaves like the PPA family but survives here without an explicit PPA companion citation.	alias_or_variant_of_PPA	medium	Raw IPPA strings are preserved, but the underlying source work is treated as the PPA family.
obi-v02-n0077-ob-p0159	မဟာသမန်း လင်မယားကျောက်စာ	IPPA 101-102; List 287; IOB1-102 BED B 602-1; Pl. II 136; OBI 2, p. 15; List 253; UB 1, p. 297	List 287 | IOB1-102 BED B 602-1 | Pl. II 136 | OBI 2, p. 15 | List 253 | UB 1, p. 297	101-102	List 287 | Pl. II 136 | OBI 2, p. 15 | List 253 | UB 1, p. 297	IPPA behaves like the PPA family but survives here without an explicit PPA companion citation.	alias_or_variant_of_PPA	medium	Raw IPPA strings are preserved, but the underlying source work is treated as the PPA family.
obi-v02-n0083-ob-p0170	ဓမ္မရံကြီးဘုရား ကျောက်စာ	IPPA-147-148; List-290; IOB2-182/a BED B 615-4; Pl. II 182a; OBI 2, p. 170; UEM no. 61, p. 179; List 290; PPA, p. 147; TN, p. 68; OR 3434 fol. ghā verso (with further dates)	List-290 | IOB2-182/a BED B 615-4 | Pl. II 182a | OBI 2, p. 170 | UEM no. 61, p. 179 | List 290 | PPA, p. 147 | TN, p. 68	147-148	List-290 | Pl. II 182a | OBI 2, p. 170 | UEM no. 61, p. 179 | List 290 | PPA, p. 147	IPPA is paired with explicit PPA on the same record.	alias_or_variant_of_PPA	high	Raw IPPA strings are preserved, but the underlying source work is treated as the PPA family.
obi-v02-n0091-ob-p0179	သိခင် စခီပိုလ် ကျောက်စာ	IPPA-105; List-292; IOB2-185 BED B 617-1; Pl. II 185; OBI 2, p. 179; UEM no. 63, p. 183; List 292; PPA, p. 105; TN, p. 54	List-292 | IOB2-185 BED B 617-1 | Pl. II 185 | OBI 2, p. 179 | UEM no. 63, p. 183 | List 292 | PPA, p. 105 | TN, p. 54	105	List-292 | Pl. II 185 | OBI 2, p. 179 | UEM no. 63, p. 183 | List 292 | PPA, p. 105	IPPA is paired with explicit PPA on the same record.	alias_or_variant_of_PPA	high	Raw IPPA strings are preserved, but the underlying source work is treated as the PPA family.
obi-v02-n0098-ob-p0190	သူကြွယ် ငတိုင်ပင်သင် လင်မယားကျောက်စာ	IPPA-190; List-295; IOB2-191/a BED B 620-1; Pl. II 191a; OBI 2, p. 190; List 295; PPA, p. 190; TN, p. 91, U Min Hswe, no. 63	List-295 | IOB2-191/a BED B 620-1 | Pl. II 191a | OBI 2, p. 190 | List 295 | PPA, p. 190 | TN, p. 91, U Min Hswe, no. 63	190	List-295 | Pl. II 191a | OBI 2, p. 190 | List 295 | PPA, p. 190 | TN, p. 91, U Min Hswe, no. 63	IPPA is paired with explicit PPA on the same record.	alias_or_variant_of_PPA	high	Raw IPPA strings are preserved, but the underlying source work is treated as the PPA family.
obi-v02-n0101-ob-p0194	မဟာသမန်းကြီး သမီး စိုးမင်းကြီးကျောက်စာ	IPPA-106; List-296; IOB-192 BED B 600-7; OBI 2, p. 1; RDASB 1971	List-296 | IOB-192 BED B 600-7 | OBI 2, p. 1 | RDASB 1971	106	List-296 | OBI 2, p. 1 | RDASB 1971	IPPA behaves like the PPA family but survives here without an explicit PPA companion citation.	alias_or_variant_of_PPA	medium	Raw IPPA strings are preserved, but the underlying source work is treated as the PPA family.
obi-v02-n0118-re-p0217	သူကြွယ် ငတိကျက်သက် ကျောက်စာ	IPPA-201; List-1254; IOB3-270 BED B 614-4; Pl. III 270; OBI 2, p. 217; List 1254; PPA, p. 201; TN, p. 96; U Min Hswe, no. 62	List-1254 | IOB3-270 BED B 614-4 | Pl. III 270 | OBI 2, p. 217 | List 1254 | PPA, p. 201 | TN, p. 96 | U Min Hswe, no. 62	201	List-1254 | Pl. III 270 | OBI 2, p. 217 | List 1254 | PPA, p. 201 | TN, p. 96	IPPA is paired with explicit PPA on the same record.	alias_or_variant_of_PPA	high	Raw IPPA strings are preserved, but the underlying source work is treated as the PPA family.
obi-v03-n0001-ob-p0001	တျြာမြမ် ကျောက်စာ	IPPA-191; List-302; IOB2-195/b BED B 622-4; Pl. II 195b; OBI 3, p. 1; List 302; PPA, p. 191; TN, p. 91; U Min Hswe, no. 18	List-302 | IOB2-195/b BED B 622-4 | Pl. II 195b | OBI 3, p. 1 | List 302 | PPA, p. 191 | TN, p. 91 | U Min Hswe, no. 18	191	List-302 | Pl. II 195b | OBI 3, p. 1 | List 302 | PPA, p. 191 | TN, p. 91	IPPA is paired with explicit PPA on the same record.	alias_or_variant_of_PPA	high	Raw IPPA strings are preserved, but the underlying source work is treated as the PPA family.
obi-v03-n0002-re-p0002	ရတ္ထပိစည်း လင်မယားကျောက်စာ	IPPA-55; List-90; IOB2-198 BED B 622-6; Pl. II 198; OBI 3, p. 2; List 90; PPA, p. 55; TN, p. 26; U Min Hswe, no. 51	List-90 | IOB2-198 BED B 622-6 | Pl. II 198 | OBI 3, p. 2 | List 90 | PPA, p. 55 | TN, p. 26 | U Min Hswe, no. 51	55	List-90 | Pl. II 198 | OBI 3, p. 2 | List 90 | PPA, p. 55 | TN, p. 26	IPPA is paired with explicit PPA on the same record.	alias_or_variant_of_PPA	high	Raw IPPA strings are preserved, but the underlying source work is treated as the PPA family.
obi-v03-n0021-ob-p0028	သိင်္ဃသူ သမီး ကျောက်စာ	IPPA-266; List-311; IOB2-216 BED B 622-6; Pl. II 198; OBI 3, p. 2; List 90; PPA, p. 55; TN, p. 26; U Min Hswe, no. 51	List-311 | IOB2-216 BED B 622-6 | Pl. II 198 | OBI 3, p. 2 | List 90 | PPA, p. 55 | TN, p. 26 | U Min Hswe, no. 51	266	List-311 | Pl. II 198 | OBI 3, p. 2 | List 90 | PPA, p. 55 | TN, p. 26	IPPA is paired with explicit PPA on the same record.	alias_or_variant_of_PPA	high	Raw IPPA strings are preserved, but the underlying source work is treated as the PPA family.
obi-v03-n0024-tx-p0035	တျြာမွန် မယားကျောက်စာ	IPPA 188-189; List 278/b; IOB2-217 BED B 623-1; Pl. II 201b; OBI 3, p. 3; List 255; A, p. 79	List 278/b | IOB2-217 BED B 623-1 | Pl. II 201b | OBI 3, p. 3 | List 255 | A, p. 79	188-189	List 278/b | Pl. II 201b | OBI 3, p. 3 | List 255 | A, p. 79	IPPA behaves like the PPA family but survives here without an explicit PPA companion citation.	alias_or_variant_of_PPA	medium	Raw IPPA strings are preserved, but the underlying source work is treated as the PPA family.
obi-v03-n0029-re-p0047	သိင်္ဃသူသမီးကျောက်စာ	IPPA-269; List 323; IOB2-223/b BED A; Pl. III 321; OBI 3, p. 4	List 323 | IOB2-223/b BED A | Pl. III 321 | OBI 3, p. 4	269	List 323 | Pl. III 321 | OBI 3, p. 4	IPPA behaves like the PPA family but survives here without an explicit PPA companion citation.	alias_or_variant_of_PPA	medium	Raw IPPA strings are preserved, but the underlying source work is treated as the PPA family.
obi-v03-n0037-ob-p0058	သ္ခိင်ဖွါးဇဝ်ကျောက်စာ	IPPA-264; List-325; IOB3-234 BED B 624-1; Pl. II 202; OBI 3, p. 5; List 308; A, p. 101; MP, p. 107	List-325 | IOB3-234 BED B 624-1 | Pl. II 202 | OBI 3, p. 5 | List 308 | A, p. 101 | MP, p. 107	264	List-325 | Pl. II 202 | OBI 3, p. 5 | List 308 | A, p. 101 | MP, p. 107	IPPA behaves like the PPA family but survives here without an explicit PPA companion citation.	alias_or_variant_of_PPA	medium	Raw IPPA strings are preserved, but the underlying source work is treated as the PPA family.
obi-v03-n0039-ob-p0065	တရုပ်ပြေးမင်းကျောက်စာ	IPPA-313-314; List-329; IOB3-228/b BED B 632-1; Pl. II 228b; OBI 3, p. 65; SIP no. 42, p. 110; List 329; PPA, p. 313; TN, p. 144	List-329 | IOB3-228/b BED B 632-1 | Pl. II 228b | OBI 3, p. 65 | SIP no. 42, p. 110 | List 329 | PPA, p. 313 | TN, p. 144	313-314	List-329 | Pl. II 228b | OBI 3, p. 65 | List 329 | PPA, p. 313 | TN, p. 144	IPPA is paired with explicit PPA on the same record.	alias_or_variant_of_PPA	high	Raw IPPA strings are preserved, but the underlying source work is treated as the PPA family.
obi-v03-n0042-ob-p0068	မုခ် ၂ ဆင့်ဂူဘုရား ကျောက်စာ	IPPA-98; List-333; IOB3-231/b BED B 633-1; Pl. III 231b; OBI 3, p. 68; SIP no. 30, p. 70; List 333; PPA, p. 98; TN, p. 51; U Min Hswe, no. 14	List-333 | IOB3-231/b BED B 633-1 | Pl. III 231b | OBI 3, p. 68 | SIP no. 30, p. 70 | List 333 | PPA, p. 98 | TN, p. 51	98	List-333 | Pl. III 231b | OBI 3, p. 68 | List 333 | PPA, p. 98 | TN, p. 51	IPPA is paired with explicit PPA on the same record.	alias_or_variant_of_PPA	high	Raw IPPA strings are preserved, but the underlying source work is treated as the PPA family.
obi-v03-n0045-re-p0073	သမန္တပတိယ် လင်မယားကျောက်စာ	IPPA-257; List-344/b; IOB3-240 BED B 624-2; Pl. II 203; OBI 3, p. 7; List 305; UB 1, p. 300	List-344/b | IOB3-240 BED B 624-2 | Pl. II 203 | OBI 3, p. 7 | List 305 | UB 1, p. 300	257	List-344/b | Pl. II 203 | OBI 3, p. 7 | List 305 | UB 1, p. 300	IPPA behaves like the PPA family but survives here without an explicit PPA companion citation.	alias_or_variant_of_PPA	medium	Raw IPPA strings are preserved, but the underlying source work is treated as the PPA family.
obi-v03-n0046-re-p0074	သ္ခိင်ဖွါးဇဝ် ကျောက်စာ	IPPA-274-276; List-334; IOB3-235 BED B 634-1; Pl. III 235; OBI 3, p. 74; SIP no. 40, p. 101; List 334; PPA, p. 274; TN, p. 126	List-334 | IOB3-235 BED B 634-1 | Pl. III 235 | OBI 3, p. 74 | SIP no. 40, p. 101 | List 334 | PPA, p. 274 | TN, p. 126	274-276	List-334 | Pl. III 235 | OBI 3, p. 74 | List 334 | PPA, p. 274 | TN, p. 126	IPPA is paired with explicit PPA on the same record.	alias_or_variant_of_PPA	high	Raw IPPA strings are preserved, but the underlying source work is treated as the PPA family.
obi-v03-n0052-re-p0083	မနောရဇာ၏့သားများကျောက်စာ	617; IPPA-255; List-344/a; IOB3-239 BED B 635-1; Pl. III 239; OBI 3, p. 83; SIP no. 31, p. 72; List 344a; PPA p. 255; TN, p. 116	617 | List-344/a | IOB3-239 BED B 635-1 | Pl. III 239 | OBI 3, p. 83 | SIP no. 31, p. 72 | List 344a | PPA p. 255	255	List-344/a | Pl. III 239 | OBI 3, p. 83 | List 344a | PPA p. 255 | TN, p. 116	IPPA is paired with explicit PPA on the same record.	alias_or_variant_of_PPA	high	Raw IPPA strings are preserved, but the underlying source work is treated as the PPA family.
obi-v03-n0055-ob-p0089	သံပျင် လက်ဆောင်ကျောက်စာ	IPPA-277; List-345; IOB3-243 BED B 624-3; Pl. II 204a+b; OBI 3, p. 8; List 306; UB 2, p. 203; (not in U Min Hswe)	List-345 | IOB3-243 BED B 624-3 | Pl. II 204a+b | OBI 3, p. 8 | List 306 | UB 2, p. 203 | (not in U Min Hswe)	277	List-345 | Pl. II 204a+b | OBI 3, p. 8 | List 306 | UB 2, p. 203	IPPA behaves like the PPA family but survives here without an explicit PPA companion citation.	alias_or_variant_of_PPA	medium	Raw IPPA strings are preserved, but the underlying source work is treated as the PPA family.
obi-v03-n0057-tx-p0092	သိရိဝဎနာ အမတ်ကြီးနှင့် မင်းသမီး မင်းစောလတ် ကျောက်စာ	IPPA-193; List-349; IOB3-244 BED B 624-4; Pl. II 205-206; OBI 3, p. 9-11; List 307a+b; A, p. 103-105; MP 2, p. 159	List-349 | IOB3-244 BED B 624-4 | Pl. II 205-206 | OBI 3, p. 9-11 | List 307a+b | A, p. 103-105 | MP 2, p. 159	193	List-349 | Pl. II 205-206 | OBI 3, p. 9-11 | List 307a+b | A, p. 103-105 | MP 2, p. 159	IPPA behaves like the PPA family but survives here without an explicit PPA companion citation.	alias_or_variant_of_PPA	medium	Raw IPPA strings are preserved, but the underlying source work is treated as the PPA family.
obi-v03-n0059-ob-p0095	မိဖုရားစော ပုလဲမယ်ကျောက်စာ	IPPA-295; List-351; IOB3-246 BED B 623-2 & B 636-3; Pl. III 246; OBI 3, p. 95; List 351; PPA, p. 295; TN, p. 136; copies List 402 (second inscr.); B 2, p. 819 (dated CS 636/ 1274) and List 453 (second inscr.); B 2, p. 827 (dated CS 676/1314); MM 4, no. 40, p. 1186 (third inscr.)	List-351 | IOB3-246 BED B 623-2 & B 636-3 | Pl. III 246 | OBI 3, p. 95 | List 351 | PPA, p. 295 | TN, p. 136 | copies List 402 (second inscr.)	295	List-351 | Pl. III 246 | OBI 3, p. 95 | List 351 | PPA, p. 295 | TN, p. 136	IPPA is paired with explicit PPA on the same record.	alias_or_variant_of_PPA	high	Raw IPPA strings are preserved, but the underlying source work is treated as the PPA family.
obi-v03-n0060-ob-p0097	တရုပ်ပြေးမင်းကြီး၏့ အမတ်ကျောက်စာ	IPPA-278; List-352; IOB3-247 BED B 624-4; Pl. II 205-206; OBI 3, p. 9-11; List 307a+b; A, p. 103-105; MP 2, p. 159	List-352 | IOB3-247 BED B 624-4 | Pl. II 205-206 | OBI 3, p. 9-11 | List 307a+b | A, p. 103-105 | MP 2, p. 159	278	List-352 | Pl. II 205-206 | OBI 3, p. 9-11 | List 307a+b | A, p. 103-105 | MP 2, p. 159	IPPA behaves like the PPA family but survives here without an explicit PPA companion citation.	alias_or_variant_of_PPA	medium	Raw IPPA strings are preserved, but the underlying source work is treated as the PPA family.
obi-v03-n0061-ob-p0100	သမ္ဗျင်ကြည်စင် လင်မယားစသောသူတို့ကျောက်စာ	IPPA-96-97; List-350; IOB3-248 BED B 622-4; Pl. II 195b; OBI 3, p. 1; List 302; PPA, p. 191; TN, p. 91; U Min Hswe, no. 18	List-350 | IOB3-248 BED B 622-4 | Pl. II 195b | OBI 3, p. 1 | List 302 | PPA, p. 191 | TN, p. 91 | U Min Hswe, no. 18	96-97	List-350 | Pl. II 195b | OBI 3, p. 1 | List 302 | PPA, p. 191 | TN, p. 91	IPPA is paired with explicit PPA on the same record.	alias_or_variant_of_PPA	high	Raw IPPA strings are preserved, but the underlying source work is treated as the PPA family.
obi-v03-n0068-ob-p0113	မင်းသမီး အစော ပတည်သာ ကျောက်စာ	IPPA-280; List-359; IOB3-254/b BED B 622-4; Pl. II 195b; OBI 3, p. 1; List 302; PPA, p. 191; TN, p. 91; U Min Hswe, no. 18	List-359 | IOB3-254/b BED B 622-4 | Pl. II 195b | OBI 3, p. 1 | List 302 | PPA, p. 191 | TN, p. 91 | U Min Hswe, no. 18	280	List-359 | Pl. II 195b | OBI 3, p. 1 | List 302 | PPA, p. 191 | TN, p. 91	IPPA is paired with explicit PPA on the same record.	alias_or_variant_of_PPA	high	Raw IPPA strings are preserved, but the underlying source work is treated as the PPA family.
obi-v03-n0081-ob-p0135	ကျစွာမင်းကြီးနှင့် မိဖုရား ဖွားဇောကျောင်းကျောက်စာ	IPPA-281; List-369; IOB3-268 BED B 622-4; Pl. II 195b; OBI 3, p. 1; List 302; PPA, p. 191; TN, p. 91; U Min Hswe, no. 18	List-369 | IOB3-268 BED B 622-4 | Pl. II 195b | OBI 3, p. 1 | List 302 | PPA, p. 191 | TN, p. 91 | U Min Hswe, no. 18	281	List-369 | Pl. II 195b | OBI 3, p. 1 | List 302 | PPA, p. 191 | TN, p. 91	IPPA is paired with explicit PPA on the same record.	alias_or_variant_of_PPA	high	Raw IPPA strings are preserved, but the underlying source work is treated as the PPA family.
obi-v03-n0083-ob-p0139	မင်းဤမ်ကြီး ကျောက်စာ၊၂ မျက်နှာ၊ မျက်နှာ	IPPA-283; List-374; IOB4-421/a BED B 622-4; Pl. II 195b; OBI 3, p. 1; List 302; PPA, p. 191; TN, p. 91; U Min Hswe, no. 18	List-374 | IOB4-421/a BED B 622-4 | Pl. II 195b | OBI 3, p. 1 | List 302 | PPA, p. 191 | TN, p. 91 | U Min Hswe, no. 18	283	List-374 | Pl. II 195b | OBI 3, p. 1 | List 302 | PPA, p. 191 | TN, p. 91	IPPA is paired with explicit PPA on the same record.	alias_or_variant_of_PPA	high	Raw IPPA strings are preserved, but the underlying source work is treated as the PPA family.
obi-v03-n0086-re-p0150	သ္ခိင်ရစသူနှင့် အမိဖွါးစော ကျောက်စာ	IPPA-260; List-384/b; IOB3-273 BED B 622-4; Pl. II 195b; OBI 3, p. 1; List 302; PPA, p. 191; TN, p. 91; U Min Hswe, no. 18	List-384/b | IOB3-273 BED B 622-4 | Pl. II 195b | OBI 3, p. 1 | List 302 | PPA, p. 191 | TN, p. 91 | U Min Hswe, no. 18	260	List-384/b | Pl. II 195b | OBI 3, p. 1 | List 302 | PPA, p. 191 | TN, p. 91	IPPA is paired with explicit PPA on the same record.	alias_or_variant_of_PPA	high	Raw IPPA strings are preserved, but the underlying source work is treated as the PPA family.
obi-v03-n0087-ob-p0152	သ္ခိင်ရာဇသူနှင့် အမိဘွားစောကျောက်စာ	IPPA-270-271; List-383/a; IOB3-274 BED B 622-4; Pl. II 195b; OBI 3, p. 1; List 302; PPA, p. 191; TN, p. 91; U Min Hswe, no. 18	List-383/a | IOB3-274 BED B 622-4 | Pl. II 195b | OBI 3, p. 1 | List 302 | PPA, p. 191 | TN, p. 91 | U Min Hswe, no. 18	270-271	List-383/a | Pl. II 195b | OBI 3, p. 1 | List 302 | PPA, p. 191 | TN, p. 91	IPPA is paired with explicit PPA on the same record.	alias_or_variant_of_PPA	high	Raw IPPA strings are preserved, but the underlying source work is treated as the PPA family.
obi-v03-n0088-ob-p0158	အသင်္ခယာ အုတ်ကျောင်း ကျောက်စာ	IPPA-64; List-387; IOB3-276/a BED B 622-4; Pl. II 195b; OBI 3, p. 1; List 302; PPA, p. 191; TN, p. 91; U Min Hswe, no. 18	List-387 | IOB3-276/a BED B 622-4 | Pl. II 195b | OBI 3, p. 1 | List 302 | PPA, p. 191 | TN, p. 91 | U Min Hswe, no. 18	64	List-387 | Pl. II 195b | OBI 3, p. 1 | List 302 | PPA, p. 191 | TN, p. 91	IPPA is paired with explicit PPA on the same record.	alias_or_variant_of_PPA	high	Raw IPPA strings are preserved, but the underlying source work is treated as the PPA family.
obi-v03-n0098-ob-p0173	သံပျင်ဇေယျသူဌေးကျောက်စာ	IPPA-284; List-394; IOB3-282 BED B 622-4; Pl. II 195b; OBI 3, p. 1; List 302; PPA, p. 191; TN, p. 91; U Min Hswe, no. 18	List-394 | IOB3-282 BED B 622-4 | Pl. II 195b | OBI 3, p. 1 | List 302 | PPA, p. 191 | TN, p. 91 | U Min Hswe, no. 18	284	List-394 | Pl. II 195b | OBI 3, p. 1 | List 302 | PPA, p. 191 | TN, p. 91	IPPA is paired with explicit PPA on the same record.	alias_or_variant_of_PPA	high	Raw IPPA strings are preserved, but the underlying source work is treated as the PPA family.
obi-v03-n0099-ob-p0174	ဣန္ဒပဇ္ဇရာဘုရားကျောက်စာ	IPPA-123; List-393; IOB3-283 BED B 622-4; Pl. II 195b; OBI 3, p. 1; List 302; PPA, p. 191; TN, p. 91; U Min Hswe, no. 18	List-393 | IOB3-283 BED B 622-4 | Pl. II 195b | OBI 3, p. 1 | List 302 | PPA, p. 191 | TN, p. 91 | U Min Hswe, no. 18	123	List-393 | Pl. II 195b | OBI 3, p. 1 | List 302 | PPA, p. 191 | TN, p. 91	IPPA is paired with explicit PPA on the same record.	alias_or_variant_of_PPA	high	Raw IPPA strings are preserved, but the underlying source work is treated as the PPA family.
obi-v03-n0114-ob-p0193	စာသင်ဂူဘုရားအနီးရှိ ကျောက်စာ	IPPA-107; List-408; IOB3-290/b BED B 622-4; Pl. II 195b; OBI 3, p. 1; List 302; PPA, p. 191; TN, p. 91; U Min Hswe, no. 18	List-408 | IOB3-290/b BED B 622-4 | Pl. II 195b | OBI 3, p. 1 | List 302 | PPA, p. 191 | TN, p. 91 | U Min Hswe, no. 18	107	List-408 | Pl. II 195b | OBI 3, p. 1 | List 302 | PPA, p. 191 | TN, p. 91	IPPA is paired with explicit PPA on the same record.	alias_or_variant_of_PPA	high	Raw IPPA strings are preserved, but the underlying source work is treated as the PPA family.
obi-v03-n0115-ob-p0194	သမ္ဘူလဘုရားကျောက်စာ	IPPA-253-254; List-407; IOB3-291 BED B 622-4; Pl. II 195b; OBI 3, p. 1; List 302; PPA, p. 191; TN, p. 91; U Min Hswe, no. 18	List-407 | IOB3-291 BED B 622-4 | Pl. II 195b | OBI 3, p. 1 | List 302 | PPA, p. 191 | TN, p. 91 | U Min Hswe, no. 18	253-254	List-407 | Pl. II 195b | OBI 3, p. 1 | List 302 | PPA, p. 191 | TN, p. 91	IPPA is paired with explicit PPA on the same record.	alias_or_variant_of_PPA	high	Raw IPPA strings are preserved, but the underlying source work is treated as the PPA family.
obi-v03-n0122-re-p0206	သစ်မထီးကျောင်း ကျောက်စာ	IPPA-293; List-417; IOB4-395 BED B 622-6; Pl. II 198; OBI 3, p. 2; List 90; PPA, p. 55; TN, p. 26; U Min Hswe, no. 51	List-417 | IOB4-395 BED B 622-6 | Pl. II 198 | OBI 3, p. 2 | List 90 | PPA, p. 55 | TN, p. 26 | U Min Hswe, no. 51	293	List-417 | Pl. II 198 | OBI 3, p. 2 | List 90 | PPA, p. 55 | TN, p. 26	IPPA is paired with explicit PPA on the same record.	alias_or_variant_of_PPA	high	Raw IPPA strings are preserved, but the underlying source work is treated as the PPA family.
obi-v03-n0212-ob-p0343	သစ္စဝတီဘုရားကျောက်စာ	IPPA-311-312; List-488; IOB4-451 BED B 623-1; Pl. II 201b; OBI 3, p. 3; List 255; A, p. 79	List-488 | IOB4-451 BED B 623-1 | Pl. II 201b | OBI 3, p. 3 | List 255 | A, p. 79	311-312	List-488 | Pl. II 201b | OBI 3, p. 3 | List 255 | A, p. 79	IPPA behaves like the PPA family but survives here without an explicit PPA companion citation.	alias_or_variant_of_PPA	medium	Raw IPPA strings are preserved, but the underlying source work is treated as the PPA family.
obi-v04-n0036-re-p0059	တိုင်းချွတ်ဘုရားကျောက်စာ	IPPA 137-138; List 533; IOB5-	List 533 | IOB5-	137-138	List 533	IPPA behaves like the PPA family but survives here without an explicit PPA companion citation.	alias_or_variant_of_PPA	medium	Raw IPPA strings are preserved, but the underlying source work is treated as the PPA family.
obi-v04-n0074-ob-p0117	စတ္တလင်္ကသူ ကျောက်စာ	IPPA-341; List-599; IOB5-525/b	List-599 | IOB5-525/b	341	List-599	IPPA behaves like the PPA family but survives here without an explicit PPA companion citation.	alias_or_variant_of_PPA	medium	Raw IPPA strings are preserved, but the underlying source work is treated as the PPA family.
obi-v04-n0108-ob-p0172	ဖွားစောကျောင်းနှင့် လှေအသျင် မောင်နှံကျောင်းကျောက်စာ	IPPA-303, 4-5; List-701/a; IOB4-392	List-701/a | IOB4-392	303, 4-5	List-701/a	IPPA behaves like the PPA family but survives here without an explicit PPA companion citation.	alias_or_variant_of_PPA	medium	Raw IPPA strings are preserved, but the underlying source work is treated as the PPA family.
obi-v04-n0108-re-p0175	ဖွားစောကျောင်းနှင့် လှေအသျင် မောင်နှံကျောင်းကျောက်စာ	17; IPPA 306, 7-8; List-701/b; IOB4-393	17 | List-701/b | IOB4-393	306, 7-8	List-701/b	IPPA behaves like the PPA family but survives here without an explicit PPA companion citation.	alias_or_variant_of_PPA	medium	Raw IPPA strings are preserved, but the underlying source work is treated as the PPA family.
obi-v04-n0111-re-p0180	ဝပေသူကြီး ကျောက်စာ	IPPA-15; List 710	List 710	15	List 710	IPPA behaves like the PPA family but survives here without an explicit PPA companion citation.	alias_or_variant_of_PPA	medium	Raw IPPA strings are preserved, but the underlying source work is treated as the PPA family.
obi-v04-n0116-ob-p0185	ဆုတောင်းပြည့်ဘုရားကျောက်စာ	IPPA; IPPA-297-8-9; List-409/a; IOB4-390	List-409/a | IOB4-390	IPPA | 297-8-9	List-409/a	IPPA behaves like the PPA family but survives here without an explicit PPA companion citation.	alias_or_variant_of_PPA	medium	Raw IPPA strings are preserved, but the underlying source work is treated as the PPA family.
obi-v04-n0116-re-p0188	ဆုတောင်းပြည့်ဘုရားကျောက်စာ	IPPA-300-1-2; List-409/b; IOB4-391	List-409/b | IOB4-391	300-1-2	List-409/b	IPPA behaves like the PPA family but survives here without an explicit PPA companion citation.	alias_or_variant_of_PPA	medium	Raw IPPA strings are preserved, but the underlying source work is treated as the PPA family.
obi-v05-n0009-ob-p0021	တက်နွယ်ကျောင်းကျောက်စာ	IPPA 78-79-80-81-82		78-79-80-81-82		IPPA behaves like the PPA family but survives here without an explicit PPA companion citation.	alias_or_variant_of_PPA	medium	Raw IPPA strings are preserved, but the underlying source work is treated as the PPA family.
obi-v05-n0009-re-p0025	တက်နွယ်ကျောင်းကျောက်စာ	IPPA 83-84-85-86		83-84-85-86		IPPA behaves like the PPA family but survives here without an explicit PPA companion citation.	alias_or_variant_of_PPA	medium	Raw IPPA strings are preserved, but the underlying source work is treated as the PPA family.
obi-v05-n0009-tx-p0030	တက်နွယ်ကျောင်းကျောက်စာ	IPPA-87-88		87-88		IPPA behaves like the PPA family but survives here without an explicit PPA companion citation.	alias_or_variant_of_PPA	medium	Raw IPPA strings are preserved, but the underlying source work is treated as the PPA family.
obi-v05-n0009-tx-p0032	တက်နွယ်ကျောင်းကျောက်စာ	IPPA-89-90		89-90		IPPA behaves like the PPA family but survives here without an explicit PPA companion citation.	alias_or_variant_of_PPA	medium	Raw IPPA strings are preserved, but the underlying source work is treated as the PPA family.
obi-v05-n0018-ob-p0061	ဥစ္စနာမင်းကြီးကျောက်စာ	IPPA-320; List-507; IOB4-456/a	List-507 | IOB4-456/a	320	List-507	IPPA behaves like the PPA family but survives here without an explicit PPA companion citation.	alias_or_variant_of_PPA	medium	Raw IPPA strings are preserved, but the underlying source work is treated as the PPA family.
