raw_reference_string	family_id	source_family_id	source_work_key	bibtex_key	locator	locator_type	issue_type	severity	recommended_fix	notes
List 105	fam-list-catalogue	sf-list	duroiselle1921list	duroiselle1921list	List 105	unclear	unparsed_locator	medium	Improve locator parsing or document the irregular locator form.	High-occurrence locator family still has an unclear locator parse.
List 106	fam-list-catalogue	sf-list	duroiselle1921list	duroiselle1921list	List 106	unclear	unparsed_locator	medium	Improve locator parsing or document the irregular locator form.	High-occurrence locator family still has an unclear locator parse.
List 108	fam-list-catalogue	sf-list	duroiselle1921list	duroiselle1921list	List 108	unclear	unparsed_locator	medium	Improve locator parsing or document the irregular locator form.	High-occurrence locator family still has an unclear locator parse.
List 109-110	fam-list-catalogue	sf-list	duroiselle1921list	duroiselle1921list	List 109-110	unclear	unparsed_locator	medium	Improve locator parsing or document the irregular locator form.	High-occurrence locator family still has an unclear locator parse.
List 111	fam-list-catalogue	sf-list	duroiselle1921list	duroiselle1921list	List 111	unclear	unparsed_locator	medium	Improve locator parsing or document the irregular locator form.	High-occurrence locator family still has an unclear locator parse.
List 113	fam-list-catalogue	sf-list	duroiselle1921list	duroiselle1921list	List 113	unclear	unparsed_locator	medium	Improve locator parsing or document the irregular locator form.	High-occurrence locator family still has an unclear locator parse.
List 116	fam-list-catalogue	sf-list	duroiselle1921list	duroiselle1921list	List 116	unclear	unparsed_locator	medium	Improve locator parsing or document the irregular locator form.	High-occurrence locator family still has an unclear locator parse.
List 120	fam-list-catalogue	sf-list	duroiselle1921list	duroiselle1921list	List 120	unclear	unparsed_locator	medium	Improve locator parsing or document the irregular locator form.	High-occurrence locator family still has an unclear locator parse.
List 121	fam-list-catalogue	sf-list	duroiselle1921list	duroiselle1921list	List 121	unclear	unparsed_locator	medium	Improve locator parsing or document the irregular locator form.	High-occurrence locator family still has an unclear locator parse.
List 122	fam-list-catalogue	sf-list	duroiselle1921list	duroiselle1921list	List 122	unclear	unparsed_locator	medium	Improve locator parsing or document the irregular locator form.	High-occurrence locator family still has an unclear locator parse.
List 123a +b	fam-list-catalogue	sf-list	duroiselle1921list	duroiselle1921list	List 123a +b	unclear	unparsed_locator	medium	Improve locator parsing or document the irregular locator form.	High-occurrence locator family still has an unclear locator parse.
List 125	fam-list-catalogue	sf-list	duroiselle1921list	duroiselle1921list	List 125	unclear	unparsed_locator	medium	Improve locator parsing or document the irregular locator form.	High-occurrence locator family still has an unclear locator parse.
List 128	fam-list-catalogue	sf-list	duroiselle1921list	duroiselle1921list	List 128	unclear	unparsed_locator	medium	Improve locator parsing or document the irregular locator form.	High-occurrence locator family still has an unclear locator parse.
List 1299a	fam-list-catalogue	sf-list	duroiselle1921list	duroiselle1921list	List 1299a	unclear	unparsed_locator	medium	Improve locator parsing or document the irregular locator form.	High-occurrence locator family still has an unclear locator parse.
List 129a+b	fam-list-catalogue	sf-list	duroiselle1921list	duroiselle1921list	List 129a+b	unclear	unparsed_locator	medium	Improve locator parsing or document the irregular locator form.	High-occurrence locator family still has an unclear locator parse.
List 130	fam-list-catalogue	sf-list	duroiselle1921list	duroiselle1921list	List 130	unclear	unparsed_locator	medium	Improve locator parsing or document the irregular locator form.	High-occurrence locator family still has an unclear locator parse.
List 134	fam-list-catalogue	sf-list	duroiselle1921list	duroiselle1921list	List 134	unclear	unparsed_locator	medium	Improve locator parsing or document the irregular locator form.	High-occurrence locator family still has an unclear locator parse.
List 135	fam-list-catalogue	sf-list	duroiselle1921list	duroiselle1921list	List 135	unclear	unparsed_locator	medium	Improve locator parsing or document the irregular locator form.	High-occurrence locator family still has an unclear locator parse.
List 136	fam-list-catalogue	sf-list	duroiselle1921list	duroiselle1921list	List 136	unclear	unparsed_locator	medium	Improve locator parsing or document the irregular locator form.	High-occurrence locator family still has an unclear locator parse.
List 1388a+b	fam-list-catalogue	sf-list	duroiselle1921list	duroiselle1921list	List 1388a+b	unclear	unparsed_locator	medium	Improve locator parsing or document the irregular locator form.	High-occurrence locator family still has an unclear locator parse.
List 144	fam-list-catalogue	sf-list	duroiselle1921list	duroiselle1921list	List 144	unclear	unparsed_locator	medium	Improve locator parsing or document the irregular locator form.	High-occurrence locator family still has an unclear locator parse.
List 145/b	fam-list-catalogue	sf-list	duroiselle1921list	duroiselle1921list	List 145/b	unclear	unparsed_locator	medium	Improve locator parsing or document the irregular locator form.	High-occurrence locator family still has an unclear locator parse.
List 146	fam-list-catalogue	sf-list	duroiselle1921list	duroiselle1921list	List 146	unclear	unparsed_locator	medium	Improve locator parsing or document the irregular locator form.	High-occurrence locator family still has an unclear locator parse.
List 151	fam-list-catalogue	sf-list	duroiselle1921list	duroiselle1921list	List 151	unclear	unparsed_locator	medium	Improve locator parsing or document the irregular locator form.	High-occurrence locator family still has an unclear locator parse.
List 152	fam-list-catalogue	sf-list	duroiselle1921list	duroiselle1921list	List 152	unclear	unparsed_locator	medium	Improve locator parsing or document the irregular locator form.	High-occurrence locator family still has an unclear locator parse.
List 153	fam-list-catalogue	sf-list	duroiselle1921list	duroiselle1921list	List 153	unclear	unparsed_locator	medium	Improve locator parsing or document the irregular locator form.	High-occurrence locator family still has an unclear locator parse.
List 154/a	fam-list-catalogue	sf-list	duroiselle1921list	duroiselle1921list	List 154/a	unclear	unparsed_locator	medium	Improve locator parsing or document the irregular locator form.	High-occurrence locator family still has an unclear locator parse.
List 154a+b	fam-list-catalogue	sf-list	duroiselle1921list	duroiselle1921list	List 154a+b	unclear	unparsed_locator	medium	Improve locator parsing or document the irregular locator form.	High-occurrence locator family still has an unclear locator parse.
List 156-157	fam-list-catalogue	sf-list	duroiselle1921list	duroiselle1921list	List 156-157	unclear	unparsed_locator	medium	Improve locator parsing or document the irregular locator form.	High-occurrence locator family still has an unclear locator parse.
List 160a+b	fam-list-catalogue	sf-list	duroiselle1921list	duroiselle1921list	List 160a+b	unclear	unparsed_locator	medium	Improve locator parsing or document the irregular locator form.	High-occurrence locator family still has an unclear locator parse.
List 161	fam-list-catalogue	sf-list	duroiselle1921list	duroiselle1921list	List 161	unclear	unparsed_locator	medium	Improve locator parsing or document the irregular locator form.	High-occurrence locator family still has an unclear locator parse.
List 163	fam-list-catalogue	sf-list	duroiselle1921list	duroiselle1921list	List 163	unclear	unparsed_locator	medium	Improve locator parsing or document the irregular locator form.	High-occurrence locator family still has an unclear locator parse.
List 165	fam-list-catalogue	sf-list	duroiselle1921list	duroiselle1921list	List 165	unclear	unparsed_locator	medium	Improve locator parsing or document the irregular locator form.	High-occurrence locator family still has an unclear locator parse.
List 168 a+b	fam-list-catalogue	sf-list	duroiselle1921list	duroiselle1921list	List 168 a+b	unclear	unparsed_locator	medium	Improve locator parsing or document the irregular locator form.	High-occurrence locator family still has an unclear locator parse.
List 168a+b	fam-list-catalogue	sf-list	duroiselle1921list	duroiselle1921list	List 168a+b	unclear	unparsed_locator	medium	Improve locator parsing or document the irregular locator form.	High-occurrence locator family still has an unclear locator parse.
List 169a	fam-list-catalogue	sf-list	duroiselle1921list	duroiselle1921list	List 169a	unclear	unparsed_locator	medium	Improve locator parsing or document the irregular locator form.	High-occurrence locator family still has an unclear locator parse.
List 169b	fam-list-catalogue	sf-list	duroiselle1921list	duroiselle1921list	List 169b	unclear	unparsed_locator	medium	Improve locator parsing or document the irregular locator form.	High-occurrence locator family still has an unclear locator parse.
List 171	fam-list-catalogue	sf-list	duroiselle1921list	duroiselle1921list	List 171	unclear	unparsed_locator	medium	Improve locator parsing or document the irregular locator form.	High-occurrence locator family still has an unclear locator parse.
List 172	fam-list-catalogue	sf-list	duroiselle1921list	duroiselle1921list	List 172	unclear	unparsed_locator	medium	Improve locator parsing or document the irregular locator form.	High-occurrence locator family still has an unclear locator parse.
List 173	fam-list-catalogue	sf-list	duroiselle1921list	duroiselle1921list	List 173	unclear	unparsed_locator	medium	Improve locator parsing or document the irregular locator form.	High-occurrence locator family still has an unclear locator parse.
List 174a+b	fam-list-catalogue	sf-list	duroiselle1921list	duroiselle1921list	List 174a+b	unclear	unparsed_locator	medium	Improve locator parsing or document the irregular locator form.	High-occurrence locator family still has an unclear locator parse.
List 175	fam-list-catalogue	sf-list	duroiselle1921list	duroiselle1921list	List 175	unclear	unparsed_locator	medium	Improve locator parsing or document the irregular locator form.	High-occurrence locator family still has an unclear locator parse.
List 176	fam-list-catalogue	sf-list	duroiselle1921list	duroiselle1921list	List 176	unclear	unparsed_locator	medium	Improve locator parsing or document the irregular locator form.	High-occurrence locator family still has an unclear locator parse.
List 179	fam-list-catalogue	sf-list	duroiselle1921list	duroiselle1921list	List 179	unclear	unparsed_locator	medium	Improve locator parsing or document the irregular locator form.	High-occurrence locator family still has an unclear locator parse.
List 182	fam-list-catalogue	sf-list	duroiselle1921list	duroiselle1921list	List 182	unclear	unparsed_locator	medium	Improve locator parsing or document the irregular locator form.	High-occurrence locator family still has an unclear locator parse.
List 183	fam-list-catalogue	sf-list	duroiselle1921list	duroiselle1921list	List 183	unclear	unparsed_locator	medium	Improve locator parsing or document the irregular locator form.	High-occurrence locator family still has an unclear locator parse.
List 185	fam-list-catalogue	sf-list	duroiselle1921list	duroiselle1921list	List 185	unclear	unparsed_locator	medium	Improve locator parsing or document the irregular locator form.	High-occurrence locator family still has an unclear locator parse.
List 186	fam-list-catalogue	sf-list	duroiselle1921list	duroiselle1921list	List 186	unclear	unparsed_locator	medium	Improve locator parsing or document the irregular locator form.	High-occurrence locator family still has an unclear locator parse.
List 189	fam-list-catalogue	sf-list	duroiselle1921list	duroiselle1921list	List 189	unclear	unparsed_locator	medium	Improve locator parsing or document the irregular locator form.	High-occurrence locator family still has an unclear locator parse.
List 190	fam-list-catalogue	sf-list	duroiselle1921list	duroiselle1921list	List 190	unclear	unparsed_locator	medium	Improve locator parsing or document the irregular locator form.	High-occurrence locator family still has an unclear locator parse.
List 191	fam-list-catalogue	sf-list	duroiselle1921list	duroiselle1921list	List 191	unclear	unparsed_locator	medium	Improve locator parsing or document the irregular locator form.	High-occurrence locator family still has an unclear locator parse.
List 193	fam-list-catalogue	sf-list	duroiselle1921list	duroiselle1921list	List 193	unclear	unparsed_locator	medium	Improve locator parsing or document the irregular locator form.	High-occurrence locator family still has an unclear locator parse.
List 194	fam-list-catalogue	sf-list	duroiselle1921list	duroiselle1921list	List 194	unclear	unparsed_locator	medium	Improve locator parsing or document the irregular locator form.	High-occurrence locator family still has an unclear locator parse.
List 195	fam-list-catalogue	sf-list	duroiselle1921list	duroiselle1921list	List 195	unclear	unparsed_locator	medium	Improve locator parsing or document the irregular locator form.	High-occurrence locator family still has an unclear locator parse.
List 196	fam-list-catalogue	sf-list	duroiselle1921list	duroiselle1921list	List 196	unclear	unparsed_locator	medium	Improve locator parsing or document the irregular locator form.	High-occurrence locator family still has an unclear locator parse.
List 197	fam-list-catalogue	sf-list	duroiselle1921list	duroiselle1921list	List 197	unclear	unparsed_locator	medium	Improve locator parsing or document the irregular locator form.	High-occurrence locator family still has an unclear locator parse.
List 198	fam-list-catalogue	sf-list	duroiselle1921list	duroiselle1921list	List 198	unclear	unparsed_locator	medium	Improve locator parsing or document the irregular locator form.	High-occurrence locator family still has an unclear locator parse.
List 199	fam-list-catalogue	sf-list	duroiselle1921list	duroiselle1921list	List 199	unclear	unparsed_locator	medium	Improve locator parsing or document the irregular locator form.	High-occurrence locator family still has an unclear locator parse.
List 201	fam-list-catalogue	sf-list	duroiselle1921list	duroiselle1921list	List 201	unclear	unparsed_locator	medium	Improve locator parsing or document the irregular locator form.	High-occurrence locator family still has an unclear locator parse.
List 202	fam-list-catalogue	sf-list	duroiselle1921list	duroiselle1921list	List 202	unclear	unparsed_locator	medium	Improve locator parsing or document the irregular locator form.	High-occurrence locator family still has an unclear locator parse.
List 203	fam-list-catalogue	sf-list	duroiselle1921list	duroiselle1921list	List 203	unclear	unparsed_locator	medium	Improve locator parsing or document the irregular locator form.	High-occurrence locator family still has an unclear locator parse.
List 204	fam-list-catalogue	sf-list	duroiselle1921list	duroiselle1921list	List 204	unclear	unparsed_locator	medium	Improve locator parsing or document the irregular locator form.	High-occurrence locator family still has an unclear locator parse.
List 205	fam-list-catalogue	sf-list	duroiselle1921list	duroiselle1921list	List 205	unclear	unparsed_locator	medium	Improve locator parsing or document the irregular locator form.	High-occurrence locator family still has an unclear locator parse.
List 206/List 220	fam-list-catalogue	sf-list	duroiselle1921list	duroiselle1921list	List 206/List 220	unclear	unparsed_locator	medium	Improve locator parsing or document the irregular locator form.	High-occurrence locator family still has an unclear locator parse.
List 208	fam-list-catalogue	sf-list	duroiselle1921list	duroiselle1921list	List 208	unclear	unparsed_locator	medium	Improve locator parsing or document the irregular locator form.	High-occurrence locator family still has an unclear locator parse.
List 209	fam-list-catalogue	sf-list	duroiselle1921list	duroiselle1921list	List 209	unclear	unparsed_locator	medium	Improve locator parsing or document the irregular locator form.	High-occurrence locator family still has an unclear locator parse.
List 211	fam-list-catalogue	sf-list	duroiselle1921list	duroiselle1921list	List 211	unclear	unparsed_locator	medium	Improve locator parsing or document the irregular locator form.	High-occurrence locator family still has an unclear locator parse.
List 213	fam-list-catalogue	sf-list	duroiselle1921list	duroiselle1921list	List 213	unclear	unparsed_locator	medium	Improve locator parsing or document the irregular locator form.	High-occurrence locator family still has an unclear locator parse.
List 214	fam-list-catalogue	sf-list	duroiselle1921list	duroiselle1921list	List 214	unclear	unparsed_locator	medium	Improve locator parsing or document the irregular locator form.	High-occurrence locator family still has an unclear locator parse.
List 215	fam-list-catalogue	sf-list	duroiselle1921list	duroiselle1921list	List 215	unclear	unparsed_locator	medium	Improve locator parsing or document the irregular locator form.	High-occurrence locator family still has an unclear locator parse.
List 216	fam-list-catalogue	sf-list	duroiselle1921list	duroiselle1921list	List 216	unclear	unparsed_locator	medium	Improve locator parsing or document the irregular locator form.	High-occurrence locator family still has an unclear locator parse.
List 217	fam-list-catalogue	sf-list	duroiselle1921list	duroiselle1921list	List 217	unclear	unparsed_locator	medium	Improve locator parsing or document the irregular locator form.	High-occurrence locator family still has an unclear locator parse.
List 218	fam-list-catalogue	sf-list	duroiselle1921list	duroiselle1921list	List 218	unclear	unparsed_locator	medium	Improve locator parsing or document the irregular locator form.	High-occurrence locator family still has an unclear locator parse.
List 222	fam-list-catalogue	sf-list	duroiselle1921list	duroiselle1921list	List 222	unclear	unparsed_locator	medium	Improve locator parsing or document the irregular locator form.	High-occurrence locator family still has an unclear locator parse.
List 224	fam-list-catalogue	sf-list	duroiselle1921list	duroiselle1921list	List 224	unclear	unparsed_locator	medium	Improve locator parsing or document the irregular locator form.	High-occurrence locator family still has an unclear locator parse.
List 226	fam-list-catalogue	sf-list	duroiselle1921list	duroiselle1921list	List 226	unclear	unparsed_locator	medium	Improve locator parsing or document the irregular locator form.	High-occurrence locator family still has an unclear locator parse.
List 228	fam-list-catalogue	sf-list	duroiselle1921list	duroiselle1921list	List 228	unclear	unparsed_locator	medium	Improve locator parsing or document the irregular locator form.	High-occurrence locator family still has an unclear locator parse.
List 229	fam-list-catalogue	sf-list	duroiselle1921list	duroiselle1921list	List 229	unclear	unparsed_locator	medium	Improve locator parsing or document the irregular locator form.	High-occurrence locator family still has an unclear locator parse.
List 23	fam-list-catalogue	sf-list	duroiselle1921list	duroiselle1921list	List 23	unclear	unparsed_locator	medium	Improve locator parsing or document the irregular locator form.	High-occurrence locator family still has an unclear locator parse.
List 23, 27 BED B 420-2	fam-list-catalogue	sf-list	duroiselle1921list	duroiselle1921list	List 23, 27 BED B 420-2	unclear	unparsed_locator	medium	Improve locator parsing or document the irregular locator form.	High-occurrence locator family still has an unclear locator parse.
List 230	fam-list-catalogue	sf-list	duroiselle1921list	duroiselle1921list	List 230	unclear	unparsed_locator	medium	Improve locator parsing or document the irregular locator form.	High-occurrence locator family still has an unclear locator parse.
List 231	fam-list-catalogue	sf-list	duroiselle1921list	duroiselle1921list	List 231	unclear	unparsed_locator	medium	Improve locator parsing or document the irregular locator form.	High-occurrence locator family still has an unclear locator parse.
List 232	fam-list-catalogue	sf-list	duroiselle1921list	duroiselle1921list	List 232	unclear	unparsed_locator	medium	Improve locator parsing or document the irregular locator form.	High-occurrence locator family still has an unclear locator parse.
List 233	fam-list-catalogue	sf-list	duroiselle1921list	duroiselle1921list	List 233	unclear	unparsed_locator	medium	Improve locator parsing or document the irregular locator form.	High-occurrence locator family still has an unclear locator parse.
List 235/b	fam-list-catalogue	sf-list	duroiselle1921list	duroiselle1921list	List 235/b	unclear	unparsed_locator	medium	Improve locator parsing or document the irregular locator form.	High-occurrence locator family still has an unclear locator parse.
List 235a+b	fam-list-catalogue	sf-list	duroiselle1921list	duroiselle1921list	List 235a+b	unclear	unparsed_locator	medium	Improve locator parsing or document the irregular locator form.	High-occurrence locator family still has an unclear locator parse.
List 236a+b	fam-list-catalogue	sf-list	duroiselle1921list	duroiselle1921list	List 236a+b	unclear	unparsed_locator	medium	Improve locator parsing or document the irregular locator form.	High-occurrence locator family still has an unclear locator parse.
List 237	fam-list-catalogue	sf-list	duroiselle1921list	duroiselle1921list	List 237	unclear	unparsed_locator	medium	Improve locator parsing or document the irregular locator form.	High-occurrence locator family still has an unclear locator parse.
List 238	fam-list-catalogue	sf-list	duroiselle1921list	duroiselle1921list	List 238	unclear	unparsed_locator	medium	Improve locator parsing or document the irregular locator form.	High-occurrence locator family still has an unclear locator parse.
List 24	fam-list-catalogue	sf-list	duroiselle1921list	duroiselle1921list	List 24	unclear	unparsed_locator	medium	Improve locator parsing or document the irregular locator form.	High-occurrence locator family still has an unclear locator parse.
List 241	fam-list-catalogue	sf-list	duroiselle1921list	duroiselle1921list	List 241	unclear	unparsed_locator	medium	Improve locator parsing or document the irregular locator form.	High-occurrence locator family still has an unclear locator parse.
List 242	fam-list-catalogue	sf-list	duroiselle1921list	duroiselle1921list	List 242	unclear	unparsed_locator	medium	Improve locator parsing or document the irregular locator form.	High-occurrence locator family still has an unclear locator parse.
List 243	fam-list-catalogue	sf-list	duroiselle1921list	duroiselle1921list	List 243	unclear	unparsed_locator	medium	Improve locator parsing or document the irregular locator form.	High-occurrence locator family still has an unclear locator parse.
List 244	fam-list-catalogue	sf-list	duroiselle1921list	duroiselle1921list	List 244	unclear	unparsed_locator	medium	Improve locator parsing or document the irregular locator form.	High-occurrence locator family still has an unclear locator parse.
List 246	fam-list-catalogue	sf-list	duroiselle1921list	duroiselle1921list	List 246	unclear	unparsed_locator	medium	Improve locator parsing or document the irregular locator form.	High-occurrence locator family still has an unclear locator parse.
List 247	fam-list-catalogue	sf-list	duroiselle1921list	duroiselle1921list	List 247	unclear	unparsed_locator	medium	Improve locator parsing or document the irregular locator form.	High-occurrence locator family still has an unclear locator parse.
List 248	fam-list-catalogue	sf-list	duroiselle1921list	duroiselle1921list	List 248	unclear	unparsed_locator	medium	Improve locator parsing or document the irregular locator form.	High-occurrence locator family still has an unclear locator parse.
List 249	fam-list-catalogue	sf-list	duroiselle1921list	duroiselle1921list	List 249	unclear	unparsed_locator	medium	Improve locator parsing or document the irregular locator form.	High-occurrence locator family still has an unclear locator parse.
List 253	fam-list-catalogue	sf-list	duroiselle1921list	duroiselle1921list	List 253	unclear	unparsed_locator	medium	Improve locator parsing or document the irregular locator form.	High-occurrence locator family still has an unclear locator parse.
List 254	fam-list-catalogue	sf-list	duroiselle1921list	duroiselle1921list	List 254	unclear	unparsed_locator	medium	Improve locator parsing or document the irregular locator form.	High-occurrence locator family still has an unclear locator parse.
List 255	fam-list-catalogue	sf-list	duroiselle1921list	duroiselle1921list	List 255	unclear	unparsed_locator	medium	Improve locator parsing or document the irregular locator form.	High-occurrence locator family still has an unclear locator parse.
List 256	fam-list-catalogue	sf-list	duroiselle1921list	duroiselle1921list	List 256	unclear	unparsed_locator	medium	Improve locator parsing or document the irregular locator form.	High-occurrence locator family still has an unclear locator parse.
List 257	fam-list-catalogue	sf-list	duroiselle1921list	duroiselle1921list	List 257	unclear	unparsed_locator	medium	Improve locator parsing or document the irregular locator form.	High-occurrence locator family still has an unclear locator parse.
List 258	fam-list-catalogue	sf-list	duroiselle1921list	duroiselle1921list	List 258	unclear	unparsed_locator	medium	Improve locator parsing or document the irregular locator form.	High-occurrence locator family still has an unclear locator parse.
List 258 (rev.)	fam-list-catalogue	sf-list	duroiselle1921list	duroiselle1921list	List 258 (rev.)	unclear	unparsed_locator	medium	Improve locator parsing or document the irregular locator form.	High-occurrence locator family still has an unclear locator parse.
List 259	fam-list-catalogue	sf-list	duroiselle1921list	duroiselle1921list	List 259	unclear	unparsed_locator	medium	Improve locator parsing or document the irregular locator form.	High-occurrence locator family still has an unclear locator parse.
List 260-261	fam-list-catalogue	sf-list	duroiselle1921list	duroiselle1921list	List 260-261	unclear	unparsed_locator	medium	Improve locator parsing or document the irregular locator form.	High-occurrence locator family still has an unclear locator parse.
List 262	fam-list-catalogue	sf-list	duroiselle1921list	duroiselle1921list	List 262	unclear	unparsed_locator	medium	Improve locator parsing or document the irregular locator form.	High-occurrence locator family still has an unclear locator parse.
List 262-263	fam-list-catalogue	sf-list	duroiselle1921list	duroiselle1921list	List 262-263	unclear	unparsed_locator	medium	Improve locator parsing or document the irregular locator form.	High-occurrence locator family still has an unclear locator parse.
List 264a	fam-list-catalogue	sf-list	duroiselle1921list	duroiselle1921list	List 264a	unclear	unparsed_locator	medium	Improve locator parsing or document the irregular locator form.	High-occurrence locator family still has an unclear locator parse.
List 267	fam-list-catalogue	sf-list	duroiselle1921list	duroiselle1921list	List 267	unclear	unparsed_locator	medium	Improve locator parsing or document the irregular locator form.	High-occurrence locator family still has an unclear locator parse.
List 27	fam-list-catalogue	sf-list	duroiselle1921list	duroiselle1921list	List 27	unclear	unparsed_locator	medium	Improve locator parsing or document the irregular locator form.	High-occurrence locator family still has an unclear locator parse.
List 270a+b	fam-list-catalogue	sf-list	duroiselle1921list	duroiselle1921list	List 270a+b	unclear	unparsed_locator	medium	Improve locator parsing or document the irregular locator form.	High-occurrence locator family still has an unclear locator parse.
List 271	fam-list-catalogue	sf-list	duroiselle1921list	duroiselle1921list	List 271	unclear	unparsed_locator	medium	Improve locator parsing or document the irregular locator form.	High-occurrence locator family still has an unclear locator parse.
List 271a+b	fam-list-catalogue	sf-list	duroiselle1921list	duroiselle1921list	List 271a+b	unclear	unparsed_locator	medium	Improve locator parsing or document the irregular locator form.	High-occurrence locator family still has an unclear locator parse.
List 272	fam-list-catalogue	sf-list	duroiselle1921list	duroiselle1921list	List 272	unclear	unparsed_locator	medium	Improve locator parsing or document the irregular locator form.	High-occurrence locator family still has an unclear locator parse.
List 273(a)	fam-list-catalogue	sf-list	duroiselle1921list	duroiselle1921list	List 273(a)	unclear	unparsed_locator	medium	Improve locator parsing or document the irregular locator form.	High-occurrence locator family still has an unclear locator parse.
List 273(b)	fam-list-catalogue	sf-list	duroiselle1921list	duroiselle1921list	List 273(b)	unclear	unparsed_locator	medium	Improve locator parsing or document the irregular locator form.	High-occurrence locator family still has an unclear locator parse.
List 278/b	fam-list-catalogue	sf-list	duroiselle1921list	duroiselle1921list	List 278/b	unclear	unparsed_locator	medium	Improve locator parsing or document the irregular locator form.	High-occurrence locator family still has an unclear locator parse.
List 278b (?)	fam-list-catalogue	sf-list	duroiselle1921list	duroiselle1921list	List 278b (?)	unclear	unparsed_locator	medium	Improve locator parsing or document the irregular locator form.	High-occurrence locator family still has an unclear locator parse.
List 284	fam-list-catalogue	sf-list	duroiselle1921list	duroiselle1921list	List 284	unclear	unparsed_locator	medium	Improve locator parsing or document the irregular locator form.	High-occurrence locator family still has an unclear locator parse.
List 285	fam-list-catalogue	sf-list	duroiselle1921list	duroiselle1921list	List 285	unclear	unparsed_locator	medium	Improve locator parsing or document the irregular locator form.	High-occurrence locator family still has an unclear locator parse.
List 287	fam-list-catalogue	sf-list	duroiselle1921list	duroiselle1921list	List 287	unclear	unparsed_locator	medium	Improve locator parsing or document the irregular locator form.	High-occurrence locator family still has an unclear locator parse.
List 288	fam-list-catalogue	sf-list	duroiselle1921list	duroiselle1921list	List 288	unclear	unparsed_locator	medium	Improve locator parsing or document the irregular locator form.	High-occurrence locator family still has an unclear locator parse.
List 290	fam-list-catalogue	sf-list	duroiselle1921list	duroiselle1921list	List 290	unclear	unparsed_locator	medium	Improve locator parsing or document the irregular locator form.	High-occurrence locator family still has an unclear locator parse.
List 291	fam-list-catalogue	sf-list	duroiselle1921list	duroiselle1921list	List 291	unclear	unparsed_locator	medium	Improve locator parsing or document the irregular locator form.	High-occurrence locator family still has an unclear locator parse.
List 292	fam-list-catalogue	sf-list	duroiselle1921list	duroiselle1921list	List 292	unclear	unparsed_locator	medium	Improve locator parsing or document the irregular locator form.	High-occurrence locator family still has an unclear locator parse.
List 295	fam-list-catalogue	sf-list	duroiselle1921list	duroiselle1921list	List 295	unclear	unparsed_locator	medium	Improve locator parsing or document the irregular locator form.	High-occurrence locator family still has an unclear locator parse.
List 30	fam-list-catalogue	sf-list	duroiselle1921list	duroiselle1921list	List 30	unclear	unparsed_locator	medium	Improve locator parsing or document the irregular locator form.	High-occurrence locator family still has an unclear locator parse.
List 302	fam-list-catalogue	sf-list	duroiselle1921list	duroiselle1921list	List 302	unclear	unparsed_locator	medium	Improve locator parsing or document the irregular locator form.	High-occurrence locator family still has an unclear locator parse.
List 303 a+b	fam-list-catalogue	sf-list	duroiselle1921list	duroiselle1921list	List 303 a+b	unclear	unparsed_locator	medium	Improve locator parsing or document the irregular locator form.	High-occurrence locator family still has an unclear locator parse.
List 305	fam-list-catalogue	sf-list	duroiselle1921list	duroiselle1921list	List 305	unclear	unparsed_locator	medium	Improve locator parsing or document the irregular locator form.	High-occurrence locator family still has an unclear locator parse.
List 306	fam-list-catalogue	sf-list	duroiselle1921list	duroiselle1921list	List 306	unclear	unparsed_locator	medium	Improve locator parsing or document the irregular locator form.	High-occurrence locator family still has an unclear locator parse.
List 307a+b	fam-list-catalogue	sf-list	duroiselle1921list	duroiselle1921list	List 307a+b	unclear	unparsed_locator	medium	Improve locator parsing or document the irregular locator form.	High-occurrence locator family still has an unclear locator parse.
List 308	fam-list-catalogue	sf-list	duroiselle1921list	duroiselle1921list	List 308	unclear	unparsed_locator	medium	Improve locator parsing or document the irregular locator form.	High-occurrence locator family still has an unclear locator parse.
List 31	fam-list-catalogue	sf-list	duroiselle1921list	duroiselle1921list	List 31	unclear	unparsed_locator	medium	Improve locator parsing or document the irregular locator form.	High-occurrence locator family still has an unclear locator parse.
List 314/a	fam-list-catalogue	sf-list	duroiselle1921list	duroiselle1921list	List 314/a	unclear	unparsed_locator	medium	Improve locator parsing or document the irregular locator form.	High-occurrence locator family still has an unclear locator parse.
List 314/b	fam-list-catalogue	sf-list	duroiselle1921list	duroiselle1921list	List 314/b	unclear	unparsed_locator	medium	Improve locator parsing or document the irregular locator form.	High-occurrence locator family still has an unclear locator parse.
List 314a+b	fam-list-catalogue	sf-list	duroiselle1921list	duroiselle1921list	List 314a+b	unclear	unparsed_locator	medium	Improve locator parsing or document the irregular locator form.	High-occurrence locator family still has an unclear locator parse.
List 32	fam-list-catalogue	sf-list	duroiselle1921list	duroiselle1921list	List 32	unclear	unparsed_locator	medium	Improve locator parsing or document the irregular locator form.	High-occurrence locator family still has an unclear locator parse.
List 323	fam-list-catalogue	sf-list	duroiselle1921list	duroiselle1921list	List 323	unclear	unparsed_locator	medium	Improve locator parsing or document the irregular locator form.	High-occurrence locator family still has an unclear locator parse.
List 328	fam-list-catalogue	sf-list	duroiselle1921list	duroiselle1921list	List 328	unclear	unparsed_locator	medium	Improve locator parsing or document the irregular locator form.	High-occurrence locator family still has an unclear locator parse.
List 329	fam-list-catalogue	sf-list	duroiselle1921list	duroiselle1921list	List 329	unclear	unparsed_locator	medium	Improve locator parsing or document the irregular locator form.	High-occurrence locator family still has an unclear locator parse.
List 330	fam-list-catalogue	sf-list	duroiselle1921list	duroiselle1921list	List 330	unclear	unparsed_locator	medium	Improve locator parsing or document the irregular locator form.	High-occurrence locator family still has an unclear locator parse.
List 331	fam-list-catalogue	sf-list	duroiselle1921list	duroiselle1921list	List 331	unclear	unparsed_locator	medium	Improve locator parsing or document the irregular locator form.	High-occurrence locator family still has an unclear locator parse.
List 332b	fam-list-catalogue	sf-list	duroiselle1921list	duroiselle1921list	List 332b	unclear	unparsed_locator	medium	Improve locator parsing or document the irregular locator form.	High-occurrence locator family still has an unclear locator parse.
List 333	fam-list-catalogue	sf-list	duroiselle1921list	duroiselle1921list	List 333	unclear	unparsed_locator	medium	Improve locator parsing or document the irregular locator form.	High-occurrence locator family still has an unclear locator parse.
List 334	fam-list-catalogue	sf-list	duroiselle1921list	duroiselle1921list	List 334	unclear	unparsed_locator	medium	Improve locator parsing or document the irregular locator form.	High-occurrence locator family still has an unclear locator parse.
List 335	fam-list-catalogue	sf-list	duroiselle1921list	duroiselle1921list	List 335	unclear	unparsed_locator	medium	Improve locator parsing or document the irregular locator form.	High-occurrence locator family still has an unclear locator parse.
List 339	fam-list-catalogue	sf-list	duroiselle1921list	duroiselle1921list	List 339	unclear	unparsed_locator	medium	Improve locator parsing or document the irregular locator form.	High-occurrence locator family still has an unclear locator parse.
List 340	fam-list-catalogue	sf-list	duroiselle1921list	duroiselle1921list	List 340	unclear	unparsed_locator	medium	Improve locator parsing or document the irregular locator form.	High-occurrence locator family still has an unclear locator parse.
List 343	fam-list-catalogue	sf-list	duroiselle1921list	duroiselle1921list	List 343	unclear	unparsed_locator	medium	Improve locator parsing or document the irregular locator form.	High-occurrence locator family still has an unclear locator parse.
List 344a	fam-list-catalogue	sf-list	duroiselle1921list	duroiselle1921list	List 344a	unclear	unparsed_locator	medium	Improve locator parsing or document the irregular locator form.	High-occurrence locator family still has an unclear locator parse.
List 346	fam-list-catalogue	sf-list	duroiselle1921list	duroiselle1921list	List 346	unclear	unparsed_locator	medium	Improve locator parsing or document the irregular locator form.	High-occurrence locator family still has an unclear locator parse.
List 351	fam-list-catalogue	sf-list	duroiselle1921list	duroiselle1921list	List 351	unclear	unparsed_locator	medium	Improve locator parsing or document the irregular locator form.	High-occurrence locator family still has an unclear locator parse.
List 363b	fam-list-catalogue	sf-list	duroiselle1921list	duroiselle1921list	List 363b	unclear	unparsed_locator	medium	Improve locator parsing or document the irregular locator form.	High-occurrence locator family still has an unclear locator parse.
List 368	fam-list-catalogue	sf-list	duroiselle1921list	duroiselle1921list	List 368	unclear	unparsed_locator	medium	Improve locator parsing or document the irregular locator form.	High-occurrence locator family still has an unclear locator parse.
List 380b	fam-list-catalogue	sf-list	duroiselle1921list	duroiselle1921list	List 380b	unclear	unparsed_locator	medium	Improve locator parsing or document the irregular locator form.	High-occurrence locator family still has an unclear locator parse.
List 404/a	fam-list-catalogue	sf-list	duroiselle1921list	duroiselle1921list	List 404/a	unclear	unparsed_locator	medium	Improve locator parsing or document the irregular locator form.	High-occurrence locator family still has an unclear locator parse.
List 406	fam-list-catalogue	sf-list	duroiselle1921list	duroiselle1921list	List 406	unclear	unparsed_locator	medium	Improve locator parsing or document the irregular locator form.	High-occurrence locator family still has an unclear locator parse.
List 46	fam-list-catalogue	sf-list	duroiselle1921list	duroiselle1921list	List 46	unclear	unparsed_locator	medium	Improve locator parsing or document the irregular locator form.	High-occurrence locator family still has an unclear locator parse.
List 46/a BED B 467-1	fam-list-catalogue	sf-list	duroiselle1921list	duroiselle1921list	List 46/a BED B 467-1	unclear	unparsed_locator	medium	Improve locator parsing or document the irregular locator form.	High-occurrence locator family still has an unclear locator parse.
List 465a	fam-list-catalogue	sf-list	duroiselle1921list	duroiselle1921list	List 465a	unclear	unparsed_locator	medium	Improve locator parsing or document the irregular locator form.	High-occurrence locator family still has an unclear locator parse.
List 479	fam-list-catalogue	sf-list	duroiselle1921list	duroiselle1921list	List 479	unclear	unparsed_locator	medium	Improve locator parsing or document the irregular locator form.	High-occurrence locator family still has an unclear locator parse.
List 48	fam-list-catalogue	sf-list	duroiselle1921list	duroiselle1921list	List 48	unclear	unparsed_locator	medium	Improve locator parsing or document the irregular locator form.	High-occurrence locator family still has an unclear locator parse.
List 486	fam-list-catalogue	sf-list	duroiselle1921list	duroiselle1921list	List 486	unclear	unparsed_locator	medium	Improve locator parsing or document the irregular locator form.	High-occurrence locator family still has an unclear locator parse.
List 487	fam-list-catalogue	sf-list	duroiselle1921list	duroiselle1921list	List 487	unclear	unparsed_locator	medium	Improve locator parsing or document the irregular locator form.	High-occurrence locator family still has an unclear locator parse.
List 49	fam-list-catalogue	sf-list	duroiselle1921list	duroiselle1921list	List 49	unclear	unparsed_locator	medium	Improve locator parsing or document the irregular locator form.	High-occurrence locator family still has an unclear locator parse.
List 50 a+b	fam-list-catalogue	sf-list	duroiselle1921list	duroiselle1921list	List 50 a+b	unclear	unparsed_locator	medium	Improve locator parsing or document the irregular locator form.	High-occurrence locator family still has an unclear locator parse.
List 51+52	fam-list-catalogue	sf-list	duroiselle1921list	duroiselle1921list	List 51+52	unclear	unparsed_locator	medium	Improve locator parsing or document the irregular locator form.	High-occurrence locator family still has an unclear locator parse.
List 512	fam-list-catalogue	sf-list	duroiselle1921list	duroiselle1921list	List 512	unclear	unparsed_locator	medium	Improve locator parsing or document the irregular locator form.	High-occurrence locator family still has an unclear locator parse.
List 516	fam-list-catalogue	sf-list	duroiselle1921list	duroiselle1921list	List 516	unclear	unparsed_locator	medium	Improve locator parsing or document the irregular locator form.	High-occurrence locator family still has an unclear locator parse.
List 52	fam-list-catalogue	sf-list	duroiselle1921list	duroiselle1921list	List 52	unclear	unparsed_locator	medium	Improve locator parsing or document the irregular locator form.	High-occurrence locator family still has an unclear locator parse.
List 533	fam-list-catalogue	sf-list	duroiselle1921list	duroiselle1921list	List 533	unclear	unparsed_locator	medium	Improve locator parsing or document the irregular locator form.	High-occurrence locator family still has an unclear locator parse.
List 536/b	fam-list-catalogue	sf-list	duroiselle1921list	duroiselle1921list	List 536/b	unclear	unparsed_locator	medium	Improve locator parsing or document the irregular locator form.	High-occurrence locator family still has an unclear locator parse.
List 634/a	fam-list-catalogue	sf-list	duroiselle1921list	duroiselle1921list	List 634/a	unclear	unparsed_locator	medium	Improve locator parsing or document the irregular locator form.	High-occurrence locator family still has an unclear locator parse.
List 634/d	fam-list-catalogue	sf-list	duroiselle1921list	duroiselle1921list	List 634/d	unclear	unparsed_locator	medium	Improve locator parsing or document the irregular locator form.	High-occurrence locator family still has an unclear locator parse.
List 638	fam-list-catalogue	sf-list	duroiselle1921list	duroiselle1921list	List 638	unclear	unparsed_locator	medium	Improve locator parsing or document the irregular locator form.	High-occurrence locator family still has an unclear locator parse.
List 66 a+b	fam-list-catalogue	sf-list	duroiselle1921list	duroiselle1921list	List 66 a+b	unclear	unparsed_locator	medium	Improve locator parsing or document the irregular locator form.	High-occurrence locator family still has an unclear locator parse.
List 67/a	fam-list-catalogue	sf-list	duroiselle1921list	duroiselle1921list	List 67/a	unclear	unparsed_locator	medium	Improve locator parsing or document the irregular locator form.	High-occurrence locator family still has an unclear locator parse.
List 67/b	fam-list-catalogue	sf-list	duroiselle1921list	duroiselle1921list	List 67/b	unclear	unparsed_locator	medium	Improve locator parsing or document the irregular locator form.	High-occurrence locator family still has an unclear locator parse.
List 67b	fam-list-catalogue	sf-list	duroiselle1921list	duroiselle1921list	List 67b	unclear	unparsed_locator	medium	Improve locator parsing or document the irregular locator form.	High-occurrence locator family still has an unclear locator parse.
List 710	fam-list-catalogue	sf-list	duroiselle1921list	duroiselle1921list	List 710	unclear	unparsed_locator	medium	Improve locator parsing or document the irregular locator form.	High-occurrence locator family still has an unclear locator parse.
List 72	fam-list-catalogue	sf-list	duroiselle1921list	duroiselle1921list	List 72	unclear	unparsed_locator	medium	Improve locator parsing or document the irregular locator form.	High-occurrence locator family still has an unclear locator parse.
List 722	fam-list-catalogue	sf-list	duroiselle1921list	duroiselle1921list	List 722	unclear	unparsed_locator	medium	Improve locator parsing or document the irregular locator form.	High-occurrence locator family still has an unclear locator parse.
List 73	fam-list-catalogue	sf-list	duroiselle1921list	duroiselle1921list	List 73	unclear	unparsed_locator	medium	Improve locator parsing or document the irregular locator form.	High-occurrence locator family still has an unclear locator parse.
List 748	fam-list-catalogue	sf-list	duroiselle1921list	duroiselle1921list	List 748	unclear	unparsed_locator	medium	Improve locator parsing or document the irregular locator form.	High-occurrence locator family still has an unclear locator parse.
List 78	fam-list-catalogue	sf-list	duroiselle1921list	duroiselle1921list	List 78	unclear	unparsed_locator	medium	Improve locator parsing or document the irregular locator form.	High-occurrence locator family still has an unclear locator parse.
List 80	fam-list-catalogue	sf-list	duroiselle1921list	duroiselle1921list	List 80	unclear	unparsed_locator	medium	Improve locator parsing or document the irregular locator form.	High-occurrence locator family still has an unclear locator parse.
List 81a+b	fam-list-catalogue	sf-list	duroiselle1921list	duroiselle1921list	List 81a+b	unclear	unparsed_locator	medium	Improve locator parsing or document the irregular locator form.	High-occurrence locator family still has an unclear locator parse.
List 890	fam-list-catalogue	sf-list	duroiselle1921list	duroiselle1921list	List 890	unclear	unparsed_locator	medium	Improve locator parsing or document the irregular locator form.	High-occurrence locator family still has an unclear locator parse.
List 90	fam-list-catalogue	sf-list	duroiselle1921list	duroiselle1921list	List 90	unclear	unparsed_locator	medium	Improve locator parsing or document the irregular locator form.	High-occurrence locator family still has an unclear locator parse.
List 91	fam-list-catalogue	sf-list	duroiselle1921list	duroiselle1921list	List 91	unclear	unparsed_locator	medium	Improve locator parsing or document the irregular locator form.	High-occurrence locator family still has an unclear locator parse.
List 92a	fam-list-catalogue	sf-list	duroiselle1921list	duroiselle1921list	List 92a	unclear	unparsed_locator	medium	Improve locator parsing or document the irregular locator form.	High-occurrence locator family still has an unclear locator parse.
List 92b	fam-list-catalogue	sf-list	duroiselle1921list	duroiselle1921list	List 92b	unclear	unparsed_locator	medium	Improve locator parsing or document the irregular locator form.	High-occurrence locator family still has an unclear locator parse.
List 963	fam-list-catalogue	sf-list	duroiselle1921list	duroiselle1921list	List 963	unclear	unparsed_locator	medium	Improve locator parsing or document the irregular locator form.	High-occurrence locator family still has an unclear locator parse.
List 97	fam-list-catalogue	sf-list	duroiselle1921list	duroiselle1921list	List 97	unclear	unparsed_locator	medium	Improve locator parsing or document the irregular locator form.	High-occurrence locator family still has an unclear locator parse.
List <xx>	fam-list-catalogue	sf-list	duroiselle1921list	duroiselle1921list	List <xx>	unclear	unparsed_locator	medium	Improve locator parsing or document the irregular locator form.	High-occurrence locator family still has an unclear locator parse.
List ?	fam-list-catalogue	sf-list	duroiselle1921list	duroiselle1921list	List ?	unclear	unparsed_locator	medium	Improve locator parsing or document the irregular locator form.	High-occurrence locator family still has an unclear locator parse.
List ???	fam-list-catalogue	sf-list	duroiselle1921list	duroiselle1921list	List ???	unclear	unparsed_locator	medium	Improve locator parsing or document the irregular locator form.	High-occurrence locator family still has an unclear locator parse.
List-123/a	fam-list-catalogue	sf-list	duroiselle1921list	duroiselle1921list	List-123/a	unclear	unparsed_locator	medium	Improve locator parsing or document the irregular locator form.	High-occurrence locator family still has an unclear locator parse.
List-123/b	fam-list-catalogue	sf-list	duroiselle1921list	duroiselle1921list	List-123/b	unclear	unparsed_locator	medium	Improve locator parsing or document the irregular locator form.	High-occurrence locator family still has an unclear locator parse.
List-129 BED B 554-4	fam-list-catalogue	sf-list	duroiselle1921list	duroiselle1921list	List-129 BED B 554-4	unclear	unparsed_locator	medium	Improve locator parsing or document the irregular locator form.	High-occurrence locator family still has an unclear locator parse.
List-145/a	fam-list-catalogue	sf-list	duroiselle1921list	duroiselle1921list	List-145/a	unclear	unparsed_locator	medium	Improve locator parsing or document the irregular locator form.	High-occurrence locator family still has an unclear locator parse.
List-145/c	fam-list-catalogue	sf-list	duroiselle1921list	duroiselle1921list	List-145/c	unclear	unparsed_locator	medium	Improve locator parsing or document the irregular locator form.	High-occurrence locator family still has an unclear locator parse.
List-146 BED B 559-6 & B 556-5	fam-list-catalogue	sf-list	duroiselle1921list	duroiselle1921list	List-146 BED B 559-6 & B 556-5	unclear	unparsed_locator	medium	Improve locator parsing or document the irregular locator form.	High-occurrence locator family still has an unclear locator parse.
List-151 BED B 560-6	fam-list-catalogue	sf-list	duroiselle1921list	duroiselle1921list	List-151 BED B 560-6	unclear	unparsed_locator	medium	Improve locator parsing or document the irregular locator form.	High-occurrence locator family still has an unclear locator parse.
List-154/b	fam-list-catalogue	sf-list	duroiselle1921list	duroiselle1921list	List-154/b	unclear	unparsed_locator	medium	Improve locator parsing or document the irregular locator form.	High-occurrence locator family still has an unclear locator parse.
List-157, 156 BED B 562-5	fam-list-catalogue	sf-list	duroiselle1921list	duroiselle1921list	List-157, 156 BED B 562-5	unclear	unparsed_locator	medium	Improve locator parsing or document the irregular locator form.	High-occurrence locator family still has an unclear locator parse.
List-160/a	fam-list-catalogue	sf-list	duroiselle1921list	duroiselle1921list	List-160/a	unclear	unparsed_locator	medium	Improve locator parsing or document the irregular locator form.	High-occurrence locator family still has an unclear locator parse.
List-160/b	fam-list-catalogue	sf-list	duroiselle1921list	duroiselle1921list	List-160/b	unclear	unparsed_locator	medium	Improve locator parsing or document the irregular locator form.	High-occurrence locator family still has an unclear locator parse.
List-163 BED B 562-2	fam-list-catalogue	sf-list	duroiselle1921list	duroiselle1921list	List-163 BED B 562-2	unclear	unparsed_locator	medium	Improve locator parsing or document the irregular locator form.	High-occurrence locator family still has an unclear locator parse.
List-165-27 BED B 566-2	fam-list-catalogue	sf-list	duroiselle1921list	duroiselle1921list	List-165-27 BED B 566-2	unclear	unparsed_locator	medium	Improve locator parsing or document the irregular locator form.	High-occurrence locator family still has an unclear locator parse.
List-168/a	fam-list-catalogue	sf-list	duroiselle1921list	duroiselle1921list	List-168/a	unclear	unparsed_locator	medium	Improve locator parsing or document the irregular locator form.	High-occurrence locator family still has an unclear locator parse.
List-169/a & IOB1-30/a & BED A	fam-list-catalogue	sf-list	duroiselle1921list	duroiselle1921list	List-169/a & IOB1-30/a & BED A	unclear	unparsed_locator	medium	Improve locator parsing or document the irregular locator form.	High-occurrence locator family still has an unclear locator parse.
List-169/a & IOB1-30/a & BED B 619-1	fam-list-catalogue	sf-list	duroiselle1921list	duroiselle1921list	List-169/a & IOB1-30/a & BED B 619-1	unclear	unparsed_locator	medium	Improve locator parsing or document the irregular locator form.	High-occurrence locator family still has an unclear locator parse.
List-174/a	fam-list-catalogue	sf-list	duroiselle1921list	duroiselle1921list	List-174/a	unclear	unparsed_locator	medium	Improve locator parsing or document the irregular locator form.	High-occurrence locator family still has an unclear locator parse.
List-174/b	fam-list-catalogue	sf-list	duroiselle1921list	duroiselle1921list	List-174/b	unclear	unparsed_locator	medium	Improve locator parsing or document the irregular locator form.	High-occurrence locator family still has an unclear locator parse.
List-182 BED B 573-1	fam-list-catalogue	sf-list	duroiselle1921list	duroiselle1921list	List-182 BED B 573-1	unclear	unparsed_locator	medium	Improve locator parsing or document the irregular locator form.	High-occurrence locator family still has an unclear locator parse.
List-182 BED B 579-2	fam-list-catalogue	sf-list	duroiselle1921list	duroiselle1921list	List-182 BED B 579-2	unclear	unparsed_locator	medium	Improve locator parsing or document the irregular locator form.	High-occurrence locator family still has an unclear locator parse.
List-185,	fam-list-catalogue	sf-list	duroiselle1921list	duroiselle1921list	List-185,	unclear	unparsed_locator	medium	Improve locator parsing or document the irregular locator form.	High-occurrence locator family still has an unclear locator parse.
List-201 BED B 598-10	fam-list-catalogue	sf-list	duroiselle1921list	duroiselle1921list	List-201 BED B 598-10	unclear	unparsed_locator	medium	Improve locator parsing or document the irregular locator form.	High-occurrence locator family still has an unclear locator parse.
List-233,	fam-list-catalogue	sf-list	duroiselle1921list	duroiselle1921list	List-233,	unclear	unparsed_locator	medium	Improve locator parsing or document the irregular locator form.	High-occurrence locator family still has an unclear locator parse.
List-235/a	fam-list-catalogue	sf-list	duroiselle1921list	duroiselle1921list	List-235/a	unclear	unparsed_locator	medium	Improve locator parsing or document the irregular locator form.	High-occurrence locator family still has an unclear locator parse.
List-236/a	fam-list-catalogue	sf-list	duroiselle1921list	duroiselle1921list	List-236/a	unclear	unparsed_locator	medium	Improve locator parsing or document the irregular locator form.	High-occurrence locator family still has an unclear locator parse.
List-236/b	fam-list-catalogue	sf-list	duroiselle1921list	duroiselle1921list	List-236/b	unclear	unparsed_locator	medium	Improve locator parsing or document the irregular locator form.	High-occurrence locator family still has an unclear locator parse.
List-24,	fam-list-catalogue	sf-list	duroiselle1921list	duroiselle1921list	List-24,	unclear	unparsed_locator	medium	Improve locator parsing or document the irregular locator form.	High-occurrence locator family still has an unclear locator parse.
List-248 BED B 600-1	fam-list-catalogue	sf-list	duroiselle1921list	duroiselle1921list	List-248 BED B 600-1	unclear	unparsed_locator	medium	Improve locator parsing or document the irregular locator form.	High-occurrence locator family still has an unclear locator parse.
List-254,	fam-list-catalogue	sf-list	duroiselle1921list	duroiselle1921list	List-254,	unclear	unparsed_locator	medium	Improve locator parsing or document the irregular locator form.	High-occurrence locator family still has an unclear locator parse.
List-263,	fam-list-catalogue	sf-list	duroiselle1921list	duroiselle1921list	List-263,	unclear	unparsed_locator	medium	Improve locator parsing or document the irregular locator form.	High-occurrence locator family still has an unclear locator parse.
List-264/a	fam-list-catalogue	sf-list	duroiselle1921list	duroiselle1921list	List-264/a	unclear	unparsed_locator	medium	Improve locator parsing or document the irregular locator form.	High-occurrence locator family still has an unclear locator parse.
List-264/b	fam-list-catalogue	sf-list	duroiselle1921list	duroiselle1921list	List-264/b	unclear	unparsed_locator	medium	Improve locator parsing or document the irregular locator form.	High-occurrence locator family still has an unclear locator parse.
List-266/a	fam-list-catalogue	sf-list	duroiselle1921list	duroiselle1921list	List-266/a	unclear	unparsed_locator	medium	Improve locator parsing or document the irregular locator form.	High-occurrence locator family still has an unclear locator parse.
List-266/b	fam-list-catalogue	sf-list	duroiselle1921list	duroiselle1921list	List-266/b	unclear	unparsed_locator	medium	Improve locator parsing or document the irregular locator form.	High-occurrence locator family still has an unclear locator parse.
List-273/a	fam-list-catalogue	sf-list	duroiselle1921list	duroiselle1921list	List-273/a	unclear	unparsed_locator	medium	Improve locator parsing or document the irregular locator form.	High-occurrence locator family still has an unclear locator parse.
List-273/b	fam-list-catalogue	sf-list	duroiselle1921list	duroiselle1921list	List-273/b	unclear	unparsed_locator	medium	Improve locator parsing or document the irregular locator form.	High-occurrence locator family still has an unclear locator parse.
List-276/a	fam-list-catalogue	sf-list	duroiselle1921list	duroiselle1921list	List-276/a	unclear	unparsed_locator	medium	Improve locator parsing or document the irregular locator form.	High-occurrence locator family still has an unclear locator parse.
List-276/b	fam-list-catalogue	sf-list	duroiselle1921list	duroiselle1921list	List-276/b	unclear	unparsed_locator	medium	Improve locator parsing or document the irregular locator form.	High-occurrence locator family still has an unclear locator parse.
List-278/a	fam-list-catalogue	sf-list	duroiselle1921list	duroiselle1921list	List-278/a	unclear	unparsed_locator	medium	Improve locator parsing or document the irregular locator form.	High-occurrence locator family still has an unclear locator parse.
List-285,	fam-list-catalogue	sf-list	duroiselle1921list	duroiselle1921list	List-285,	unclear	unparsed_locator	medium	Improve locator parsing or document the irregular locator form.	High-occurrence locator family still has an unclear locator parse.
List-30 BED B 447-1	fam-list-catalogue	sf-list	duroiselle1921list	duroiselle1921list	List-30 BED B 447-1	unclear	unparsed_locator	medium	Improve locator parsing or document the irregular locator form.	High-occurrence locator family still has an unclear locator parse.
List-303/a	fam-list-catalogue	sf-list	duroiselle1921list	duroiselle1921list	List-303/a	unclear	unparsed_locator	medium	Improve locator parsing or document the irregular locator form.	High-occurrence locator family still has an unclear locator parse.
List-303/b	fam-list-catalogue	sf-list	duroiselle1921list	duroiselle1921list	List-303/b	unclear	unparsed_locator	medium	Improve locator parsing or document the irregular locator form.	High-occurrence locator family still has an unclear locator parse.
List-306/a	fam-list-catalogue	sf-list	duroiselle1921list	duroiselle1921list	List-306/a	unclear	unparsed_locator	medium	Improve locator parsing or document the irregular locator form.	High-occurrence locator family still has an unclear locator parse.
List-306/b	fam-list-catalogue	sf-list	duroiselle1921list	duroiselle1921list	List-306/b	unclear	unparsed_locator	medium	Improve locator parsing or document the irregular locator form.	High-occurrence locator family still has an unclear locator parse.
List-307/a	fam-list-catalogue	sf-list	duroiselle1921list	duroiselle1921list	List-307/a	unclear	unparsed_locator	medium	Improve locator parsing or document the irregular locator form.	High-occurrence locator family still has an unclear locator parse.
List-307/b	fam-list-catalogue	sf-list	duroiselle1921list	duroiselle1921list	List-307/b	unclear	unparsed_locator	medium	Improve locator parsing or document the irregular locator form.	High-occurrence locator family still has an unclear locator parse.
List-313,	fam-list-catalogue	sf-list	duroiselle1921list	duroiselle1921list	List-313,	unclear	unparsed_locator	medium	Improve locator parsing or document the irregular locator form.	High-occurrence locator family still has an unclear locator parse.
List-32 BED B 562-4	fam-list-catalogue	sf-list	duroiselle1921list	duroiselle1921list	List-32 BED B 562-4	unclear	unparsed_locator	medium	Improve locator parsing or document the irregular locator form.	High-occurrence locator family still has an unclear locator parse.
List-332/a	fam-list-catalogue	sf-list	duroiselle1921list	duroiselle1921list	List-332/a	unclear	unparsed_locator	medium	Improve locator parsing or document the irregular locator form.	High-occurrence locator family still has an unclear locator parse.
List-332/b	fam-list-catalogue	sf-list	duroiselle1921list	duroiselle1921list	List-332/b	unclear	unparsed_locator	medium	Improve locator parsing or document the irregular locator form.	High-occurrence locator family still has an unclear locator parse.
List-335,	fam-list-catalogue	sf-list	duroiselle1921list	duroiselle1921list	List-335,	unclear	unparsed_locator	medium	Improve locator parsing or document the irregular locator form.	High-occurrence locator family still has an unclear locator parse.
List-344/a	fam-list-catalogue	sf-list	duroiselle1921list	duroiselle1921list	List-344/a	unclear	unparsed_locator	medium	Improve locator parsing or document the irregular locator form.	High-occurrence locator family still has an unclear locator parse.
List-344/b	fam-list-catalogue	sf-list	duroiselle1921list	duroiselle1921list	List-344/b	unclear	unparsed_locator	medium	Improve locator parsing or document the irregular locator form.	High-occurrence locator family still has an unclear locator parse.
List-346/a BED B 429-1	fam-list-catalogue	sf-list	duroiselle1921list	duroiselle1921list	List-346/a BED B 429-1	unclear	unparsed_locator	medium	Improve locator parsing or document the irregular locator form.	High-occurrence locator family still has an unclear locator parse.
List-353/b	fam-list-catalogue	sf-list	duroiselle1921list	duroiselle1921list	List-353/b	unclear	unparsed_locator	medium	Improve locator parsing or document the irregular locator form.	High-occurrence locator family still has an unclear locator parse.
List-354/a	fam-list-catalogue	sf-list	duroiselle1921list	duroiselle1921list	List-354/a	unclear	unparsed_locator	medium	Improve locator parsing or document the irregular locator form.	High-occurrence locator family still has an unclear locator parse.
List-354/b	fam-list-catalogue	sf-list	duroiselle1921list	duroiselle1921list	List-354/b	unclear	unparsed_locator	medium	Improve locator parsing or document the irregular locator form.	High-occurrence locator family still has an unclear locator parse.
List-357/a & 358/a	fam-list-catalogue	sf-list	duroiselle1921list	duroiselle1921list	List-357/a & 358/a	unclear	unparsed_locator	medium	Improve locator parsing or document the irregular locator form.	High-occurrence locator family still has an unclear locator parse.
List-357/b & 358/b	fam-list-catalogue	sf-list	duroiselle1921list	duroiselle1921list	List-357/b & 358/b	unclear	unparsed_locator	medium	Improve locator parsing or document the irregular locator form.	High-occurrence locator family still has an unclear locator parse.
List-363/b	fam-list-catalogue	sf-list	duroiselle1921list	duroiselle1921list	List-363/b	unclear	unparsed_locator	medium	Improve locator parsing or document the irregular locator form.	High-occurrence locator family still has an unclear locator parse.
List-368,	fam-list-catalogue	sf-list	duroiselle1921list	duroiselle1921list	List-368,	unclear	unparsed_locator	medium	Improve locator parsing or document the irregular locator form.	High-occurrence locator family still has an unclear locator parse.
List-368/a	fam-list-catalogue	sf-list	duroiselle1921list	duroiselle1921list	List-368/a	unclear	unparsed_locator	medium	Improve locator parsing or document the irregular locator form.	High-occurrence locator family still has an unclear locator parse.
List-373/a	fam-list-catalogue	sf-list	duroiselle1921list	duroiselle1921list	List-373/a	unclear	unparsed_locator	medium	Improve locator parsing or document the irregular locator form.	High-occurrence locator family still has an unclear locator parse.
List-378/a	fam-list-catalogue	sf-list	duroiselle1921list	duroiselle1921list	List-378/a	unclear	unparsed_locator	medium	Improve locator parsing or document the irregular locator form.	High-occurrence locator family still has an unclear locator parse.
List-378/b	fam-list-catalogue	sf-list	duroiselle1921list	duroiselle1921list	List-378/b	unclear	unparsed_locator	medium	Improve locator parsing or document the irregular locator form.	High-occurrence locator family still has an unclear locator parse.
List-378/c	fam-list-catalogue	sf-list	duroiselle1921list	duroiselle1921list	List-378/c	unclear	unparsed_locator	medium	Improve locator parsing or document the irregular locator form.	High-occurrence locator family still has an unclear locator parse.
List-378/d	fam-list-catalogue	sf-list	duroiselle1921list	duroiselle1921list	List-378/d	unclear	unparsed_locator	medium	Improve locator parsing or document the irregular locator form.	High-occurrence locator family still has an unclear locator parse.
List-380/b	fam-list-catalogue	sf-list	duroiselle1921list	duroiselle1921list	List-380/b	unclear	unparsed_locator	medium	Improve locator parsing or document the irregular locator form.	High-occurrence locator family still has an unclear locator parse.
List-383/a	fam-list-catalogue	sf-list	duroiselle1921list	duroiselle1921list	List-383/a	unclear	unparsed_locator	medium	Improve locator parsing or document the irregular locator form.	High-occurrence locator family still has an unclear locator parse.
List-384/b	fam-list-catalogue	sf-list	duroiselle1921list	duroiselle1921list	List-384/b	unclear	unparsed_locator	medium	Improve locator parsing or document the irregular locator form.	High-occurrence locator family still has an unclear locator parse.
List-392/a	fam-list-catalogue	sf-list	duroiselle1921list	duroiselle1921list	List-392/a	unclear	unparsed_locator	medium	Improve locator parsing or document the irregular locator form.	High-occurrence locator family still has an unclear locator parse.
List-392/b	fam-list-catalogue	sf-list	duroiselle1921list	duroiselle1921list	List-392/b	unclear	unparsed_locator	medium	Improve locator parsing or document the irregular locator form.	High-occurrence locator family still has an unclear locator parse.
List-400/a/a	fam-list-catalogue	sf-list	duroiselle1921list	duroiselle1921list	List-400/a/a	unclear	unparsed_locator	medium	Improve locator parsing or document the irregular locator form.	High-occurrence locator family still has an unclear locator parse.
List-404/b	fam-list-catalogue	sf-list	duroiselle1921list	duroiselle1921list	List-404/b	unclear	unparsed_locator	medium	Improve locator parsing or document the irregular locator form.	High-occurrence locator family still has an unclear locator parse.
List-409/a	fam-list-catalogue	sf-list	duroiselle1921list	duroiselle1921list	List-409/a	unclear	unparsed_locator	medium	Improve locator parsing or document the irregular locator form.	High-occurrence locator family still has an unclear locator parse.
List-409/b	fam-list-catalogue	sf-list	duroiselle1921list	duroiselle1921list	List-409/b	unclear	unparsed_locator	medium	Improve locator parsing or document the irregular locator form.	High-occurrence locator family still has an unclear locator parse.
List-410/a	fam-list-catalogue	sf-list	duroiselle1921list	duroiselle1921list	List-410/a	unclear	unparsed_locator	medium	Improve locator parsing or document the irregular locator form.	High-occurrence locator family still has an unclear locator parse.
List-410/b	fam-list-catalogue	sf-list	duroiselle1921list	duroiselle1921list	List-410/b	unclear	unparsed_locator	medium	Improve locator parsing or document the irregular locator form.	High-occurrence locator family still has an unclear locator parse.
List-443, 437	fam-list-catalogue	sf-list	duroiselle1921list	duroiselle1921list	List-443, 437	unclear	unparsed_locator	medium	Improve locator parsing or document the irregular locator form.	High-occurrence locator family still has an unclear locator parse.
List-448 BED B 622-6	fam-list-catalogue	sf-list	duroiselle1921list	duroiselle1921list	List-448 BED B 622-6	unclear	unparsed_locator	medium	Improve locator parsing or document the irregular locator form.	High-occurrence locator family still has an unclear locator parse.
List-465/a	fam-list-catalogue	sf-list	duroiselle1921list	duroiselle1921list	List-465/a	unclear	unparsed_locator	medium	Improve locator parsing or document the irregular locator form.	High-occurrence locator family still has an unclear locator parse.
List-48 BED B 468-1	fam-list-catalogue	sf-list	duroiselle1921list	duroiselle1921list	List-48 BED B 468-1	unclear	unparsed_locator	medium	Improve locator parsing or document the irregular locator form.	High-occurrence locator family still has an unclear locator parse.
List-49 BED B 469-1	fam-list-catalogue	sf-list	duroiselle1921list	duroiselle1921list	List-49 BED B 469-1	unclear	unparsed_locator	medium	Improve locator parsing or document the irregular locator form.	High-occurrence locator family still has an unclear locator parse.
List-498,	fam-list-catalogue	sf-list	duroiselle1921list	duroiselle1921list	List-498,	unclear	unparsed_locator	medium	Improve locator parsing or document the irregular locator form.	High-occurrence locator family still has an unclear locator parse.
List-50/a BED B 472-1	fam-list-catalogue	sf-list	duroiselle1921list	duroiselle1921list	List-50/a BED B 472-1	unclear	unparsed_locator	medium	Improve locator parsing or document the irregular locator form.	High-occurrence locator family still has an unclear locator parse.
List-503,	fam-list-catalogue	sf-list	duroiselle1921list	duroiselle1921list	List-503,	unclear	unparsed_locator	medium	Improve locator parsing or document the irregular locator form.	High-occurrence locator family still has an unclear locator parse.
List-504/b	fam-list-catalogue	sf-list	duroiselle1921list	duroiselle1921list	List-504/b	unclear	unparsed_locator	medium	Improve locator parsing or document the irregular locator form.	High-occurrence locator family still has an unclear locator parse.
List-516,	fam-list-catalogue	sf-list	duroiselle1921list	duroiselle1921list	List-516,	unclear	unparsed_locator	medium	Improve locator parsing or document the irregular locator form.	High-occurrence locator family still has an unclear locator parse.
List-517/a,	fam-list-catalogue	sf-list	duroiselle1921list	duroiselle1921list	List-517/a,	unclear	unparsed_locator	medium	Improve locator parsing or document the irregular locator form.	High-occurrence locator family still has an unclear locator parse.
List-517/b,	fam-list-catalogue	sf-list	duroiselle1921list	duroiselle1921list	List-517/b,	unclear	unparsed_locator	medium	Improve locator parsing or document the irregular locator form.	High-occurrence locator family still has an unclear locator parse.
List-523,	fam-list-catalogue	sf-list	duroiselle1921list	duroiselle1921list	List-523,	unclear	unparsed_locator	medium	Improve locator parsing or document the irregular locator form.	High-occurrence locator family still has an unclear locator parse.
List-524/a	fam-list-catalogue	sf-list	duroiselle1921list	duroiselle1921list	List-524/a	unclear	unparsed_locator	medium	Improve locator parsing or document the irregular locator form.	High-occurrence locator family still has an unclear locator parse.
List-524/b	fam-list-catalogue	sf-list	duroiselle1921list	duroiselle1921list	List-524/b	unclear	unparsed_locator	medium	Improve locator parsing or document the irregular locator form.	High-occurrence locator family still has an unclear locator parse.
List-525/a--468/a	fam-list-catalogue	sf-list	duroiselle1921list	duroiselle1921list	List-525/a--468/a	unclear	unparsed_locator	medium	Improve locator parsing or document the irregular locator form.	High-occurrence locator family still has an unclear locator parse.
List-532/a	fam-list-catalogue	sf-list	duroiselle1921list	duroiselle1921list	List-532/a	unclear	unparsed_locator	medium	Improve locator parsing or document the irregular locator form.	High-occurrence locator family still has an unclear locator parse.
List-535/b	fam-list-catalogue	sf-list	duroiselle1921list	duroiselle1921list	List-535/b	unclear	unparsed_locator	medium	Improve locator parsing or document the irregular locator form.	High-occurrence locator family still has an unclear locator parse.
List-564/a	fam-list-catalogue	sf-list	duroiselle1921list	duroiselle1921list	List-564/a	unclear	unparsed_locator	medium	Improve locator parsing or document the irregular locator form.	High-occurrence locator family still has an unclear locator parse.
List-564/b	fam-list-catalogue	sf-list	duroiselle1921list	duroiselle1921list	List-564/b	unclear	unparsed_locator	medium	Improve locator parsing or document the irregular locator form.	High-occurrence locator family still has an unclear locator parse.
List-565/b,	fam-list-catalogue	sf-list	duroiselle1921list	duroiselle1921list	List-565/b,	unclear	unparsed_locator	medium	Improve locator parsing or document the irregular locator form.	High-occurrence locator family still has an unclear locator parse.
List-633/a	fam-list-catalogue	sf-list	duroiselle1921list	duroiselle1921list	List-633/a	unclear	unparsed_locator	medium	Improve locator parsing or document the irregular locator form.	High-occurrence locator family still has an unclear locator parse.
List-634/b	fam-list-catalogue	sf-list	duroiselle1921list	duroiselle1921list	List-634/b	unclear	unparsed_locator	medium	Improve locator parsing or document the irregular locator form.	High-occurrence locator family still has an unclear locator parse.
List-634/c	fam-list-catalogue	sf-list	duroiselle1921list	duroiselle1921list	List-634/c	unclear	unparsed_locator	medium	Improve locator parsing or document the irregular locator form.	High-occurrence locator family still has an unclear locator parse.
List-66/a	fam-list-catalogue	sf-list	duroiselle1921list	duroiselle1921list	List-66/a	unclear	unparsed_locator	medium	Improve locator parsing or document the irregular locator form.	High-occurrence locator family still has an unclear locator parse.
List-66/b	fam-list-catalogue	sf-list	duroiselle1921list	duroiselle1921list	List-66/b	unclear	unparsed_locator	medium	Improve locator parsing or document the irregular locator form.	High-occurrence locator family still has an unclear locator parse.
List-701/a	fam-list-catalogue	sf-list	duroiselle1921list	duroiselle1921list	List-701/a	unclear	unparsed_locator	medium	Improve locator parsing or document the irregular locator form.	High-occurrence locator family still has an unclear locator parse.
List-701/b	fam-list-catalogue	sf-list	duroiselle1921list	duroiselle1921list	List-701/b	unclear	unparsed_locator	medium	Improve locator parsing or document the irregular locator form.	High-occurrence locator family still has an unclear locator parse.
List-73 BED B 513-3	fam-list-catalogue	sf-list	duroiselle1921list	duroiselle1921list	List-73 BED B 513-3	unclear	unparsed_locator	medium	Improve locator parsing or document the irregular locator form.	High-occurrence locator family still has an unclear locator parse.
List-81/a	fam-list-catalogue	sf-list	duroiselle1921list	duroiselle1921list	List-81/a	unclear	unparsed_locator	medium	Improve locator parsing or document the irregular locator form.	High-occurrence locator family still has an unclear locator parse.
List-81/b	fam-list-catalogue	sf-list	duroiselle1921list	duroiselle1921list	List-81/b	unclear	unparsed_locator	medium	Improve locator parsing or document the irregular locator form.	High-occurrence locator family still has an unclear locator parse.
List-91 BED B 534-2	fam-list-catalogue	sf-list	duroiselle1921list	duroiselle1921list	List-91 BED B 534-2	unclear	unparsed_locator	medium	Improve locator parsing or document the irregular locator form.	High-occurrence locator family still has an unclear locator parse.
List-92/a	fam-list-catalogue	sf-list	duroiselle1921list	duroiselle1921list	List-92/a	unclear	unparsed_locator	medium	Improve locator parsing or document the irregular locator form.	High-occurrence locator family still has an unclear locator parse.
List-92/b	fam-list-catalogue	sf-list	duroiselle1921list	duroiselle1921list	List-92/b	unclear	unparsed_locator	medium	Improve locator parsing or document the irregular locator form.	High-occurrence locator family still has an unclear locator parse.
List-97 BED B 547-2	fam-list-catalogue	sf-list	duroiselle1921list	duroiselle1921list	List-97 BED B 547-2	unclear	unparsed_locator	medium	Improve locator parsing or document the irregular locator form.	High-occurrence locator family still has an unclear locator parse.
List-982,	fam-list-catalogue	sf-list	duroiselle1921list	duroiselle1921list	List-982,	unclear	unparsed_locator	medium	Improve locator parsing or document the irregular locator form.	High-occurrence locator family still has an unclear locator parse.
TN, p.	fam-tn-catalogue	sf-tn	tnInscriptionsPaganPinyaAva	uTunNyein1897inscriptionsPaganPinyaAva	TN, p.	unclear	unparsed_locator	medium	Improve locator parsing or document the irregular locator form.	High-occurrence locator family still has an unclear locator parse.
IPPA 101-102	fam-ippa-catalogue	sf-ippa	ppaCatalogue	ppaCatalogue	IPPA 101-102	unclear	unparsed_locator	medium	Improve locator parsing or document the irregular locator form.	High-occurrence locator family still has an unclear locator parse.
IPPA 137-138	fam-ippa-catalogue	sf-ippa	ppaCatalogue	ppaCatalogue	IPPA 137-138	unclear	unparsed_locator	medium	Improve locator parsing or document the irregular locator form.	High-occurrence locator family still has an unclear locator parse.
IPPA 139	fam-ippa-catalogue	sf-ippa	ppaCatalogue	ppaCatalogue	IPPA 139	unclear	unparsed_locator	medium	Improve locator parsing or document the irregular locator form.	High-occurrence locator family still has an unclear locator parse.
IPPA 159	fam-ippa-catalogue	sf-ippa	ppaCatalogue	ppaCatalogue	IPPA 159	unclear	unparsed_locator	medium	Improve locator parsing or document the irregular locator form.	High-occurrence locator family still has an unclear locator parse.
IPPA 176	fam-ippa-catalogue	sf-ippa	ppaCatalogue	ppaCatalogue	IPPA 176	unclear	unparsed_locator	medium	Improve locator parsing or document the irregular locator form.	High-occurrence locator family still has an unclear locator parse.
IPPA 181, 182	fam-ippa-catalogue	sf-ippa	ppaCatalogue	ppaCatalogue	IPPA 181, 182	unclear	unparsed_locator	medium	Improve locator parsing or document the irregular locator form.	High-occurrence locator family still has an unclear locator parse.
IPPA 188-189	fam-ippa-catalogue	sf-ippa	ppaCatalogue	ppaCatalogue	IPPA 188-189	unclear	unparsed_locator	medium	Improve locator parsing or document the irregular locator form.	High-occurrence locator family still has an unclear locator parse.
IPPA 286-287	fam-ippa-catalogue	sf-ippa	ppaCatalogue	ppaCatalogue	IPPA 286-287	unclear	unparsed_locator	medium	Improve locator parsing or document the irregular locator form.	High-occurrence locator family still has an unclear locator parse.
IPPA 306, 7-8	fam-ippa-catalogue	sf-ippa	ppaCatalogue	ppaCatalogue	IPPA 306, 7-8	unclear	unparsed_locator	medium	Improve locator parsing or document the irregular locator form.	High-occurrence locator family still has an unclear locator parse.
IPPA 59, 60	fam-ippa-catalogue	sf-ippa	ppaCatalogue	ppaCatalogue	IPPA 59, 60	unclear	unparsed_locator	medium	Improve locator parsing or document the irregular locator form.	High-occurrence locator family still has an unclear locator parse.
IPPA 61, 62	fam-ippa-catalogue	sf-ippa	ppaCatalogue	ppaCatalogue	IPPA 61, 62	unclear	unparsed_locator	medium	Improve locator parsing or document the irregular locator form.	High-occurrence locator family still has an unclear locator parse.
IPPA 63	fam-ippa-catalogue	sf-ippa	ppaCatalogue	ppaCatalogue	IPPA 63	unclear	unparsed_locator	medium	Improve locator parsing or document the irregular locator form.	High-occurrence locator family still has an unclear locator parse.
IPPA 78-79-80-81-82	fam-ippa-catalogue	sf-ippa	ppaCatalogue	ppaCatalogue	IPPA 78-79-80-81-82	unclear	unparsed_locator	medium	Improve locator parsing or document the irregular locator form.	High-occurrence locator family still has an unclear locator parse.
IPPA 83-84-85-86	fam-ippa-catalogue	sf-ippa	ppaCatalogue	ppaCatalogue	IPPA 83-84-85-86	unclear	unparsed_locator	medium	Improve locator parsing or document the irregular locator form.	High-occurrence locator family still has an unclear locator parse.
IPPA-109, 111	fam-ippa-catalogue	sf-ippa	ppaCatalogue	ppaCatalogue	IPPA-109, 111	unclear	unparsed_locator	medium	Improve locator parsing or document the irregular locator form.	High-occurrence locator family still has an unclear locator parse.
IPPA-114, 116	fam-ippa-catalogue	sf-ippa	ppaCatalogue	ppaCatalogue	IPPA-114, 116	unclear	unparsed_locator	medium	Improve locator parsing or document the irregular locator form.	High-occurrence locator family still has an unclear locator parse.
IPPA-145-146 BED B 545-3	fam-ippa-catalogue	sf-ippa	ppaCatalogue	ppaCatalogue	IPPA-145-146 BED B 545-3	unclear	unparsed_locator	medium	Improve locator parsing or document the irregular locator form.	High-occurrence locator family still has an unclear locator parse.
IPPA-153, 154	fam-ippa-catalogue	sf-ippa	ppaCatalogue	ppaCatalogue	IPPA-153, 154	unclear	unparsed_locator	medium	Improve locator parsing or document the irregular locator form.	High-occurrence locator family still has an unclear locator parse.
IPPA-184, 185	fam-ippa-catalogue	sf-ippa	ppaCatalogue	ppaCatalogue	IPPA-184, 185	unclear	unparsed_locator	medium	Improve locator parsing or document the irregular locator form.	High-occurrence locator family still has an unclear locator parse.
IPPA-209, 211	fam-ippa-catalogue	sf-ippa	ppaCatalogue	ppaCatalogue	IPPA-209, 211	unclear	unparsed_locator	medium	Improve locator parsing or document the irregular locator form.	High-occurrence locator family still has an unclear locator parse.
IPPA-212-213,	fam-ippa-catalogue	sf-ippa	ppaCatalogue	ppaCatalogue	IPPA-212-213,	unclear	unparsed_locator	medium	Improve locator parsing or document the irregular locator form.	High-occurrence locator family still has an unclear locator parse.
IPPA-217, 218	fam-ippa-catalogue	sf-ippa	ppaCatalogue	ppaCatalogue	IPPA-217, 218	unclear	unparsed_locator	medium	Improve locator parsing or document the irregular locator form.	High-occurrence locator family still has an unclear locator parse.
IPPA-227, 228	fam-ippa-catalogue	sf-ippa	ppaCatalogue	ppaCatalogue	IPPA-227, 228	unclear	unparsed_locator	medium	Improve locator parsing or document the irregular locator form.	High-occurrence locator family still has an unclear locator parse.
IPPA-229, 230	fam-ippa-catalogue	sf-ippa	ppaCatalogue	ppaCatalogue	IPPA-229, 230	unclear	unparsed_locator	medium	Improve locator parsing or document the irregular locator form.	High-occurrence locator family still has an unclear locator parse.
IPPA-231, 232	fam-ippa-catalogue	sf-ippa	ppaCatalogue	ppaCatalogue	IPPA-231, 232	unclear	unparsed_locator	medium	Improve locator parsing or document the irregular locator form.	High-occurrence locator family still has an unclear locator parse.
IPPA-237, 238	fam-ippa-catalogue	sf-ippa	ppaCatalogue	ppaCatalogue	IPPA-237, 238	unclear	unparsed_locator	medium	Improve locator parsing or document the irregular locator form.	High-occurrence locator family still has an unclear locator parse.
IPPA-303, 4-5	fam-ippa-catalogue	sf-ippa	ppaCatalogue	ppaCatalogue	IPPA-303, 4-5	unclear	unparsed_locator	medium	Improve locator parsing or document the irregular locator form.	High-occurrence locator family still has an unclear locator parse.
OR 3434 (gā: verso)	fam-or-catalogue	sf-or	britishLibraryOrientalManuscripts		OR 3434 (gā: verso)	unclear	unparsed_locator	medium	Improve locator parsing or document the irregular locator form.	High-occurrence locator family still has an unclear locator parse.
