acronym	current_status	current_expansion	source_family_id	occurrence_count	top_example_references	likely_source_type	best_current_evidence	specific_files_to_check	specific_search_terms	recommended_action	notes
IOB	internal_locator	Locator reference into Inscriptions of Burma	sf-iob	687	IOB--278 BED B 622-4 | IOB--462/b | IOB-1-51. BED B 572 | IOB3-319/c | IOB4-456/a	locator system into source work	frasch_extracted_text.txt: IB  Inscriptions of Burma (Luce & Pe Maung Tin 1933–1956) ... Pl.  Inscriptions of Burma (Luce & Pe Maung Tin 1933–1956)	data/working/bibliography/local_sources/frasch_extracted_text.txt | data/working/bibliography/local_sources/acronym_definition_candidates.tsv	IOB | IB | Inscriptions of Burma | Pl.	treat as internal_locator tied to Inscriptions of Burma	Frasch explicitly defines IB and Pl., not IOB; IOB is therefore kept as a locator-family relation to the same underlying work rather than as a standalone title expansion.
TN	confirmed_expansion	U Tun Nyein (tr.), Inscriptions of Pagan, Pinya and Ava	sf-tn	233	TN, p. 26 | TN, p. 91 | TN, p. 71	book/work shorthand	frasch_extracted_text.txt: TN U Tun Nyein (tr.), Inscriptions of Pagan, Pinya and Ava, Rangoon 1897	data/working/bibliography/local_sources/frasch_extracted_text.txt	TN | U Tun Nyein | Inscriptions of Pagan, Pinya and Ava	promote to confirmed_expansion	Explicit abbreviation-list definition in Frasch's extracted text.
RDASB	unresolved_after_targeted_search		sf-rdasb	228	RDASB 1971 | RDASB 1926, p. 26 and App. G | RDASB 1966	weakly attested report-series shorthand	frasch_extracted_text.txt: References: Pl. V 557c; RDASB 1938, p. xi, and app. H, no. 5 ... References: Pl. V 558a; RDASB 1938, p. xii, and app. H, no. 19	data/working/bibliography/local_sources/frasch_extracted_text.txt | data/working/bibliography/local_sources/frasch_bagan_epig_database_abbreviations.tsv	RDASB | Report of the Director, Archaeological Survey of Burma | Director of Archaeology	keep as unresolved_after_targeted_search	The targeted local evidence preserves RDASB as a year-based report citation, but no explicit abbreviation-list line was recovered for a documentary confirmation.
IPPA	unresolved_after_targeted_search		sf-ippa	117	IPPA | IPPA 101-102 | IPPA 137-138	unresolved source-family shorthand	acronym_definition_candidates.tsv: No strong definition candidate found in searched corpus documentation or Frasch files.	data/working/bibliography/local_sources/frasch_extracted_text.txt | data/working/bibliography/local_sources/acronym_definition_candidates.tsv	IPPA | Inscriptions of Pagan, Pinya and Ava | Index | Plates	keep as unresolved_after_targeted_search	Targeted search did not yield a documentary definition for IPPA in the extracted local sources.
UEM	confirmed_expansion	U E Maung (ed.), Selections from the Inscriptions of Pagan	sf-uem	84	UEM no. 44, p. 117 | UEM no. 41, p. 113 | UEM no. 42, p. 115	book/work shorthand	frasch_extracted_text.txt: UEM U E Maung (ed.), Selections from the Inscriptions of Pagan, Rangoon 1958	data/working/bibliography/local_sources/frasch_extracted_text.txt	UEM | U E Maung | Selections from the Inscriptions of Pagan	promote to confirmed_expansion	Explicit abbreviation-list definition in Frasch's extracted text.
MP	unresolved_after_targeted_search		sf-mp	36	MP 1, p. 81 | MP 1, no. 1, p. 1 | MP 1, p. 139 | MP, p. 107 | MP, p. 13 | MP, p. 151 | MP 2, p. 159 | MP 2, p. 61 | MP 2, p. 65	unresolved source-family shorthand	frasch_extracted_text.txt: References: List 23 = OBI 1, p. 321 = B 2, p. 830 = A, p.1 = MP 1, p. 21 ... continuation on reverse: MP 1, p. 9	data/working/bibliography/local_sources/frasch_extracted_text.txt | data/working/bibliography/local_sources/frasch_bagan_epig_database_abbreviations.tsv	MP | Mandalay Palace | stone | collection	keep as unresolved_after_targeted_search	MP survives as a page-based source-family shorthand in the Frasch text, but the targeted files do not define its title explicitly.
OR	unresolved_after_targeted_search		sf-or	21	OR 3475, no. 4 | OR 3434 (gā: verso) | OR 3434 fol. ghā verso (with further dates)	unresolved holding or shelfmark system	frasch_extracted_text.txt: References: List 41 = B 2, p. 763 = MM 1, p. ?; OR 6452 B (1), no. 23 ... OR has dates CS 355/993 and 411/1049	data/working/bibliography/local_sources/frasch_extracted_text.txt | data/working/bibliography/local_sources/acronym_definition_candidates.tsv	OR | OR 6452 | rubbings | catalogue	keep as unresolved_after_targeted_search	OR behaves like a holding or shelfmark reference in targeted usage, but no documentary expansion was found in the searched local files.
Luce J	unresolved_after_targeted_search		sf-luce-j	5	Luce J 2667 | Luce J 2665 | Luce J 2672	unresolved Luce citation shorthand	frasch_extracted_text.txt: References: Pl. V 567b = Luce J2509 ... References: Luce J 2507 ... References: Luce J 2689	data/working/bibliography/local_sources/frasch_extracted_text.txt | data/working/bibliography/local_sources/acronym_definition_candidates.tsv	"""Luce J"" | Journal | JBRS | articles"	keep as unresolved_after_targeted_search	The extracted Frasch text preserves Luce J as a numbered citation family, but no explicit abbreviation-list definition was found in the targeted corpus.
Luce D	unresolved_after_targeted_search		sf-luce-d	2	Luce D 809	unresolved Luce citation shorthand	frasch_extracted_text.txt: References: Pl. V 581a = List 1406 = Luce D 825 ... Pl. V 599a-b = List 1445-1446 = A, p. 591-2 = Luce D 835	data/working/bibliography/local_sources/frasch_extracted_text.txt | data/working/bibliography/local_sources/acronym_definition_candidates.tsv	"""Luce D"" | Dictionary | Old Burma | wordlist"	keep as unresolved_after_targeted_search	Luce D is repeatedly cited as a numbered shorthand, but the targeted local sources do not define it explicitly.
