witness_id	file_label	source_work_key	probable_volume_or_fascicle	title_page_snippet	contents_snippet	contains_translation	contains_edition_or_transliteration	contains_plate_or_image	classification	confidence	next_action	notes
epigraphiaBirmanica--duroiselle-epigraphica-birmanica1-pdf	Duroiselle - Epigraphica Birmanica1.pdf	epigraphiaBirmanica	Vol. 1	OBI_AUTHOR_ALPHA_ROOT:Duroiselle/Duroiselle - Epigraphica Birmanica1.pdf | OBI_LIBRARY_ROOT:Authors alphabetical/Duroiselle/Duroiselle - Epigraphica Birmanica1.pdf		false	true	false	actual_eb_fascicle	high	Promote after title-page confirmation.	Local file label identifies an Epigraphica Birmanica fascicle directly.
epigraphiaBirmanica--duroiselle-epigraphica-birmanica3-pdf	Duroiselle - Epigraphica Birmanica3.pdf	epigraphiaBirmanica	Vol. 3	OBI_AUTHOR_ALPHA_ROOT:Duroiselle/Duroiselle - Epigraphica Birmanica3.pdf | OBI_LIBRARY_ROOT:Authors alphabetical/Duroiselle/Duroiselle - Epigraphica Birmanica3.pdf		false	true	false	actual_eb_fascicle	high	Promote after title-page confirmation.	Local file label identifies an Epigraphica Birmanica fascicle directly.
epigraphiaBirmanica--duroiselle-epigraphica-birmanica-talaing-plaques-on-ananda-plates-pdf	Duroiselle - Epigraphica Birmanica Talaing Plaques on Ananda Plates.pdf	epigraphiaBirmanica	Talaing Plaques on Ananda Plates	OBI_AUTHOR_ALPHA_ROOT:Duroiselle/Duroiselle - Epigraphica Birmanica Talaing Plaques on Ananda Plates.pdf | OBI_LIBRARY_ROOT:Authors alphabetical/Duroiselle/Duroiselle - Epigraphica Birmanica Talaing Plaques on Ananda Plates.pdf		false	true	true	actual_eb_fascicle	high	Promote as EB plate/fascicle evidence after title-page confirmation.	Label suggests an EB fascicle focused on plate material.
epigraphiaBirmanica--011041-2bc89eb3a71a	011041.pdf	epigraphiaBirmanica		OBI_LIBRARY_ROOT:Thematic/Burmese/Burma JBRS/1911/011041.pdf | OBI_LIBRARY_ROOT:Thematic/Burmese/Burma JBRS/1911/ElementaryLahooAkaWa_Antisdel-1911.pdf | OBI_LIBRARY_ROOT:Thematic/Burmese/Burma JBRS/JBRS Originals/011041.pdf		false	false	false	unrelated_numbered_pdf	medium	Keep out of EB direct-witness counts unless a title page proves otherwise.	Numbered PDF lacks reliable series identification in the stored evidence.
epigraphiaBirmanica--011098-dfc0debb3b75	011098.pdf	epigraphiaBirmanica		OBI_LIBRARY_ROOT:Thematic/Burmese/Burma JBRS/1911/011098.pdf | OBI_LIBRARY_ROOT:Thematic/Burmese/Burma JBRS/JBRS Originals/011098.pdf		false	false	false	unrelated_numbered_pdf	medium	Keep out of EB direct-witness counts unless a title page proves otherwise.	Numbered PDF lacks reliable series identification in the stored evidence.
epigraphiaBirmanica--011131-b5499d8eb174	011131.pdf	epigraphiaBirmanica		OBI_LIBRARY_ROOT:Thematic/Burmese/Burma JBRS/1911/011131.pdf | OBI_LIBRARY_ROOT:Thematic/Burmese/Burma JBRS/JBRS Originals/011131.pdf		false	false	false	unrelated_numbered_pdf	medium	Keep out of EB direct-witness counts unless a title page proves otherwise.	Numbered PDF lacks reliable series identification in the stored evidence.
epigraphiaBirmanica--taw-sein-ko-1899-inscriptions-of-pagan-pdf	Taw Sein Ko 1899 Inscriptions of Pagan.pdf	epigraphiaBirmanica		OBI_LIBRARY_ROOT:Thematic/Burmese/DownloadsFromBurmeseInscriptionsFacebookGroup/93_TawSeinKo_Inscriptions_of_Pagan.pdf | OBI_LIBRARY_ROOT:Thematic/Pyu/Taw Sein Ko 1899 Inscriptions of Pagan.pdf		false	false	false	source_edition_candidate	medium	Review title page before deciding whether this predates or relates to EB.	This is a source-edition candidate, but not automatically an EB fascicle.
epigraphiaBirmanica--luce-1937-ancient-pyu-6a948eb3f6cc	Luce 1937 Ancient Pyu.pdf	epigraphiaBirmanica		OBI_AUTHOR_ALPHA_ROOT:Luce/Luce 1937 Ancient Pyu.pdf | OBI_LIBRARY_ROOT:Authors alphabetical/Luce/Luce 1937 Ancient Pyu.pdf | OBI_LIBRARY_ROOT:Thematic/Burmese/Burma JBRS/JBRS Originals/273239.pdf | OBI_LIBRARY_ROOT:Thematic/Pyu/Luce 1937 Ancient Pyu.pdf		false	false	false	secondary_article	high	Retain as secondary evidence only.	Article-level title indicates secondary discussion, not an EB fascicle.
epigraphiaBirmanica--261052-0eaebe68d937	PeMaungTin 1936 BuddhismInTheInscriptionsOfPagan.pdf	epigraphiaBirmanica		OBI_AUTHOR_ALPHA_ROOT:Pe Maung Tin/PeMaungTin 1936 BuddhismInTheInscriptionsOfPagan.pdf | OBI_LIBRARY_ROOT:Authors alphabetical/Pe Maung Tin/PeMaungTin 1936 BuddhismInTheInscriptionsOfPagan.pdf | OBI_LIBRARY_ROOT:Thematic/Burmese/Burma JBRS/1936/BuddhismPagan…		false	false	false	needs_title_page_review	medium	Inspect title page before promoting.	Ambiguous EB-related lead.
