query	matched_file_label	matched_file_id	match_type	match_confidence	short_evidence	searched_sources	search_scope	search_date_or_run_id	search_result_status	recommended_action	notes
U E Maung			not_found	low		local_file_manifest;source_library_manifest;ocr_text_index;raw_reference_to_bibtex	targeted author/title/abbreviation search across local manifests, source-library paths, author-folder path hints, OCR index, and bibliography crosswalk	2026-06-02	not_found	Continue targeted local-file search for a direct witness.	The verified Luce/Pe Maung Tin 1928 SIP witness is excluded from UEM direct-witness search results.
U E. Maung			not_found	low		local_file_manifest;source_library_manifest;ocr_text_index;raw_reference_to_bibtex	targeted author/title/abbreviation search across local manifests, source-library paths, author-folder path hints, OCR index, and bibliography crosswalk	2026-06-02	not_found	Continue targeted local-file search for a direct witness.	The verified Luce/Pe Maung Tin 1928 SIP witness is excluded from UEM direct-witness search results.
U Maung	Maung Maung Swe 2011 Konseit Pali Inscription [Adobe 9.0].pdf	maung_maung_swe_2011_konseit_pali_inscri-8443f809d69a	exact_title_filename	high	OBI_LIBRARY_ROOT:Thematic/Pyu/Maung Maung Swe 2011 Konseit Pali Inscription [Adobe 9.0].pdf	local_file_manifest;source_library_manifest;ocr_text_index;raw_reference_to_bibtex	targeted author/title/abbreviation search across local manifests, source-library paths, author-folder path hints, OCR index, and bibliography crosswalk	2026-06-02	candidate_found	Inspect title page before promoting this as a direct witness.	Exact or near-exact search-term match for U Maung. The verified Luce/Pe Maung Tin 1928 SIP witness is excluded from UEM direct-witness search results.
Selections from the Inscriptions of Pagan	Frasch 1994 dhammasats.pdf	frasch_1994_dhammasats-3b10d0daddfc	ocr_bibliographic_mention	low	Abbreviations Abbreviations A.D. B.E. Anno Domini Burmese Era GPC = Glass Palace Chronicle of the Kings of Burma, transl. by Luce and U Pe Maung Tin, Rangoon (repr.) 1960 OBI PI. UEM = Old Burmese Inscriptions, read by U Aung Thaw (vol.1) and U Nyein Maung (v…	local_file_manifest;source_library_manifest;ocr_text_index;raw_reference_to_bibtex	targeted author/title/abbreviation search across local manifests, source-library paths, author-folder path hints, OCR index, and bibliography crosswalk	2026-06-02	bibliographic_clue_found	Treat this as a bibliographic clue only; locate the direct local file.	OCR/index mention for Selections from the Inscriptions of Pagan. The verified Luce/Pe Maung Tin 1928 SIP witness is excluded from UEM direct-witness search results.
UEM	Frasch 1994 dhammasats.pdf	frasch_1994_dhammasats-3b10d0daddfc	ocr_bibliographic_mention	low	Abbreviations Abbreviations A.D. B.E. Anno Domini Burmese Era GPC = Glass Palace Chronicle of the Kings of Burma, transl. by Luce and U Pe Maung Tin, Rangoon (repr.) 1960 OBI PI. UEM = Old Burmese Inscriptions, read by U Aung Thaw (vol.1) and U Nyein Maung (v…	local_file_manifest;source_library_manifest;ocr_text_index;raw_reference_to_bibtex	targeted author/title/abbreviation search across local manifests, source-library paths, author-folder path hints, OCR index, and bibliography crosswalk	2026-06-02	bibliographic_clue_found	Treat this as a bibliographic clue only; locate the direct local file.	OCR/index mention for acronym-style search term UEM. The verified Luce/Pe Maung Tin 1928 SIP witness is excluded from UEM direct-witness search results.
Rangoon 1958			not_found	low		local_file_manifest;source_library_manifest;ocr_text_index;raw_reference_to_bibtex	targeted author/title/abbreviation search across local manifests, source-library paths, author-folder path hints, OCR index, and bibliography crosswalk	2026-06-02	not_found	Continue targeted local-file search for a direct witness.	The verified Luce/Pe Maung Tin 1928 SIP witness is excluded from UEM direct-witness search results.
1958 Selections			not_found	low		local_file_manifest;source_library_manifest;ocr_text_index;raw_reference_to_bibtex	targeted author/title/abbreviation search across local manifests, source-library paths, author-folder path hints, OCR index, and bibliography crosswalk	2026-06-02	not_found	Continue targeted local-file search for a direct witness.	The verified Luce/Pe Maung Tin 1928 SIP witness is excluded from UEM direct-witness search results.
U E Maung Selections	Frasch 1994 dhammasats.pdf	frasch_1994_dhammasats-3b10d0daddfc	ocr_bibliographic_mention	low	Abbreviations Abbreviations A.D. B.E. Anno Domini Burmese Era GPC = Glass Palace Chronicle of the Kings of Burma, transl. by Luce and U Pe Maung Tin, Rangoon (repr.) 1960 OBI PI. UEM = Old Burmese Inscriptions, read by U Aung Thaw (vol.1) and U Nyein Maung (v…	local_file_manifest;source_library_manifest;ocr_text_index;raw_reference_to_bibtex	targeted author/title/abbreviation search across local manifests, source-library paths, author-folder path hints, OCR index, and bibliography crosswalk	2026-06-02	bibliographic_clue_found	Treat this as a bibliographic clue only; locate the direct local file.	OCR/index token overlap 2/2 for U E Maung Selections. The verified Luce/Pe Maung Tin 1928 SIP witness is excluded from UEM direct-witness search results.
Maung Selections Inscriptions Pagan	PeMaungTin 1935 WomenInTheInscriptionsOfPagan.pdf	253149-88495e2fcca1	normalized_title_filename	medium	OBI_AUTHOR_ALPHA_ROOT:Pe Maung Tin/PeMaungTin 1935 WomenInTheInscriptionsOfPagan.pdf | OBI_LIBRARY_ROOT:Authors alphabetical/Pe Maung Tin/PeMaungTin 1935 WomenInTheInscriptionsOfPagan.pdf | OBI_LIBRARY_ROOT:Thematic/Burmese/Burma JBRS/1935/WomenInscriptionsPa…	local_file_manifest;source_library_manifest;ocr_text_index;raw_reference_to_bibtex	targeted author/title/abbreviation search across local manifests, source-library paths, author-folder path hints, OCR index, and bibliography crosswalk	2026-06-02	candidate_found	Inspect title page before promoting this as a direct witness.	Normalized token overlap 3/4 for Maung Selections Inscriptions Pagan. The verified Luce/Pe Maung Tin 1928 SIP witness is excluded from UEM direct-witness search results.
