record_id	title_original	source_deposit	translation_status	notes
obi-v01-n0001-tx-p0001	မြစေတီဘုရားကျောက်စာ၊ မြန်မာ (ရာဇကုမာရကျောက်စာ)	zenodo_4321314	not_started	
obi-v01-n0001-tx-p0002	မြစေတီဘုရား ကျောက်စာ ပါဠိ (ရာဇကုမာရကျောက်စာ)	zenodo_4321314	not_started	
obi-v01-n0002-tx-p0004	မြစေတီကျောက်စာ မြန်မာ။ (ရာဇကုမာရကျောက်စာ)	zenodo_4321314	not_started	
obi-v01-n0002-tx-p0006	မြစေတီကျောက်စာ ပါဠိ။ (ရာဇကုမာရကျောက်စာ)	zenodo_4321314	not_started	
obi-v01-n0003-ob-p0008	နဘဲတောဘုရား ကျောက်စာ	zenodo_4321314	not_started	
obi-v01-n0004-ob-p0011	ရွှေဂူကြီးဘုရားကျောက်စာ	zenodo_4321314	not_started	
obi-v01-n0004-re-p0015	ရွှေဂူကြီးဘုရားကျောက်စာ	zenodo_4321314	not_started	
obi-v01-n0005-ob-p0019	သက်စိုးတောင်နှီးဘုရားအနီးကျောက်စာ	zenodo_4321314	not_started	
obi-v01-n0006-ob-p0020	တုရင်ပုထိုးကျောက်စာ	zenodo_4321314	not_started	
obi-v01-n0006-re-p0021	တုရင်ပုထိုးကျောက်စာ	zenodo_4321314	not_started	
obi-v01-n0007-ob-p0022	ငနွယ်သင်ကျောက်စာ	zenodo_4321314	not_started	
obi-v01-n0008-ob-p0023	ပုဂံပြတိုက် ကျောက်တိုင်အမှတ် ၁၆၂-ကျောက်စာ	zenodo_4321314	not_started	
obi-v01-n0008-re-p0024	ပုဂံပြတိုက် ကျောက်တိုင်အမှတ် ၁၆၂ -ကျောက်စာ	zenodo_4321314	not_started	
obi-v01-n0009-ob-p0025	ပုဂံပြတိုက်ကျောက်တိုင်အမှတ် ၁၅၈ ကျောက်စာ	zenodo_4321314	not_started	
obi-v01-n0010-ob-p0026	မဟာထေရ် နာဂသမိန်ကျောက်စာ	zenodo_4321314	not_started	
obi-v01-n0011-ob-p0027	ငါမင်က္လည်သင်ကျောက်စာ	zenodo_4321314	not_started	
obi-v01-n0012-ob-p0029	အထောလတ်ကျောက်စာ	zenodo_4321314	not_started	
obi-v01-n0012-re-p0030	အထောလတ်ကျောက်စာ	zenodo_4321314	not_started	
obi-v01-n0013-ob-p0032	ငတရော်ရွာကြီးမှ ကျောက်စာ	zenodo_4321314	not_started	
obi-v01-n0014-ob-p0033	စည်သူမင်းကြီးကျောက်စာ	zenodo_4321314	not_started	
obi-v01-n0015-ob-p0034	စခီဖုနာ ကျောက်စာ	zenodo_4321314	not_started	
obi-v01-n0016-ob-p0035	မြတ်ကြီးစွာ ခဲတောင် ကျောက်စာ	zenodo_4321314	not_started	
obi-v01-n0017-ob-p0037	ဖုန်းမြတ်သားပြည့်စုံကျောက်စာ	zenodo_4321314	not_started	
obi-v01-n0018-ob-p0038	နတ်မောက်မြို့နယ် တောင်ထောင့်ရွာမှကျောက်စာ	zenodo_4321314	not_started	
obi-v01-n0019-ob-p0040	သင်ကြီးငါယန်သင်ကျောက်စာ	zenodo_4321314	not_started	
obi-v01-n0020-ob-p0041	ငါပေါင်သင်ကျောက်စာ	zenodo_4321314	not_started	
obi-v01-n0021-ob-p0042	တိုင်းချွတ်ဘုရားကျောက်စာ	zenodo_4321314	not_started	
obi-v01-n0022-ob-p0043	ဖုန်းသည်စင်ကြယ်ကျောက်စာ	zenodo_4321314	not_started	
obi-v01-n0023-ob-p0044	အိုနူသင် ကျောက်စာ	zenodo_4321314	not_started	
obi-v01-n0024-ob-p0045	ငါပုံသင် လင်မယားကျောက်စာ	zenodo_4321314	not_started	
obi-v01-n0025-ob-p0046	မန္တလေးနန်းတွင်းရုံ အမှတ် ၅၉၇ ကျောက်စာ	zenodo_4321314	not_started	
obi-v01-n0026-ob-p0046	သိခင် ဓမ္မဝိလာသ ကျောက်စာ	zenodo_4321314	not_started	
obi-v01-n0027-ob-p0048	ပုဂံပြတိုက် ကျောက်တိုင်အမှတ် ၁၂	zenodo_4321314	not_started	
obi-v01-n0028-ob-p0049	မင်းကြီး အသင်္ခယာ ကျောက်စာ	zenodo_4321314	not_started	
obi-v01-n0029-ob-p0050	အမတ်ကြီး သိင်္ဃသူကျောက်စာ	zenodo_4321314	not_started	
obi-v01-n0029-re-p0051	အမတ်ကြီး သိင်္ဃသူရ် ကျောက်စာ	zenodo_4321314	not_started	
obi-v01-n0030-ob-p0053	ထီးလိုင်မင်းသမီး ခင်ဉန် အိငြိမ်းသင်ကျောက်စာ	zenodo_4321314	not_started	
obi-v01-n0031-ob-p0054	ပင်းတလဲ ပန်းတော ရွှေကျောင်း ကျောက်စာ	zenodo_4321314	not_started	
obi-v01-n0032-ob-p0055	စောမွန်သင်ကျောက်စာ	zenodo_4321314	not_started	
obi-v01-n0033-ob-p0056	သင်ကြီး ငါနိုင်သင် ကျောက်စာ	zenodo_4321314	not_started	
obi-v01-n0034-re-p0056	သခင် ငပွဲသောင်ကျောက်စာ	zenodo_4321314	not_started	
obi-v01-n0035-ob-p0057	စလေမြို့နယ် စက်တော်ရာဘုရားရုံ အမှတ် ၂ ကျောက်စာ	zenodo_4321314	not_started	
obi-v01-n0036-ob-p0058	ပိတကတ်လှူသောကျောက်စာ	zenodo_4321314	not_started	
obi-v01-n0037-re-p0059	ပုဂံပြတိုက် အမှတ် ၁၅၈ ကျောက်စာ	zenodo_4321314	not_started	
obi-v01-n0038-ob-p0060	သူဌေးမုခ်ဂူဘုရားကျောက်စာ	zenodo_4321314	not_started	
obi-v01-n0038-re-p0061	သူဌေးမုခ်ဂူဘုရားကျောက်စာ	zenodo_4321314	not_started	
obi-v01-n0039-ob-p0062	ပုဂံပြတိုက် အမှတ် ၅၂ ကျောက်စာ	zenodo_4321314	not_started	
obi-v01-n0039-re-p0063	ပုဂံပြတိုက် အမှတ် ၅၂ ကျောက်စာ	zenodo_4321314	not_started	
obi-v01-n0040-ob-p0064	ငါဖုန်တရားနိုင်သော ကျောက်စာ	zenodo_4321314	not_started	
obi-v01-n0041-ob-p0065	ဓမ္မရာဇိကဘုရားကျောက်စာ	zenodo_4321314	not_started	
obi-v01-n0041-re-p0067	ဓမ္မရာဇိကဘုရားကျောက်စာ	zenodo_4321314	not_started	
obi-v01-n0042-ob-p0069	မန္တလေး နန်းတွင်းရုံအမှတ် ၂၂ ကျောက်စာ	zenodo_4321314	not_started	
obi-v01-n0043-ob-p0070	အိုက္လောသင်ကျောက်စာ	zenodo_4321314	not_started	
obi-v01-n0044-ob-p0071	သင်ကြီးညောင်ဉပ်ကျောက်စာ	zenodo_4321314	not_started	
obi-v01-n0044-re-p0072	သင်ကြီးညောင်ဉပ်ကျောက်စာ	zenodo_4321314	not_started	
obi-v01-n0045-ob-p0073	သံပျင်ရင်ကောင်ဘုရားကျောက်စာ	zenodo_4321314	not_started	
obi-v01-n0046-ob-p0074	ရမည်းသင်းမှကျောက်စာ	zenodo_4321314	not_started	
obi-v01-n0047-ob-p0075	စိုးမင်းပျံချီသမီးကျောက်စာ	zenodo_4321314	not_started	
obi-v01-n0048-ob-p0077	သင်ငါနှစ်လို့သင်ကျောက်စာ	zenodo_4321314	not_started	
obi-v01-n0048-re-p0078	သင်ငါနှစ်လို့သင် ကျောက်စာ	zenodo_4321314	not_started	
obi-v01-n0049-ob-p0080	ကလန် ငါသာသင် ကျောက်စာ	zenodo_4321314	not_started	
obi-v01-n0050-ob-p0081	မောင်းမစောခင်မိငယ်ကျောက်စာ	zenodo_4321314	not_started	
obi-v01-n0051-ob-p0082	မင်းသမီး စိုးမင်းတို့ကျောက်စာ	zenodo_4321314	not_started	
obi-v01-n0052-ob-p0083	နားတောင်းများမင်းကြီးကျောက်စာ	zenodo_4321314	not_started	
obi-v01-n0053-ob-p0086	ပိတရစ် ကျောက်စာ	zenodo_4321314	not_started	
obi-v01-n0054-ob-p0086	ငါစန်သင်ကျောက်စာ	zenodo_4321314	not_started	
obi-v01-n0054-re-p0087	ငါစန်သင် ကျောက်စာ	zenodo_4321314	not_started	
obi-v01-n0054-tx-p0089	ငါစန်သင်ကျောက်စာ	zenodo_4321314	not_started	
obi-v01-n0055-ob-p0089	မိုးကောင်းဘုရားကျောက်စာ	zenodo_4321314	not_started	
obi-v01-n0056-ob-p0090	မိတ္ထိလာမြို့နယ် ကလိန်ရွာမှကျောက်စာ	zenodo_4321314	not_started	
obi-v01-n0057-ob-p0091	ကြံသိုင်းမယား ကျောက်စာ	zenodo_4321314	not_started	
obi-v01-n0058-tx-p0093	သူကြွယ် ငတည်ဖ ကျောက်စာ	zenodo_4321314	not_started	
obi-v01-n0059-ob-p0093	ပုဂံပြတိုက် အမှတ် ၄၉ ကျောက်စာ	zenodo_4321314	not_started	
obi-v01-n0059-re-p0095	ပုဂံပြတိုက် အမှတ် ၄၉ ကျောက်စာ	zenodo_4321314	not_started	
obi-v01-n0060-ob-p0096	ဖုန်းမြတ် မဟာထေရ် ကျောက်စာ	zenodo_4321314	not_started	
obi-v01-n0061-ob-p0097	ပုဂံပြတိုက် အမှတ် ၈၂ ကျောက်စာ	zenodo_4321314	not_started	
obi-v01-n0062-ob-p0097	စောရဟန်သိမ်ကျောက်စာ	zenodo_4321314	not_started	
obi-v01-n0063-ob-p0099	သင်ကြီး ဓမ္မပါလ်ကျောက်စာ	zenodo_4321314	not_started	
obi-v01-n0063-re-p0100	သင်ကြီးဓမ္မပါလကျောက်စာ	zenodo_4321314	not_started	
obi-v01-n0064-ob-p0100	မင်းသိန်ကသူသိမ်ကျောက်စာ	zenodo_4321314	not_started	
obi-v01-n0065-ob-p0102	သင်လျင် အိုကပ်သင်ချင် ကျောက်စာ	zenodo_4321314	not_started	
obi-v01-n0065-re-p0103	သင်လျင် အိုကပ်သင်ချင် ကျောက်စာ	zenodo_4321314	not_started	
obi-v01-n0066-ob-p0105	ပင်းစက္ကလန်ပ ကျောက်စာ	zenodo_4321314	not_started	
obi-v01-n0066-re-p0106	ပင်းစက္ကလန်ပ ကျောက်စာ	zenodo_4321314	not_started	
obi-v01-n0067-ob-p0106	သူကြွယ် ရျင်သင်ကျောက်စာ	zenodo_4321314	not_started	
obi-v01-n0068-ob-p0107	ငါရသင် ကျောက်စာ	zenodo_4321314	not_started	
obi-v01-n0069-ob-p0108	မင်းမယားကျောက်စာ	zenodo_4321314	not_started	
obi-v01-n0070-ob-p0111	နားတောင်းသိခင်ကျောက်စာ	zenodo_4321314	not_started	
obi-v01-n0071-ob-p0112	ဖုန်းသည် အသင်္ခယာ လင်မယားကျောက်စာ	zenodo_4321314	not_started	
obi-v01-n0071-re-p0114	ဖုန်းသည် အသင်္ခယာ လင်မယားကျောက်စာ	zenodo_4321314	not_started	
obi-v01-n0072-ob-p0116	အမိ ပုရှားမိ ကျောက်စာ	zenodo_4321314	not_started	
obi-v01-n0073-ob-p0117	မန္တလေးနန်းတွင်းရုံအမှတ် ၂၉၆ ကျောက်စာ	zenodo_4321314	not_started	
obi-v01-n0074-ob-p0118	ဖုန်းသည် သင်္ဃာကျောက်စာ	zenodo_4321314	not_started	
obi-v01-n0075-tx-p0118	သူကြိမ် အိုမ်ပုလဲ ကျောက်စာ	zenodo_4321314	not_started	
obi-v01-n0076-ob-p0119	သင်ကြီး အိုဆုံသင်ကျောက်စာ	zenodo_4321314	not_started	
obi-v01-n0077-ob-p0121	မင်းသားဂူဘုရားကျောက်စာ	zenodo_4321314	not_started	
obi-v01-n0077-tx-p0122	မင်းသားဂူဘုရားကျောက်စာ	zenodo_4321314	not_started	
obi-v01-n0078-ob-p0123	ဟန်လင်းကျောက်စာရုံ အမှတ် ၃ ကျောက်စာ	zenodo_4321314	not_started	
obi-v01-n0079-ob-p0124	ပြသာဒ်လှကျောင်း ကျောက်စာ	zenodo_4321314	not_started	
obi-v01-n0080-ob-p0125	ငါဖ္လစ်သင်နှင့် အိုဆုံသင် ကျောက်စာ	zenodo_4321314	not_started	
obi-v01-n0081-ob-p0125	သမန္တသု မယားကျောက်စာ	zenodo_4321314	not_started	
obi-v01-n0082-ob-p0127	သုခမိန်ကျောက်စာ	zenodo_4321314	not_started	
obi-v01-n0082-re-p0127	သုခမိန် ကျောက်စာ	zenodo_4321314	not_started	
obi-v01-n0083-ob-p0128	မန္တလေးနန်းတွင်းရုံ ကျောက်တိုင်အမှတ် ၂၅၉ ကျောက်စာ	zenodo_4321314	not_started	
obi-v01-n0084-ob-p0129	နားတောင်းများမင်းကြီး ကျောက်စာ	zenodo_4321314	not_started	
obi-v01-n0085-ob-p0130	ဖုန်သည် ဓမ္မလျကျောက်စာ	zenodo_4321314	not_started	
obi-v01-n0085-re-p0132	ဖုန်သည် ဓမ္မလျ ကျောက်စာ	zenodo_4321314	not_started	
obi-v01-n0086-tx-p0133	ခင်မိပယ်ပိုသီ ကျောက်စာ	zenodo_4321314	not_started	
obi-v01-n0087-ob-p0133	ရွှေမင်းကျောင်းဘုရားကျောက်စာ	zenodo_4321314	not_started	
obi-v01-n0088-ob-p0134	ဟန်လင်းကျောက်စာရုံအမှတ် ၁၈ ကျောက်စာ	zenodo_4321314	not_started	
obi-v01-n0089-ob-p0136	မတရာသင်တို့ကျောက်စာ	zenodo_4321314	not_started	
obi-v01-n0090-ob-p0137	အိုနွယ်သင်ကျောက်စာ	zenodo_4321314	not_started	
obi-v01-n0090-re-p0138	အိုနွယ်သင် ကျောက်စာ	zenodo_4321314	not_started	
obi-v01-n0091-ob-p0138	မန္တလေးနန်းတွင်းရုံ ကျောက်တိုင်အမှတ် ၁၉ ကျောက်စာ	zenodo_4321314	not_started	
obi-v01-n0092-ob-p0139	လက်ပံသမီး မင်ယမက္လသင် ကျောက်စာ	zenodo_4321314	not_started	
obi-v01-n0093-re-p0140	နားတောင်းများမင်းကြီး ကျောက်စာ	zenodo_4321314	not_started	
obi-v01-n0094-ob-p0141	မန္တလေးနန်းတွင်းရုံ ကျောက်တိုင်အမှတ် ၄၂၃ ကျောက်စာ	zenodo_4321314	not_started	
obi-v01-n0095-re-p0142	ကြံသိုင်းကြီးသမီးကျောက်စာ	zenodo_4321314	not_started	
obi-v01-n0096-ob-p0143	ရွှေကွန်ချာဘုရားကျောက်စာ	zenodo_4321314	not_started	
obi-v01-n0096-re-p0146	ရွှေကွန်ချာဘုရားကျောက်စာ	zenodo_4321314	not_started	
obi-v01-n0096-tx-p0148	ရွှေကွန်ချာဘုရားကျောက်စာ	zenodo_4321314	not_started	
obi-v01-n0096-tx-p0150	ရွှေကွန်ချာဘုရားကျောက်စာ	zenodo_4321314	not_started	
obi-v01-n0097-tx-p0151	မဟာသေနာပတိ အနန္တသူရ မောင်နှံကျောက်စာ	zenodo_4321314	not_started	
obi-v01-n0097-tx-p0156	မဟာသေနာပတိ အန္တသူရမောင်နှံ ကျောက်စာ	zenodo_4321314	not_started	
obi-v01-n0097-tx-p0161	မဟာသေနာပတိ အနန္တသူရမောင်နှံကျောက်စာ	zenodo_4321314	not_started	
obi-v01-n0098-ob-p0164	ငါတတ်သင်မယားကျောက်စာ	zenodo_4321314	not_started	
obi-v01-n0099-ob-p0164	အသင်္ခယာ မင်းမတ်မယားကျောက်စာ	zenodo_4321314	not_started	
obi-v01-n0100-ob-p0167	သင်ကြီး အို့သီသင် ကျောက်စာ	zenodo_4321314	not_started	
obi-v01-n0101-ob-p0168	မန္တလေး နန်းတွင်းရုံ ကျောက်တိုင်အမှတ် ၃၃ ကျောက်စာ	zenodo_4321314	not_started	
obi-v01-n0102-ob-p0169	အို့ဖ္လည်သင် ကျောက်စာ	zenodo_4321314	not_started	
obi-v01-n0103-ob-p0171	ရွှေဂူကြီးဘုရားကျောက်စာ	zenodo_4321314	not_started	
obi-v01-n0104-ob-p0172	မန္တလေးနန်းတွင်းရုံ ကျောက်တိုင်အမှတ် ၃၄ ကျောက်စာ	zenodo_4321314	not_started	
obi-v01-n0105-ob-p0173	အရည် ငါစိုက်သင် ကျောက်စာ	zenodo_4321314	not_started	
obi-v01-n0106-ob-p0174	ဖုန်သည် သုခမိန် ကျောက်စာ	zenodo_4321314	not_started	
obi-v01-n0107-ob-p0175	မင်းဖွားစောကြီး ကျောက်စာ	zenodo_4321314	not_started	
obi-v01-n0107-re-p0175	မင်းဖွားစောကြီးကျောက်စာ	zenodo_4321314	not_started	
obi-v01-n0108-tx-p0176	မဟာသေနာပတိ အနန္တသူရမောင်နှံကျောက်စာ	zenodo_4321314	not_started	
obi-v01-n0109-ob-p0179	ရွှေပေါင်လောင်ဘုရားကျောက်စာ	zenodo_4321314	not_started	
obi-v01-n0110-ob-p0183	ငါမြတ်သင် ကျောက်စာ	zenodo_4321314	not_started	
obi-v01-n0111-re-p0184	ငါရသင်နှင့် နှောင်းအမိကျောက်စာ	zenodo_4321314	not_started	
obi-v01-n0112-ob-p0184	အရည် ငါစိုက်သင် ကျောက်စာ	zenodo_4321314	not_started	
obi-v01-n0113-ob-p0185	ငါတသင်ကျောက်စာ	zenodo_4321314	not_started	
obi-v01-n0114-ob-p0186	သိမ်တော်မင်းကျောင်းတွင်းရှိ ကျောက်စာ	zenodo_4321314	not_started	
obi-v01-n0115-ob-p0187	မဟာရစ်ကိုယ်တော်ကျောက်စာ	zenodo_4321314	not_started	
obi-v01-n0116-ob-p0188	အဖွါး အိုတန်လိုင်သင် ကျောက်စာ	zenodo_4321314	not_started	
obi-v01-n0117-ob-p0189	ငါကြိ ကျောက်စာ	zenodo_4321314	not_started	
obi-v01-n0118-ob-p0190	ဖျက္ကသုကျောက်စာ	zenodo_4321314	not_started	
obi-v01-n0119-ob-p0191	မန္တလေးနန်းတွင်းရုံကျောက်တိုင်အမှတ် ၄၀၃ ကျောက်စာ	zenodo_4321314	not_started	
obi-v01-n0120-ob-p0192	ကြသဝတ်ချွေးမကျောက်စာ	zenodo_4321314	not_started	
obi-v01-n0121-tx-p0193	မဟာသေနာပတိ အနန္တသူရမောင်နှံ ကျောက်စာ	zenodo_4321314	not_started	
obi-v01-n0121-tx-p0196	မဟာသေနာပတိ အနန္တသူရ မောင်နှံကျောက်စာ	zenodo_4321314	not_started	
obi-v01-n0121-tx-p0198	မဟာသေနာပတိ အနန္တသူရ မောင်နှံကျောက်စာ	zenodo_4321314	not_started	
obi-v01-n0121-tx-p0200	မဟာသေနာပတိ အနန္တသူရ မောင်နှံကျောက်စာ	zenodo_4321314	not_started	
obi-v01-n0122-re-p0200	ငါလာနှင့် အို့နူပ် အုန်လူဝ်တို့ ကျောက်စာ	zenodo_4321314	not_started	
obi-v01-n0123-ob-p0202	ယဥလင်မယားကျောက်စာ	zenodo_4321314	not_started	
obi-v01-n0124-ob-p0203	အိုဖ္လည် အမိနှင့် မောင်ကျောက်စာ	zenodo_4321314	not_started	
obi-v01-n0125-ob-p0204	စတ္တလင်္ကသူငယ် ကျောက်စာ	zenodo_4321314	not_started	
obi-v01-n0126-ob-p0205	ကံကုန်စခီသမီးကျောက်စာ	zenodo_4321314	not_started	
obi-v01-n0126-re-p0206	ကံကုန်စခီသမီးကျောက်စာ	zenodo_4321314	not_started	
obi-v01-n0127-ob-p0206	သင်ကြီး ငါပုံသင် ကျောက်စာ	zenodo_4321314	not_started	
obi-v01-n0128-ob-p0208	ကြံသိုင်းကြီးသမီး သမန္တသူမယား ကျောက်စာ	zenodo_4321314	not_started	
obi-v01-n0129-tx-p0209	သိခင်မြင်းခုန်တိုင်ကျောက်စာ	zenodo_4321314	not_started	
obi-v01-n0130-ob-p0211	သိခင် ငစွယ်သင် ကျောက်စာ	zenodo_4321314	not_started	
obi-v01-n0131-ob-p0212	သင်ကြီးကျောက်စာ	zenodo_4321314	not_started	
obi-v01-n0132-ob-p0213	မင်းဖွါး ဘို့ရောက်လွယ်သင် ကျောက်စာ	zenodo_4321314	not_started	
obi-v01-n0133-ob-p0214	သခိင် အနန္တပျံခိ ကျောက်စာ	zenodo_4321314	not_started	
obi-v01-n0134-ob-p0215	မဟာဒါနပတိအမတ်ကျောက်စာ	zenodo_4321314	not_started	
obi-v01-n0134-re-p0216	မဟာဒါနပတိအမတ်ကျောက်စာ	zenodo_4321314	not_started	
obi-v01-n0135-ob-p0218	စောမင်းလတ်ဘုရားကျောက်စာ	zenodo_4321314	not_started	
obi-v01-n0136-re-p0220	သိခင်စောနှင့် သိခင်နောင်ငဲ ကျောက်စာ	zenodo_4321314	not_started	
obi-v01-n0137-ob-p0221	ဓမ္မရာဇဝိလတ် ကျောက်စာ	zenodo_4321314	not_started	
obi-v01-n0138-ob-p0222	အမတ် အစလပိဇည်တို့ ကျောက်စာ	zenodo_4321314	not_started	
obi-v01-n0139-ob-p0224	စည်သူမင်းကြီးကျောက်စာ	zenodo_4321314	not_started	
obi-v01-n0140-ob-p0226	သင်ကြီး ငါဖုန်သင် ကျောက်စာ	zenodo_4321314	not_started	
obi-v01-n0141-ob-p0227	မင်းကြီး အသင်္ခယာကျောက်စာ	zenodo_4321314	not_started	
obi-v01-n0141-re-p0229	မင်းကြီး အသင်္ခယာကျောက်စာ	zenodo_4321314	not_started	
obi-v01-n0142-tx-p0229	လေးမျက်နှာဘုရားကျောက်စာရုံ အမှတ် ၃ ကျောက်စာ	zenodo_4321314	not_started	
obi-v01-n0142-tx-p0233	လေးမျက်နှာဘုရားကျောက်စာရုံအမှတ် ၃ ကျောက်စာ	zenodo_4321314	not_started	
obi-v01-n0142-tx-p0235	လေးမျက်နှာဘုရားကျောက်စာရုံအမှတ် ၃ ကျောက်စာ	zenodo_4321314	not_started	
obi-v01-n0142-tx-p0238	လေးမျက်နှာဘုရားကျောက်စာရုံအမှတ် ၃ ကျောက်စာ	zenodo_4321314	not_started	
obi-v01-n0143-ob-p0240	ရာဇ မဟာမင်္ဂလပတိယ် ကျောက်စာ	zenodo_4321314	not_started	
obi-v01-n0144-re-p0242	စောမင်းလတ်ဘုရားကျောက်စာ	zenodo_4321314	not_started	
obi-v01-n0145-ob-p0244	တိုင်းရင်းပုံ ၉၅~ခ ကျောက်စာ	zenodo_4321314	not_started	
obi-v01-n0146-tx-p0245	လေးမျက်နှာဘုရားကျောက်စာရုံ ကျောက်တိုင်အမှတ် ၇ ကျောက်စာ	zenodo_4321314	not_started	
obi-v01-n0146-tx-p0246	လေးမျက်နှာဘုရားကျောက်စာရုံ ကျောက်တိုင်အမှတ် ၇ ကျောက်စာ	zenodo_4321314	not_started	
obi-v01-n0147-re-p0248	သိခင်အနန္တပျံခိကျောက်စာ	zenodo_4321314	not_started	
obi-v01-n0148-ob-p0249	သူဌေးမုခ်ဂူဘုရားကျောက်စာ	zenodo_4321314	not_started	
obi-v01-n0148-re-p0250	သူဌေးမုခ်ဂူဘုရားကျောက်စာ	zenodo_4321314	not_started	
obi-v01-n0149-ob-p0251	သင်္ဃိုင် ဗုဒ္ဓရံသိ ကျောက်စာ	zenodo_4321314	not_started	
obi-v01-n0150-tx-p0253	သိခင်မြင်းခုန်တိုင် ကျောက်စာ	zenodo_4321314	not_started	
obi-v01-n0151-ob-p0255	မန္တလေးနန်းတွင်းရုံကျောက်စာတိုင်အမှတ် ၃၂၄ ကျောက်စာ	zenodo_4321314	not_started	
obi-v01-n0152-ob-p0255	သူကြွယ် ငါလွယ့်သင်မယားနှင့် ခင်ပသင်ငါယ် ကျောက်စာ	zenodo_4321314	not_started	
obi-v01-n0153-ob-p0256	ကစ္စ်ပိုလ်လင်မယားကျောက်စာ	zenodo_4321314	not_started	
obi-v01-n0154-ob-p0257	မင်းဆရာ ပိတရစ် ကျောက်စာ	zenodo_4321314	not_started	
obi-v01-n0155-ob-p0259	သူကြွယ် ငစွယ်သင် မောင်နှံကျောက်စာ	zenodo_4321314	not_started	
obi-v01-n0156-tx-p0260	ရတနာကုံထန် ကျောက်စာ	zenodo_4321314	not_started	
obi-v01-n0156-tx-p0262	ရတနာကုံထန် ကျောက်စာ	zenodo_4321314	not_started	
obi-v01-n0157-ob-p0263	သူကြွယ် ငါစပါသင် ကျောက်စာ	zenodo_4321314	not_started	
obi-v01-n0158-re-p0264	ငါစုံသင် ကျောက်စာ	zenodo_4321314	not_started	
obi-v01-n0158-tx-p0265	ငါစုံသင် ကျောက်စာ	zenodo_4321314	not_started	
obi-v01-n0159-ob-p0265	မင်းသား ထောက်လှော်ကား ကျောက်စာ	zenodo_4321314	not_started	
obi-v01-n0160-ob-p0267	ဇေယျသွတ်ဘုရား ကျောက်စာ	zenodo_4321314	not_started	
obi-v01-n0161-ob-p0270	ငမျင်ခင် ည္အ်စ်ကိုကျောက်စာ	zenodo_4321314	not_started	
obi-v01-n0162-tx-p0272	အိုပ္လည်ဝသင် ကျောက်စာ	zenodo_4321314	not_started	
obi-v01-n0163-re-p0273	မဟာသေနာပတိ အနန္တသူ၊ ကျောက်စာ	zenodo_4321314	not_started	
obi-v01-n0164-ob-p0274	ငါပေါင်သင်နှင့် ငါမ္လိယ်သင်တို့ကျောက်စာ	zenodo_4321314	not_started	
obi-v01-n0165-re-p0275	ဇေယျသွတ်ဘုရား ကျောက်စာ	zenodo_4321314	not_started	
obi-v01-n0166-ob-p0278	မင်းရာဇသူရကျောက်စာ	zenodo_4321314	not_started	
obi-v01-n0166-re-p0281	မင်းရာဇသူရကျောက်စာ	zenodo_4321314	not_started	
obi-v01-n0167-ob-p0282	မင်းရာဇသူကျောက်စာ	zenodo_4321314	not_started	
obi-v01-n0168-re-p0284	မင်းရာဇသူ လင်မယားကျောက်စာ	zenodo_4321314	not_started	
obi-v01-n0169-ob-p0287	မင်းရာဇသူသမီး စေယျသူဌေးမယား ကျောက်စာ	zenodo_4321314	not_started	
obi-v01-n0170-ob-p0289	သီရိမဟာဓမ္မရာဇပဏ္ဍိတ် ကျောက်စာ	zenodo_4321314	not_started	
obi-v01-n0170-re-p0289	သီရိမဟာဓမ္မရာဇပဏ္ဍိတ် ကျောက်စာ	zenodo_4321314	not_started	
obi-v01-n0171-ob-p0290	မန္တလေး နန်းတွင်းရုံ ကျောက်တိုင်အမှတ် ၃၅၄ ကျောက်နှစ်	zenodo_4321314	not_started	
obi-v01-n0172-ob-p0291	ရာဇသူရ သမီးမောင်နှံ ကျောက်စာ	zenodo_4321314	not_started	
obi-v01-n0172-re-p0294	ရာဇသူရ သမီးမောင်နှံ ကျောက်စာ	zenodo_4321314	not_started	
obi-v01-n0173-ob-p0298	သိခင်မဟာထေရ် သုန္ဒရကဝိ ကျောက်စာ	zenodo_4321314	not_started	
obi-v01-n0174-ob-p0298	အမတ် အသဝတ်ဓမ္မာ မယားကျောက်စာ	zenodo_4321314	not_started	
obi-v01-n0174-re-p0300	အမတ် အသဝတ်ဓမ္မာ မယား ကျောက်စာ	zenodo_4321314	not_started	
obi-v01-n0175-ob-p0302	ဥတ်တြာကျောက်စာ	zenodo_4321314	not_started	
obi-v01-n0176-tx-p0302	ငကြီသင်ကျောက်စာ	zenodo_4321314	not_started	
obi-v01-n0177-ob-p0304	ငါတင်သင် ယောက်ခမ စသောသူတို့ကျောက်စာ	zenodo_4321314	not_started	
obi-v01-n0178-tx-p0305	ငါဆုသင် မောင်နှံ ကျောက်စာ	zenodo_4321314	not_started	
obi-v01-n0179-tx-p0306	အမတ် ညာဏပိစည်း ကျောက်စာ	zenodo_4321314	not_started	
obi-v01-n0180-ob-p0309	မဟာ ကဿပကျောင်းကျောက်စာ	zenodo_4321314	not_started	
obi-v01-n0181-ob-p0311	တကာကြီးမိနှင့် တကာကြီးကျောက်စာ	zenodo_4321314	not_started	
obi-v01-n0181-re-p0313	တကာကြီးမိနှင့် တကာကြီးကျောက်စာ	zenodo_4321314	not_started	
obi-v01-n0182-ob-p0314	ငါပိုက်သင် လယ်မယား ကျောက်စာ	zenodo_4321314	not_started	
obi-v01-n0183-ob-p0315	ငါမင်သင် လင်မယား ကျောက်စာ	zenodo_4321314	not_started	
obi-v01-n0184-ob-p0316	အိုပ္လည်ဝသင် ကျောက်စာ	zenodo_4321314	not_started	
obi-v01-n0185-ob-p0318	အမတ်တျာဗိစည်ကျောက်စာ	zenodo_4321314	not_started	
obi-v01-n0186-ob-p0319	မြင်းကပါ ပိဇယ်တို့ကျောက်စာ	zenodo_4321314	not_started	
obi-v01-n0187-ob-p0320	သံဗျင်သက်ရှည်ကျောက်စာ	zenodo_4321314	not_started	
obi-v01-n0188-ob-p0321	ဂဝံကျောင်း ကျောက်စာ	zenodo_4321314	not_started	
obi-v01-n0189-ob-p0322	မနူဟာဘုရား ကျောက်စာ	zenodo_4321314	not_started	
obi-v01-n0190-ob-p0324	တောင်ခံနှင့် ဇယ်သဘင်ကျောက်စာ	zenodo_4321314	not_started	
obi-v01-n0191-ob-p0325	အမတ် သမန်ဘတြာ ကျောက်စာ	zenodo_4321314	not_started	
obi-v01-n0191-re-p0326	အမတ် သမန်ဘတြာ ကျောက်စာ	zenodo_4321314	not_started	
obi-v01-n0192-ob-p0326	မတိမာ မထေရ်ကြီးကျောက်စာ	zenodo_4321314	not_started	
obi-v01-n0193-ob-p0328	ရန်အောင်မြင်ဘုရားကျောက်စာ	zenodo_4321314	not_started	
obi-v01-n0194-ob-p0329	ပရိမ္မထီးလိုင်သျှင်ဘုရားကျောက်စာ	zenodo_4321314	not_started	
obi-v01-n0194-re-p0330	ပရိမ္မထီးလိုင်သျှင်ဘုရား၊ ကျောက်စာ	zenodo_4321314	not_started	
obi-v01-n0195-ob-p0331	လှည်းထောင်ဘုရား ကျောက်စာ	zenodo_4321314	not_started	
obi-v01-n0196-ob-p0333	သျင်ဝလင်ကျောက်စာ	zenodo_4321314	not_started	
obi-v01-n0196-re-p0334	သျင်ဝလင်ကျောက်စာ	zenodo_4321314	not_started	
obi-v01-n0197-ob-p0334	သင်ကြီးငါက္လင်ဂံသင် ကျောက်စာ	zenodo_4321314	not_started	
obi-v01-n0197-re-p0336	သင်ကြီးငါက္လင်ဂံသင် ကျောက်စာ	zenodo_4321314	not_started	
obi-v01-n0198-ob-p0337	သူကြွယ် ငကူလာသင် သိမ်ကျောက်စာ	zenodo_4321314	not_started	
obi-v01-n0199-ob-p0339	မင်းရှင်စော ကျောက်စာ	zenodo_4321314	not_started	
obi-v01-n0199-re-p0340	မင်းရှင်စောကျောက်စာ	zenodo_4321314	not_started	
obi-v01-n0200-ob-p0340	ငမဲတောင်ဦးဘုရားအနီးကျောက်စာ	zenodo_4321314	not_started	
obi-v01-n0201-re-p0342	တိုက်သူကြီး ငပုံသင် ကျောက်စာ	zenodo_4321314	not_started	
obi-v01-n0202-re-p0343	ကွန်းကတင်ဘုရားကျောက်စာ	zenodo_4321314	not_started	
obi-v01-n0203-ob-p0344	မင်းမတ်ကြီး စယ်ဘတြာကျောက်စာ	zenodo_4321314	not_started	
obi-v01-n0204-ob-p0345	မန္တလေးနန်းတွင်းရုံတွင် အမှတ် ၅၀၁ ကျောက်စာ	zenodo_4321314	not_started	
obi-v01-n0204-re-p0346	မန္တလေးနန်းတွင်းရုံ အမှတ် ၅၀၁ ကျောက်စာ	zenodo_4321314	not_started	
obi-v01-n0205-ob-p0347	စူဠာမဏိဘုရားကျောက်စာ	zenodo_4321314	not_started	
obi-v01-n0206-ob-p0350	စူဠပန်မဟာထေရ် ကုလားကျောင်းကျောက်စာ	zenodo_4321314	not_started	
obi-v01-n0206-re-p0351	စူဠပန်မဟာထေရ် ကုလားကျောင်း ကျောက်စာ	zenodo_4321314	not_started	
obi-v01-n0207-ob-p0352	နားတောင်းတတ်ဘုရား ကျောက်စာ	zenodo_4321314	not_started	
obi-v01-n0208-ob-p0353	သင်ကြီး ငါပုသင် ကျောက်စာ	zenodo_4321314	not_started	
obi-v01-n0209-ob-p0354	စာကြိုဘုရားလှကျောက်စာ	zenodo_4321314	not_started	
obi-v01-n0209-re-p0355	စာကြိုဘုရားလှ ကျောက်စာ	zenodo_4321314	not_started	
obi-v01-n0210-ob-p0357	ရတနာပုံ မိဖုရားကျောက်စာ	zenodo_4321314	not_started	
obi-v01-n0211-ob-p0358	မင်းသတ္ထာကျောက်စာ	zenodo_4321314	not_started	
obi-v01-n0212-ob-p0360	အမတ်ကြီး သုဖရစ် ကျောက်စာ	zenodo_4321314	not_started	
obi-v01-n0212-re-p0361	အမတ်ကြီး သုဖရစ်ကျောက်စာ	zenodo_4321314	not_started	
obi-v01-n0213-ob-p0362	စည်သူမင်းကြီးကျောက်စာ	zenodo_4321314	not_started	
obi-v01-n0214-ob-p0363	စာကြိုဘုရားလှကျောက်စာ	zenodo_4321314	not_started	
obi-v01-n0215-ob-p0365	မြင်းမူ ကင်းသူကြီးကျောက်စာ	zenodo_4321314	not_started	
obi-v01-n0216-ob-p0366	ပုဂံရွှေကျောင်း အရှေ့ဂူကျောက်စာ	zenodo_4321314	not_started	
obi-v01-n0217-ob-p0367	ကြွဲပုလုနှင့် ကြွယ်ကြီးချတ္တရာတို့ ကျောက်စာ	zenodo_4321314	not_started	
obi-v01-n0218-ob-p0370	စောလူးမင်းကြီး ကျောက်စာ	zenodo_4321314	not_started	
obi-v01-n0219-ob-p0371	ရွှေတွင်းအောင်းဘုရား ကျောက်စာ	zenodo_4321314	not_started	
obi-v01-n0220-ob-p0374	သူကြွယ်ကြီးဝတ္တန ကျောက်စာ	zenodo_4321314	not_started	
obi-v01-n0221-tx-p0375	သူကြွယ် ဖ္လစ်ကောင်သင် ကျောက်စာ	zenodo_4321314	not_started	
obi-v01-n0221-tx-p0376	သူကြွယ် ဖ္လစ်ကောင်သင် ကျောက်စာ	zenodo_4321314	not_started	
obi-v01-n0222-re-p0376	ဖျက္ကသု ကျောက်စာ	zenodo_4321314	not_started	
obi-v01-n0223-ob-p0377	နဂါးကြောင်းဘုရား ကျောက်စာ	zenodo_4321314	not_started	
obi-v01-n0224-ob-p0379	မန္တလေး နန်းတွင်းရုံတွင် အမှတ် ၂၈ ကျောက်စာ	zenodo_4321314	not_started	
obi-v01-n0225-ob-p0381	မန္တလေးနန်းတွင်းရုံတွင်ရှိ အမှတ် ၃၉ ကျောက်စာ	zenodo_4321314	not_started	
obi-v02-n0001-ob-p0001	မဟာဂေါတမဘုရားကျောက်စာ	zenodo_4321314	not_started	
obi-v02-n0001-tx-p0002	မဟာဂေါတမဘုရားကျောက်စာအထက်ပိုင်းရှိ ကျောက်စာ	zenodo_4321314	not_started	
obi-v02-n0002-ob-p0003	မင်းမတ် နဂါပိုရ် မိဖွါးကျောက်စာ	zenodo_4321314	not_started	
obi-v02-n0003-ob-p0004	ထင်ညာပတိဂူ လေးမျက်နှာဘုရားကျောက်စာ	zenodo_4321314	not_started	
obi-v02-n0004-ob-p0006	ရတနာသုံးပါးအား ကျွန်လယ်လှူသော ကျောက်စာ	zenodo_4321314	not_started	
obi-v02-n0005-re-p0009	အမတ် အစလပိဇည်တို့ ကျောက်စာ	zenodo_4321314	not_started	
obi-v02-n0006-ob-p0010	သက်လျင်သိရတ် မောင်နှံကျောက်စာ	zenodo_4321314	not_started	
obi-v02-n0007-ob-p0011	မန္တလေးမြို့ နန်းတွင်းကျောက်စာရုံငယ်တွင် အမှတ် ၄၇၅/က ကျောက်စာ	zenodo_4321314	not_started	
obi-v02-n0007-re-p0011	မန္တလေးမြို့နန်းတွင်းကျောက်စာရုံငယ်တွင် အမှတ် ၄၇၅/ခ ကျောက်စာ	zenodo_4321314	not_started	
obi-v02-n0008-re-p0013	ဘုရားအား ကျွန်လှူသော ကျောက်စာ	zenodo_4321314	not_started	
obi-v02-n0009-ob-p0014	ငကောင်ရင်သင် ဂူကျောင်းကျောက်စာ	zenodo_4321314	not_started	
obi-v02-n0010-ob-p0015	ဖုန်းသည် သင်ကြီး ငါပံသင် ကျောက်စာ	zenodo_4321314	not_started	
obi-v02-n0011-ob-p0017	ဖုန်မ္လတ်ပုရှာ မယ်တော် ကျောက်စာ	zenodo_4321314	not_started	
obi-v02-n0012-ob-p0018	မကွေးသူ မုဆိုးမ ကျောက်စာ	zenodo_4321314	not_started	
obi-v02-n0013-ob-p0020	ငဇဝ်သင်ကျောက်စာ	zenodo_4321314	not_started	
obi-v02-n0014-ob-p0021	သူကြွယ် ငစုယ်သင် ဘုရားကြီးကျောက်စာ	zenodo_4321314	not_started	
obi-v02-n0015-ob-p0022	သူကြွယ် သူရိယသူကျောက်စာ	zenodo_4321314	not_started	
obi-v02-n0015-re-p0023	သူကြွယ် သူရိယသူကျောက်စာ	zenodo_4321314	not_started	
obi-v02-n0016-ob-p0024	ဖွားစောခေါ် အမိပုဟားစော ကျောက်စာ	zenodo_4321314	not_started	
obi-v02-n0017-ob-p0027	သ္ခိင်ဖွားကြီးမြေး စိုးမင်းကျောက်စာ	zenodo_4321314	not_started	
obi-v02-n0018-ob-p0029	ဖွားစောခေါ် အမိပုရှာစော ကျောက်စာ	zenodo_4321314	not_started	
obi-v02-n0019-ob-p0030	သံဗျင် အစလဘိရစ် ဒါနပတိ မောင်နှံ ကျောက်စာ	zenodo_4321314	not_started	
obi-v02-n0019-re-p0031	သံဗျင် အစလဘိရစ် ဒါနပတိ မောင်နှံကျောက်စာ	zenodo_4321314	not_started	
obi-v02-n0020-ob-p0033	ညောင်ရံကြီးသမီး ကျောက်စာ	zenodo_4321314	not_started	
obi-v02-n0020-re-p0035	ညောင်ရံကြီးသမီးကျောက်စာ	zenodo_4321314	not_started	
obi-v02-n0021-ob-p0037	ညောင်ရံကြီးသမီးကျောက်စာ	zenodo_4321314	not_started	
obi-v02-n0022-ob-p0041	ညောင်ရမ်းကြီးသမီးကျောက်စာ	zenodo_4321314	not_started	
obi-v02-n0023-ob-p0044	ညောင်ရမ်းကြီးသမီးကျောက်စာ	zenodo_4321314	not_started	
obi-v02-n0024-ob-p0047	ညောင်ရမ်းကြီးသမီးကျောက်စာ	zenodo_4321314	not_started	
obi-v02-n0025-ob-p0049	ညောင်ရမ်းကြီးသမီး ကျောက်စာ	zenodo_4321314	not_started	
obi-v02-n0026-re-p0051	သ္ခိင်ဖွားကြီးမြေး စိုးမင်း ကျောက်စာ	zenodo_4321314	not_started	
obi-v02-n0027-ob-p0052	မြေအတွက် အချင်းများသော ကျောက်စာ	zenodo_4321314	not_started	
obi-v02-n0028-ob-p0053	သူကြွယ် ငါမြှောက်သင် ကျောက်စာ	zenodo_4321314	not_started	
obi-v02-n0029-ob-p0054	သ္ခိင် ငမည်သင် ဂုဏာတိရိတ်ကျောက်စာ	zenodo_4321314	not_started	
obi-v02-n0030-ob-p0056	ရွှေဂူဘုရားကျောက်စာ	zenodo_4321314	not_started	
obi-v02-n0031-ob-p0058	ကျစွာမင်း မိထွေးတော်ကျောင်းကျောက်စာ	zenodo_4321314	not_started	
obi-v02-n0032-ob-p0060	အဖွါးအိမ္လန်မိ ကျောက်စာ	zenodo_4321314	not_started	
obi-v02-n0033-ob-p0061	ဘိုးကလုန်ဂူဘုရားခေါ် မရှက်သည် ဂူဘုရားကျောက်စာ	zenodo_4321314	not_started	
obi-v02-n0033-re-p0063	ဘိုးကလုန်ဂူဘုရားခေါ်မရှက်သည် ဂူဘုရားကျောက်စာ	zenodo_4321314	not_started	
obi-v02-n0034-ob-p0064	သမန္တကုံထံ လင်မယားကျောက်စာ	zenodo_4321314	not_started	
obi-v02-n0035-ob-p0066	ပိုလ်သူကြီး သတ္တျာ ကျောက်စာ	zenodo_4321314	not_started	
obi-v02-n0035-re-p0068	ပိုလ်သူကြီးသတ္တျာ ကျောက်စာ	zenodo_4321314	not_started	
obi-v02-n0036-ob-p0069	ငမ္လင်သင် ကျောက်စာ	zenodo_4321314	not_started	
obi-v02-n0037-ob-p0069	ဖုန်းသည်ကြီး သိခင်ပင်လယ် ကျောက်စာ	zenodo_4321314	not_started	
obi-v02-n0038-ob-p0072	စလင်းမင်းအနန္တသူကျောင်းကျောက်စာ	zenodo_4321314	not_started	
obi-v02-n0038-re-p0073	စလင်းမင်း အနန္တသူကျောင်းကျောက်စာ	zenodo_4321314	not_started	
obi-v02-n0039-ob-p0074	မန္တလေးမြို့နန်းတွင်းကျောက်စာရုံတွင် အမှတ် ၃၁၀ ကျောက်စာ	zenodo_4321314	not_started	
obi-v02-n0040-ob-p0074	ဖုန်းသည် သူဖရစ်လင်မယားကျောက်စာ	zenodo_4321314	not_started	
obi-v02-n0041-ob-p0076	သူကြွယ်အို့ကြံချင်သင် လင်မယားကျောက်စာ	zenodo_4321314	not_started	
obi-v02-n0042-ob-p0078	ကျစွာမင်းကြီးကျောက်စာ	zenodo_4321314	not_started	
obi-v02-n0042-re-p0080	ကျစွာမင်းကြီးကျောက်စာ	zenodo_4321314	not_started	
obi-v02-n0043-ob-p0082	မင်းမတ် ကစ္စမင်္ဂလာ သားကျောက်စာ	zenodo_4321314	not_started	
obi-v02-n0044-ob-p0083	တရားနာပြီး ကျွန်လှူသောကျောက်စာ	zenodo_4321314	not_started	
obi-v02-n0045-ob-p0083	ငါမ္လိယ်သင်လင်မယားကျောက်စာ	zenodo_4321314	not_started	
obi-v02-n0045-re-p0084	ငါမ္လိယ်သင် လင်မယားကျောက်စာ	zenodo_4321314	not_started	
obi-v02-n0046-ob-p0085	လောကနန္ဒာဘုရားကျောက်စာ	zenodo_4321314	not_started	
obi-v02-n0047-re-p0087	ဖုန်းသည်ကြီး ငါဖွသင် ကျောက်စာ	zenodo_4321314	not_started	
obi-v02-n0048-ob-p0087	ငါဖုန်ဆောင်သင် လင်မယားကျောက်စာ	zenodo_4321314	not_started	
obi-v02-n0049-ob-p0088	ငါရံသင် ကျောက်စာ	zenodo_4321314	not_started	
obi-v02-n0050-ob-p0089	ငါလှသင် မောင်နှံကျောက်စာ	zenodo_4321314	not_started	
obi-v02-n0051-ob-p0091	ဘုရားအား ကျွန်လှူသော ကျောက်စာ	zenodo_4321314	not_started	
obi-v02-n0052-ob-p0092	သူကြွယ် အိုန်နိုင်သင် ကျောက်စာ	zenodo_4321314	not_started	
obi-v02-n0053-re-p0096	ရှင်မဟာကဿပကျောင်းကျောက်စာ	zenodo_4321314	not_started	
obi-v02-n0053-tx-p0093	ရှင်မဟာကဿပကျောင်းကျောက်စာ၊ ၂မျက်နှာ မျက်နှာဘက်	zenodo_4321314	not_started	
obi-v02-n0054-ob-p0099	မင်းသမီး အစောကြွမ်းကျောက်စာ	zenodo_4321314	not_started	
obi-v02-n0054-re-p0103	မင်းသမီးအစောကြွမ်းကျောက်စာ	zenodo_4321314	not_started	
obi-v02-n0055-re-p0104	ကျစွာမင်းကြီးကျောက်စာ	zenodo_4321314	not_started	
obi-v02-n0056-ob-p0104	ဇေယပိကြံမောင်နှံကျောက်စာ	zenodo_4321314	not_started	
obi-v02-n0056-re-p0108	ဇေယပိကြံ မောင်နှံ ကျောက်စာ	zenodo_4321314	not_started	
obi-v02-n0057-ob-p0111	ကျစွာမင်းအမိန့်တော်ကျောက်စာ	zenodo_4321314	not_started	
obi-v02-n0057-tx-p0113	ကျစွာမင်းအမိန့်တော် ကျောက်စာ	zenodo_4321314	not_started	
obi-v02-n0058-ob-p0115	ကျစွာမင်းအမိန့်တော် ကျောက်စာ	zenodo_4321314	not_started	
obi-v02-n0059-ob-p0119	ကျစွာမင်းအမိန့်တော်ကျောက်စာ	zenodo_4321314	not_started	
obi-v02-n0059-re-p0122	ကျစွာမင်း အမိန့်တော်ကျောက်စာ	zenodo_4321314	not_started	
obi-v02-n0060-ob-p0124	ကျစွာမင်း အမိန့်တော်ကျောက်စာ	zenodo_4321314	not_started	
obi-v02-n0061-ob-p0128	ကျစွာမင်းအမိန့်တော်ကျောက်စာ	zenodo_4321314	not_started	
obi-v02-n0062-ob-p0129	ကျစွာမင်း အမိန့်တော်ကျောက်စာ	zenodo_4321314	not_started	
obi-v02-n0063-ob-p0131	ကျစွာမင်းအမိန့်တော်ကျောက်စာ	zenodo_4321314	not_started	
obi-v02-n0064-ob-p0132	ကျစွာမင်းအမိန့်တော် ကျောက်စာ	zenodo_4321314	not_started	
obi-v02-n0064-re-p0134	ကျစွာမင်းအမိန့်တော် ကျောက်စာ	zenodo_4321314	not_started	
obi-v02-n0065-re-p0139	ကျစွာမင်းအမိန့်တော်ကျောက်စာ	zenodo_4321314	not_started	
obi-v02-n0065-tx-p0137	ကျစွာမင်းအမိန့်တော် ကျောက်စာ	zenodo_4321314	not_started	
obi-v02-n0066-ob-p0140	ကျစွာမင်းအမိန့်တော်ကျောက်စာ	zenodo_4321314	not_started	
obi-v02-n0067-ob-p0141	ကျစွာမင်း အမိန့်တော်ကျောက်စာ	zenodo_4321314	not_started	
obi-v02-n0068-ob-p0142	တိုက်ကြီးကုန်းဘုရား ပါဠိ ကျောက်စာ	zenodo_4321314	not_started	
obi-v02-n0069-ob-p0143	ကျစွာမင်း အမိန့်တော် ကျောက်စာ	zenodo_4321314	not_started	
obi-v02-n0070-ob-p0146	အဘွားကလံသ္ခိင် ကျောက်စာ	zenodo_4321314	not_started	
obi-v02-n0071-ob-p0147	မန္တလေးမြို့နန်းတွင်းရုံတွင် ကျောက်စာတိုင်အမှတ် ၄၁၃ ကျောက်စာ	zenodo_4321314	not_started	
obi-v02-n0072-ob-p0148	ဥန်သင် စသောသူတို့ကျောက်စာ	zenodo_4321314	not_started	
obi-v02-n0072-ob-p0151	ကျစွာမင်းအမိန့်တော်ကျောက်စာ	zenodo_4321314	not_started	
obi-v02-n0073-tx-p0155	ညောင်ဦးမြို့ရွှေစည်းခုံဘုရားကို ကျွန်လှူသောကျောက်စာ	zenodo_4321314	not_started	
obi-v02-n0074-ob-p0155	သူကြွယ်ငဖုန်ဆုံသင် လင်မယားကျောက်စာ	zenodo_4321314	not_started	
obi-v02-n0075-ob-p0156	သူကြွယ် ငါချတ်သင်ကြီးကျောက်စာ	zenodo_4321314	not_started	
obi-v02-n0076-ob-p0157	သူကြွယ် ငဝံဖ္လည်သင် စသောသူတို့ကျောက်စာ	zenodo_4321314	not_started	
obi-v02-n0077-ob-p0159	မဟာသမန်း လင်မယားကျောက်စာ	zenodo_4321314	not_started	
obi-v02-n0078-ob-p0162	သိခင် မခင်မီ ကျောက်စာ	zenodo_4321314	not_started	
obi-v02-n0079-ob-p0163	ငဖွယ် ငလျောင် တရားနိုင်သောကျောက်စာ	zenodo_4321314	not_started	
obi-v02-n0080-ob-p0164	ဒါယကာ သား သုဖရစ် ကျောက်စာ	zenodo_4321314	not_started	
obi-v02-n0080-re-p0165	ဒါယကာ သားသုဖရစ်ကျောက်စာ	zenodo_4321314	not_started	
obi-v02-n0081-ob-p0167	ငစည်တည်သင်ကျောက်စာ	zenodo_4321314	not_started	
obi-v02-n0082-ob-p0168	ကျစွာမင်း၏မိထွေးတော်ကျောက်စာ	zenodo_4321314	not_started	
obi-v02-n0083-ob-p0170	ဓမ္မရံကြီးဘုရား ကျောက်စာ	zenodo_4321314	not_started	
obi-v02-n0084-ob-p0172	ဖုန်သည်မ စသောသူတို့ကျောက်စာ	zenodo_4321314	not_started	
obi-v02-n0085-ob-p0173	အဂ္ဂပတိ ကျောက်စာ	zenodo_4321314	not_started	
obi-v02-n0086-ob-p0174	စည်သူမင်းကြီးကျောက်စာ	zenodo_4321314	not_started	
obi-v02-n0086-re-p0175	စည်သူမင်းကြီးကျောက်စာ	zenodo_4321314	not_started	
obi-v02-n0087-ob-p0176	ဘုရားအားကျွန်လှူသော ကျောက်စာ	zenodo_4321314	not_started	
obi-v02-n0088-ob-p0176	သံပျင်စွာကျောင်းကျောက်စာ	zenodo_4321314	not_started	
obi-v02-n0089-ob-p0177	ဘုရားအားကျွန်လှူသော ကျောက်စာ	zenodo_4321314	not_started	
obi-v02-n0090-ob-p0178	ငတွန်သင် မယားကျောက်စာ	zenodo_4321314	not_started	
obi-v02-n0091-ob-p0179	သိခင် စခီပိုလ် ကျောက်စာ	zenodo_4321314	not_started	
obi-v02-n0092-ob-p0181	ဥစ္စနာမင်းကြီး၏့ ဦးရီးစသောသူတို့ကျောက်စာ	zenodo_4321314	not_started	
obi-v02-n0093-ob-p0183	သူကြွယ်တဦး၏့ကျောက်စာ	zenodo_4321314	not_started	
obi-v02-n0094-tx-p0185	ငါဖုန်ဟိယ်သင် သမီးအိုဝ်သုက်နှင့် ဖုန်မြတ်ကြီး ဂုဏပိစည်းကျောက်စာ	zenodo_4321314	not_started	
obi-v02-n0095-re-p0186	အသင်္ခယာမင်းမတ် မယားကျောက်စာ	zenodo_4321314	not_started	
obi-v02-n0096-tx-p0187	တရုပ်ပြေးမင်းကျောက်စာ	zenodo_4321314	not_started	
obi-v02-n0097-tx-p0188	မန္တလေးနန်းတွင်းရုံတွင်ကျောက်တိုင်အမှတ် ၃၈/က ကျောက်စာ မျက်နှာ	zenodo_4321314	not_started	
obi-v02-n0097-tx-p0189	မန္တလေးနန်းတွင်းရုံတွင် ကျောက်တိုင်အမှတ် ၃၈/ခ ကျောက်စာ	zenodo_4321314	not_started	
obi-v02-n0098-ob-p0190	သူကြွယ် ငတိုင်ပင်သင် လင်မယားကျောက်စာ	zenodo_4321314	not_started	
obi-v02-n0099-ob-p0191	မင်းမတ် မဟာသ္မန်း ကျောက်စာ	zenodo_4321314	not_started	
obi-v02-n0099-re-p0192	မင်းမတ် မဟာသ္မန်းကျောက်စာ	zenodo_4321314	not_started	
obi-v02-n0100-ob-p0193	စစ်သူကြီးသမက် ငရောက်သင်ကျောက်စာ	zenodo_4321314	not_started	
obi-v02-n0101-ob-p0194	မဟာသမန်းကြီး သမီး စိုးမင်းကြီးကျောက်စာ	zenodo_4321314	not_started	
obi-v02-n0102-ob-p0195	ငရောက် စသောသူတို့ကျောက်စာ	zenodo_4321314	not_started	
obi-v02-n0103-ob-p0196	ငါလပ်သင် ကျောက်စာ	zenodo_4321314	not_started	
obi-v02-n0104-ob-p0197	ဆင်ခြံဘုရားကျောက်စာ	zenodo_4321314	not_started	
obi-v02-n0105-ob-p0198	နရသီဟပတေ့မင်းနှင့် အရီးစောကျောက်စာ	zenodo_4321314	not_started	
obi-v02-n0106-ob-p0202	တန်နှောင် ငရောက်သင်ကျောက်စာ	zenodo_4321314	not_started	
obi-v02-n0107-ob-p0203	မန္တလေးနန်းတွင်းရုံ အမှတ် ၃၇၀ ကျောက်စာ	zenodo_4321314	not_started	
obi-v02-n0108-re-p0204	စည်သူမင်းကြီးကျောက်စာ	zenodo_4321314	not_started	
obi-v02-n0109-ob-p0205	အမျိုးသမီးတဦး၏့ ကျောက်စာ	zenodo_4321314	not_started	
obi-v02-n0109-tx-p0206	အမျိုးသမီးတဦး၏့ ကျောက်စာ	zenodo_4321314	not_started	
obi-v02-n0110-ob-p0206	ရွှေပေါက်အုပ်ဘုရား သိမ်တွင်းရှိကျောက်စာ	zenodo_4321314	not_started	
obi-v02-n0110-re-p0207	ရွှေပေါက်အုပ်ဘုရား သိမ်တွင်းရှိကျောက်စာ	zenodo_4321314	not_started	
obi-v02-n0111-ob-p0207	မန္တလေးနန်းတွင်းရုံအမှတ် ၈၂ ကျောက်စာ	zenodo_4321314	not_started	
obi-v02-n0112-ob-p0209	ကျွန်လှူသော ကျောက်စာ	zenodo_4321314	not_started	
obi-v02-n0113-ob-p0210	ဖုန်သည် ငါပင်ရသင် ကျောက်စာ	zenodo_4321314	not_started	
obi-v02-n0114-ob-p0211	မင်းမတ်ကြီး စယျဖတ္တရာ ကျောက်စာ	zenodo_4321314	not_started	
obi-v02-n0115-ob-p0212	ငါဖုန်ဆုန် ကျောက်စာ	zenodo_4321314	not_started	
obi-v02-n0116-ob-p0212	မန္တလေးနန်းတွင်းရုံတွင် အမှတ် ၃၁ ကျောက်စာ	zenodo_4321314	not_started	
obi-v02-n0117-ob-p0213	ပြည်ခွင်မယား မင်းသမီး မြေး ကျောက်စာ	zenodo_4321314	not_started	
obi-v02-n0117-re-p0215	ပြည်ခွင်မယား မင်းသမီး မြေး ကျောက်စာ	zenodo_4321314	not_started	
obi-v02-n0118-re-p0217	သူကြွယ် ငတိကျက်သက် ကျောက်စာ	zenodo_4321314	not_started	
obi-v02-n0119-ob-p0219	ဘုရားကျွန်နှင့် မြေလှူသော ကျောက်စာ	zenodo_4321314	not_started	
obi-v02-n0120-ob-p0220	ပုဂံပြတိုက် အမှတ် ၂၅ ကျောက်စာ	zenodo_4321314	not_started	
obi-v02-n0120-re-p0221	ပုဂံပြတိုက် အမှတ် ၂၅ ကျောက်စာ	zenodo_4321314	not_started	
obi-v02-n0121-tx-p0222	ပုဂံပြတိုက်အမှတ် ၂၃~ကျောက်စာ။	zenodo_4321314	not_started	
obi-v02-n0121-tx-p0223	ပုဂံပြတိုက် အမှတ် ၂၃ ကျောက်စာ	zenodo_4321314	not_started	
obi-v02-n0121-tx-p0225	ပုဂံပြတိုက် အမှတ် ၂၃ ကျောက်စာ	zenodo_4321314	not_started	
obi-v02-n0122-ob-p0225	သူကြွယ်မ ကျောက်စာ	zenodo_4321314	not_started	
obi-v02-n0123-ob-p0226	ပုဂံပြတိုက် အမှတ် ၁၉ ကျောက်စာ	zenodo_4321314	not_started	
obi-v02-n0124-ob-p0227	ပုဂံပြတိုက်အမှတ်-၉၀ ကျောက်စာ	zenodo_4321314	not_started	
obi-v02-n0125-tx-p0227	ပုဂံပြတိုက် တောင်ဘက်ခန်း၌ရှိသောကျောက်စာ	zenodo_4321314	not_started	
obi-v02-n0126-tx-p0228	ပုဂံပြတိုက် တောင်ဘက်ခန်း၌ရှိသောကျောက်စာ	zenodo_4321314	not_started	
obi-v02-n0127-ob-p0228	ဘုရားအား ကျွန်လှူသော ကျောက်စာ	zenodo_4321314	not_started	
obi-v02-n0128-ob-p0229	ရတနာသုံးပါးအား ကျွန်လှူသည်နှင့်တူသော ကျောက်စာ	zenodo_4321314	not_started	
obi-v02-n0128-re-p0230	ရတနာသုံးပါးအား ကျွန်လှူသည်နှင့်တူသော ကျောက်စာ	zenodo_4321314	not_started	
obi-v02-n0129-tx-p0230	တိုင်းရင်း ၃၁၉/က ကျောက်စာ	zenodo_4321314	not_started	
obi-v02-n0130-tx-p0231	တိုင်းရင်း-၃၁၉/ခ ကျောက်စာ	zenodo_4321314	not_started	
obi-v02-n0131-ob-p0232	ရတနာသုံးပါးအား မြေလှူသော ကျောက်စာ	zenodo_4321314	not_started	
obi-v02-n0132-tx-p0233	ဆုတောင်းပြည့်ဘုရားရှိ ကျောက်စာ	zenodo_4321314	not_started	
obi-v02-n0132-tx-p0234	သိမ်ဘုရားရှိ ကျောက်စာ	zenodo_4321314	not_started	
obi-v02-n0133-ob-p0235	သိမ်သမုတ်သည်နှင့် တူသောကျောက်စာ	zenodo_4321314	not_started	
obi-v02-n0134-ob-p0237	ဘုရားအား ကျွန်နှင့် ယာ လှူသော ကျောက်စာ	zenodo_4321314	not_started	
obi-v02-n0135-tx-p0238	မန္တလေးမြို့ နန်းတွင်းရုံ ၂၇၆ ကျောက်စာ	zenodo_4321314	not_started	
obi-v02-n0136-tx-p0239	မန္တလေးမြို့နန်းတွင်းရုံ ၂၉၁/က ကျောက်စာ	zenodo_4321314	not_started	
obi-v02-n0137-tx-p0240	မန္တလေးမြို့နန်းတွင်းရုံ ၄၆၅ ကျောက်စာ	zenodo_4321314	not_started	
obi-v02-n0138-tx-p0240	မန္တလေးမြို့နန်းတွင်းရုံ ၃၇၃ ကျောက်စာ	zenodo_4321314	not_started	
obi-v02-n0139-tx-p0241	မန္တလေးမြို့နန်းတွင်းရုံ ၅၂၈ ကျောက်စာ	zenodo_4321314	not_started	
obi-v02-n0140-ob-p0242	ငဝဲသင်ဘုရား ကျောက်စာ	zenodo_4321314	not_started	
obi-v02-n0141-ob-p0243	ပုံနား ဤန်ချံသင် ကျောက်စာ	zenodo_4321314	not_started	
obi-v02-n0141-re-p0244	ပုံနား ဤန်ချံသင် ကျောက်စာ	zenodo_4321314	not_started	
obi-v02-n0142-ob-p0245	မန္တလေးမြို့နန်းတွင်းရုံ ၃၁၃/က ကျောက်စာ	zenodo_4321314	not_started	
obi-v02-n0142-re-p0245	မန္တလေးမြို့နန်းတွင်းရုံ ၃၁၃/ခ ကျောက်စာ	zenodo_4321314	not_started	
obi-v02-n0143-ob-p0246	ကျောင်းဘုရားစသည်ကို လှူသော ကျောက်စာ	zenodo_4321314	not_started	
obi-v02-n0144-re-p0247	တိုင်းရင်းပုံအမှတ် ၃၃၉/ခ ကျောက်စာ	zenodo_4321314	not_started	
obi-v02-n0145-tx-p0248	ကျွန်နှင့်မြေလှူသော ကျောက်စာ	zenodo_4321314	not_started	
obi-v02-n0145-tx-p0249	ကျွန်နှင့်မြေလှူသောကျောက်စာ	zenodo_4321314	not_started	
obi-v03-n0001-ob-p0001	တျြာမြမ် ကျောက်စာ	zenodo_4321314	not_started	
obi-v03-n0002-re-p0002	ရတ္ထပိစည်း လင်မယားကျောက်စာ	zenodo_4321314	not_started	
obi-v03-n0003-ob-p0003	သင်္ဃရာဇာပဏ္ဍိတ် ကျောက်စာ	zenodo_4321314	not_started	
obi-v03-n0004-ob-p0004	သင်ကသူ လင်မယားကျောက်စာ	zenodo_4321314	not_started	
obi-v03-n0005-ob-p0005	အိုန်ရောက်သင် ကျောက်စာ	zenodo_4321314	not_started	
obi-v03-n0006-ob-p0007	တရုပ်ပြေး (နရသီဟပတေ့)မင်းကြီးကျောက်စာ	zenodo_4321314	not_started	
obi-v03-n0007-ob-p0008	ဖုန်မြတ်တိဿထေရ်ကျောက်စာ	zenodo_4321314	not_started	
obi-v03-n0007-re-p0008	ဖုန်မြတ်တိဿထေရ် ကျောက်စာ	zenodo_4321314	not_started	
obi-v03-n0008-ob-p0009	စိုးမင်းကြာသဝတ် လင်မယားကျောက်စာ	zenodo_4321314	not_started	
obi-v03-n0008-re-p0011	စိုးမင်းကြသဝတ် လင်မယား ကျောက်စာ	zenodo_4321314	not_started	
obi-v03-n0009-ob-p0012	တာမလိန်ကျောင်းကျောက်စာ	zenodo_4321314	not_started	
obi-v03-n0010-ob-p0013	ဖုန်းသည် ငကောင်းသင် ကျောက်စာ	zenodo_4321314	not_started	
obi-v03-n0011-ob-p0014	သ္ခိင်စကုကြီးကျောက်စာ	zenodo_4321314	not_started	
obi-v03-n0012-ob-p0018	အနာထပိန်သူဌေး ကျောက်စာ	zenodo_4321314	not_started	
obi-v03-n0013-ob-p0019	ငါမိုဝ်သင် လင်မယားကျောက်စာ	zenodo_4321314	not_started	
obi-v03-n0014-re-p0020	ငါပိုက်သင် လင်မယားကျောက်စာ	zenodo_4321314	not_started	
obi-v03-n0015-ob-p0021	စယ်ယသိန် လင်မယားကျောက်စာ	zenodo_4321314	not_started	
obi-v03-n0016-ob-p0022	ပုဂံပြတိုက် အမှတ် ၈၅ ကျောက်စာ	zenodo_4321314	not_started	
obi-v03-n0016-re-p0023	ပုဂံပြတိုက် အမှတ် ၈၅ ကျောက်စာ	zenodo_4321314	not_started	
obi-v03-n0017-ob-p0024	အိုန်ကုသင် သားပန်စင်ကျောက်စာ	zenodo_4321314	not_started	
obi-v03-n0018-ob-p0025	ငါမြိုက်သင် လင်မယားကျောင်းကျောက်စာ	zenodo_4321314	not_started	
obi-v03-n0019-ob-p0026	သူကြွယ် ငပ္လည်စံသင်နှင့် သူကြွယ် ငါထက်မည်တို့ ကျောက်စာ	zenodo_4321314	not_started	
obi-v03-n0020-tx-p0027	သိင်္ကသူ သမီးကျောက်စာ	zenodo_4321314	not_started	
obi-v03-n0021-ob-p0028	သိင်္ဃသူ သမီး ကျောက်စာ	zenodo_4321314	not_started	
obi-v03-n0022-ob-p0033	သိမ်ကုန်းဘုရား တန်တိုင်းတွင်းရှိ ကျောက်စာ	zenodo_4321314	not_started	
obi-v03-n0023-ob-p0033	သူကြွယ် အိုမ်ဖွယ်သင်နှင့် သားများကျောက်စာ	zenodo_4321314	not_started	
obi-v03-n0023-re-p0034	သူကြွယ် အိုမ်ဖွယ်သင်နှင့် သားများကျောက်စာ	zenodo_4321314	not_started	
obi-v03-n0024-re-p0036	တျြာမွန် မယားကျောက်စာ	zenodo_4321314	not_started	
obi-v03-n0024-tx-p0035	တျြာမွန် မယားကျောက်စာ	zenodo_4321314	not_started	
obi-v03-n0025-ob-p0037	တျြာမွန် မယားကျောက်စာ	zenodo_4321314	not_started	
obi-v03-n0025-re-p0038	တျြာမွန်မယားကျောက်စာ	zenodo_4321314	not_started	
obi-v03-n0026-ob-p0039	နရသီဟပတေ့မင်းကျောက်စာ	zenodo_4321314	not_started	
obi-v03-n0026-re-p0041	နရသီဟပတေ့မင်းကျောက်စာ	zenodo_4321314	not_started	
obi-v03-n0027-ob-p0043	ငဖုန်စိုးသင် လင်မယားစသောသူတို့ ကျောက်စာ	zenodo_4321314	not_started	
obi-v03-n0027-re-p0045	ငဖုန်စိုးသင် လင်မယားစသောသူတို့ ကျောက်စာ	zenodo_4321314	not_started	
obi-v03-n0028-ob-p0046	ငကောင်ဖသင် မယားကျောက်စာ	zenodo_4321314	not_started	
obi-v03-n0029-re-p0047	သိင်္ဃသူသမီးကျောက်စာ	zenodo_4321314	not_started	
obi-v03-n0030-ob-p0048	ဖုန်းသည် သင်္ဃထီ ကျောက်စာ	zenodo_4321314	not_started	
obi-v03-n0031-ob-p0049	မင်းဆရာ ဓမ္မရာစကဝိ ကျောက်စာ	zenodo_4321314	not_started	
obi-v03-n0032-tx-p0051	မန္တလေးမြို့ နန်းတွင်းကျောက်စာရုံတွင်း အမှတ် ၄၄၅ ကျောက်စာ	zenodo_4321314	not_started	
obi-v03-n0033-ob-p0052	ငဝံဖ္လည်သင်နှင့် ငဖုန်ဆုံသင် လင်မယားကျောက်စာ	zenodo_4321314	not_started	
obi-v03-n0034-ob-p0053	သူကြွယ် ငါဝံဖ္လည်သင် ကျောက်စာ	zenodo_4321314	not_started	
obi-v03-n0035-ob-p0055	သုလဖရစ်သား စေယျဝတ္တနာ ကျောက်စာ	zenodo_4321314	not_started	
obi-v03-n0035-re-p0056	သုလဖရစ်သား စေယျဝတ္ထနကျောက်စာ	zenodo_4321314	not_started	
obi-v03-n0036-ob-p0057	သုခမိန်ကျောက်စာ	zenodo_4321314	not_started	
obi-v03-n0037-ob-p0058	သ္ခိင်ဖွါးဇဝ်ကျောက်စာ	zenodo_4321314	not_started	
obi-v03-n0038-ob-p0062	အစောလတ်မောင်နှံ ကျောက်စာ	zenodo_4321314	not_started	
obi-v03-n0038-re-p0064	အစောလတ်မောင်နှံ ကျောက်စာ	zenodo_4321314	not_started	
obi-v03-n0039-ob-p0065	တရုပ်ပြေးမင်းကျောက်စာ	zenodo_4321314	not_started	
obi-v03-n0040-ob-p0066	သမထီးကျောင်း ကျောက်စာ	zenodo_4321314	not_started	
obi-v03-n0041-ob-p0068	မြတ်ကြီးအလစ်ကျောက်စာ	zenodo_4321314	not_started	
obi-v03-n0042-ob-p0068	မုခ် ၂ ဆင့်ဂူဘုရား ကျောက်စာ	zenodo_4321314	not_started	
obi-v03-n0043-ob-p0070	မင်းမယား စခီပိုရ် ကျောက်စာ	zenodo_4321314	not_started	
obi-v03-n0044-re-p0072	နရသီဟပတေ့မင်းနှင့် အရီးစောကျောက်စာ	zenodo_4321314	not_started	
obi-v03-n0045-re-p0073	သမန္တပတိယ် လင်မယားကျောက်စာ	zenodo_4321314	not_started	
obi-v03-n0046-re-p0074	သ္ခိင်ဖွါးဇဝ် ကျောက်စာ	zenodo_4321314	not_started	
obi-v03-n0047-ob-p0077	မင်းဖကြီးကျောက်စာ	zenodo_4321314	not_started	
obi-v03-n0048-ob-p0078	သရက္ခန်ကျောင်းတော်ရာ ကျောက်စာ	zenodo_4321314	not_started	
obi-v03-n0049-ob-p0079	သူကြွယ်မကြီးကျောက်စာ	zenodo_4321314	not_started	
obi-v03-n0050-ob-p0080	ရမ္မနာသင် ကျောက်စာ	zenodo_4321314	not_started	
obi-v03-n0051-ob-p0081	သစ်မထီးကျောင်းကျောက်စာ	zenodo_4321314	not_started	
obi-v03-n0052-re-p0083	မနောရဇာ၏့သားများကျောက်စာ	zenodo_4321314	not_started	
obi-v03-n0053-ob-p0085	မြင်းခုန်တိုင် သ္ခိင်မဟာထီကျောက်စာ	zenodo_4321314	not_started	
obi-v03-n0054-ob-p0087	နက္ကပို့သား ငါလတ် ကျောက်စာ	zenodo_4321314	not_started	
obi-v03-n0055-ob-p0089	သံပျင် လက်ဆောင်ကျောက်စာ	zenodo_4321314	not_started	
obi-v03-n0056-ob-p0090	ရပ်တော်မူဘုရားကျောက်စာ	zenodo_4321314	not_started	
obi-v03-n0056-re-p0091	ရပ်တော်မူဘုရားကျောက်စာ	zenodo_4321314	not_started	
obi-v03-n0057-tx-p0092	သိရိဝဎနာ အမတ်ကြီးနှင့် မင်းသမီး မင်းစောလတ် ကျောက်စာ	zenodo_4321314	not_started	
obi-v03-n0058-ob-p0094	သူကြွယ် ဥပကုတ် ကျောက်စာ	zenodo_4321314	not_started	
obi-v03-n0059-ob-p0095	မိဖုရားစော ပုလဲမယ်ကျောက်စာ	zenodo_4321314	not_started	
obi-v03-n0060-ob-p0097	တရုပ်ပြေးမင်းကြီး၏့ အမတ်ကျောက်စာ	zenodo_4321314	not_started	
obi-v03-n0061-ob-p0100	သမ္ဗျင်ကြည်စင် လင်မယားစသောသူတို့ကျောက်စာ	zenodo_4321314	not_started	
obi-v03-n0062-ob-p0102	သမန်းဘုရားကျောက်စာ	zenodo_4321314	not_started	
obi-v03-n0063-ob-p0103	နရသီဟပတေ့မင်း၏့ အရီးစောမိဖွါးကျောက်စာ	zenodo_4321314	not_started	
obi-v03-n0063-re-p0106	နရသီဟပတေ့မင်း၏့ အရီးစောမိဖွါးကျောက်စာ	zenodo_4321314	not_started	
obi-v03-n0064-ob-p0109	အို့ချတ်ဖွယ်သင် စသောသူတို့ ကျောက်စာ	zenodo_4321314	not_started	
obi-v03-n0065-ob-p0109	ဖုန်သည် ဖတ္တပညာ ကျောက်စာ	zenodo_4321314	not_started	
obi-v03-n0066-ob-p0110	ဇေယသွတ်ဘုရားအတွင်းရှိ ကျောင်းကျောက်စာ	zenodo_4321314	not_started	
obi-v03-n0066-re-p0111	ဇေယသွတ်ဘုရားတွင်းရှိ ကျောင်းကျောက်စာ	zenodo_4321314	not_started	
obi-v03-n0067-ob-p0112	မြို့သူကြီး ရတနဆန်ကျောက်စာ	zenodo_4321314	not_started	
obi-v03-n0068-ob-p0113	မင်းသမီး အစော ပတည်သာ ကျောက်စာ	zenodo_4321314	not_started	
obi-v03-n0069-ob-p0114	သူကြွယ်မကျောက်စာ	zenodo_4321314	not_started	
obi-v03-n0070-re-p0115	ကျစွာမင်း မိထွေးတော်ကျောင်း ကျောက်စာ	zenodo_4321314	not_started	
obi-v03-n0071-ob-p0117	မင်းဆရာ ဒိသာဗြာမုက် ကျောက်စာ	zenodo_4321314	not_started	
obi-v03-n0072-re-p0119	ငါကြည်စုသင် လင်မယားကျောက်စာ	zenodo_4321314	not_started	
obi-v03-n0073-ob-p0120	စတုရင်္ဂဗိဇယ် သ္မီးမောင်နှံ ကျောက်စာ	zenodo_4321314	not_started	
obi-v03-n0074-ob-p0122	မိတြကျောက်စာ	zenodo_4321314	not_started	
obi-v03-n0075-ob-p0123	သ္ခိင်မဟာဓိ တိလောကရင်သိကျောက်စာ	zenodo_4321314	not_started	
obi-v03-n0076-re-p0124	တာမလိန်ကျောင်းကျောက်စာ	zenodo_4321314	not_started	
obi-v03-n0077-ob-p0127	ပြည်တော်သာ သိခင်မဟာထီကျောက်စာ	zenodo_4321314	not_started	
obi-v03-n0077-re-p0128	ပြည်တော်သာ သိခင် မဟာထီကျောက်စာ	zenodo_4321314	not_started	
obi-v03-n0078-ob-p0131	ငါပေါင်သင်သိမ်ကျောက်စာ	zenodo_4321314	not_started	
obi-v03-n0079-tx-p0132	တာမလိန်ကျောင်းကျောက်စာ	zenodo_4321314	not_started	
obi-v03-n0079-tx-p0134	တာမလိန်ကျောင်းကျောက်စာ	zenodo_4321314	not_started	
obi-v03-n0080-ob-p0135	သူကြွယ် အစလပို့ကျောက်စာ	zenodo_4321314	not_started	
obi-v03-n0081-ob-p0135	ကျစွာမင်းကြီးနှင့် မိဖုရား ဖွားဇောကျောင်းကျောက်စာ	zenodo_4321314	not_started	
obi-v03-n0082-ob-p0138	သတင်းသည် အပယ်ငယ် ကျောက်စာ	zenodo_4321314	not_started	
obi-v03-n0083-ob-p0139	မင်းဤမ်ကြီး ကျောက်စာ၊၂ မျက်နှာ၊ မျက်နှာ	zenodo_4321314	not_started	
obi-v03-n0084-ob-p0141	သျှင်ဒိသာပါမောက္ခ ကျောက်စာ	zenodo_4321314	not_started	
obi-v03-n0085-ob-p0145	ငဖ္လစ်သင်ကြီးစသောသူတို့ ကျောက်စာ	zenodo_4321314	not_started	
obi-v03-n0085-re-p0146	ငဖ္လစ်သင်ကြီး စသောသူတို့ကျောက်စာ	zenodo_4321314	not_started	
obi-v03-n0086-ob-p0147	သ္ခိင်ရစသူနှင့် အမိဖွါးစော ကျောက်စာ	zenodo_4321314	not_started	
obi-v03-n0086-re-p0150	သ္ခိင်ရစသူနှင့် အမိဖွါးစော ကျောက်စာ	zenodo_4321314	not_started	
obi-v03-n0087-ob-p0152	သ္ခိင်ရာဇသူနှင့် အမိဘွားစောကျောက်စာ	zenodo_4321314	not_started	
obi-v03-n0087-re-p0155	သ္ခိင်ရာဇသူနှင့် အမိဘွားစော ကျောက်စာ	zenodo_4321314	not_started	
obi-v03-n0088-ob-p0158	အသင်္ခယာ အုတ်ကျောင်း ကျောက်စာ	zenodo_4321314	not_started	
obi-v03-n0089-ob-p0159	ဝံပဲကာကျောင်းကျောက်စာ	zenodo_4321314	not_started	
obi-v03-n0090-ob-p0160	ပုထိုးနီမင်းနှင့် မင်းကျစွာမောင်နှံ ကျောက်စာ	zenodo_4321314	not_started	
obi-v03-n0090-re-p0161	ပုထိုးနီမင်းမောင်နှံကျောက်စာ	zenodo_4321314	not_started	
obi-v03-n0091-ob-p0162	မဟာရစ်စေတီ ကျောက်စာ	zenodo_4321314	not_started	
obi-v03-n0091-re-p0164	မဟာရစ်စေတီကျောက်စာ	zenodo_4321314	not_started	
obi-v03-n0092-ob-p0167	အမတ်ကြီး ဣန္တပစ္စရာကျောက်စာ	zenodo_4321314	not_started	
obi-v03-n0093-ob-p0168	မမံဘုရားကျောင်းကျောက်စာ	zenodo_4321314	not_started	
obi-v03-n0094-ob-p0169	သူကြွယ် ငက္လုမ်သင် ကျောက်စာ	zenodo_4321314	not_started	
obi-v03-n0095-re-p0170	သ္ခိင်ကုနကမ္ဘီကျောက်စာ	zenodo_4321314	not_started	
obi-v03-n0096-ob-p0171	တလုပ်မြို့ သုံးပန်လှဘုရားမှကျောက်စာ	zenodo_4321314	not_started	
obi-v03-n0097-ob-p0172	သူကြွယ် ငက္လုမ်သင် ကျောက်စာ	zenodo_4321314	not_started	
obi-v03-n0098-ob-p0173	သံပျင်ဇေယျသူဌေးကျောက်စာ	zenodo_4321314	not_started	
obi-v03-n0099-ob-p0174	ဣန္ဒပဇ္ဇရာဘုရားကျောက်စာ	zenodo_4321314	not_started	
obi-v03-n0100-ob-p0175	ဖုမ်မသင်ကြံစသော သူတို့ ကျောက်စာ	zenodo_4321314	not_started	
obi-v03-n0101-re-p0176	မမံဘုရားကျောင်း ကျောက်စာ	zenodo_4321314	not_started	
obi-v03-n0102-ob-p0177	ကမ္မပိစည်းကျောက်စာ	zenodo_4321314	not_started	
obi-v03-n0102-re-p0178	ကမ္မပိစည်းကျောက်စာ	zenodo_4321314	not_started	
obi-v03-n0103-ob-p0179	သီဟသူရမင်းကြီးကျောက်စာ	zenodo_4321314	not_started	
obi-v03-n0104-ob-p0181	နေရမုတ်ဘုရားကျောက်စာ	zenodo_4321314	not_started	
obi-v03-n0104-re-p0182	နေရမုတ်ဘုရား ကျောက်စာ	zenodo_4321314	not_started	
obi-v03-n0105-ob-p0183	ငရောက်သင် လင်မယားကျောက်စာ	zenodo_4321314	not_started	
obi-v03-n0106-ob-p0184	ယမွတ်ဖယကျောင်း ကျောက်စာ	zenodo_4321314	not_started	
obi-v03-n0107-ob-p0185	မင်းမတ် သတျာ ပိစည်းကျောက်စာ	zenodo_4321314	not_started	
obi-v03-n0108-ob-p0187	သိမ်ကျောင်းစေတီအား မြေလှူသော ကျောက်စာ	zenodo_4321314	not_started	
obi-v03-n0109-ob-p0187	သံပျင် သတျာပတေ့ကျောင်းကျောက်စာ	zenodo_4321314	not_started	
obi-v03-n0109-re-p0189	သံပျင် သတျာပတေ့ကျောင်း ကျောက်စာ	zenodo_4321314	not_started	
obi-v03-n0110-ob-p0190	အမတ်ဥတိန်ငယ် ကျောက်စာ	zenodo_4321314	not_started	
obi-v03-n0111-re-p0191	သံပျင် စတုရင်္ဂဗိဇယ်ကျောက်စာ	zenodo_4321314	not_started	
obi-v03-n0112-ob-p0192	သုဇာတာ ဂဏာနို့ဆွမ်း ကပ်ရာဌာန ကျောက်စာ	zenodo_4321314	not_started	
obi-v03-n0113-ob-p0193	မိသင်၏့သား ငါတပါ ညီကျောက်စာ	zenodo_4321314	not_started	
obi-v03-n0114-ob-p0193	စာသင်ဂူဘုရားအနီးရှိ ကျောက်စာ	zenodo_4321314	not_started	
obi-v03-n0115-ob-p0194	သမ္ဘူလဘုရားကျောက်စာ	zenodo_4321314	not_started	
obi-v03-n0116-ob-p0196	မ္လတ်ကြီးစွာ သိမ်ကျောင်းကျောက်စာ	zenodo_4321314	not_started	
obi-v03-n0117-ob-p0197	မိဘုရားစောကျောက်စာ	zenodo_4321314	not_started	
obi-v03-n0118-ob-p0198	အမတ်ကြီး သိရိရာဇသင်္ကြံ ကျောက်စာ	zenodo_4321314	not_started	
obi-v03-n0119-tx-p0202	တလပျံမင်းခေါ် တရုပ်ပြေးမင်း ကျောက်စာ	zenodo_4321314	not_started	
obi-v03-n0120-ob-p0204	သူကြွယ် ငါတန်ခုသင် မောင်နှံကျောက်စာ	zenodo_4321314	not_started	
obi-v03-n0121-ob-p0205	ရွှေနန်းသျှင်ကျောင်း ကျောက်စာ	zenodo_4321314	not_started	
obi-v03-n0122-re-p0206	သစ်မထီးကျောင်း ကျောက်စာ	zenodo_4321314	not_started	
obi-v03-n0123-ob-p0209	ပေါင်လောင်ကျောင်း ကျောက်စာ	zenodo_4321314	not_started	
obi-v03-n0123-re-p0210	ပေါင်လောင်ကျောင်း ကျောက်စာ	zenodo_4321314	not_started	
obi-v03-n0124-ob-p0212	ကသပကျောက်စာ	zenodo_4321314	not_started	
obi-v03-n0124-tx-p0213	ကသပ ကျောက်စာမျက်နှာဘက်တွင် ဝဲဘက်ဘေးရှိစာ	zenodo_4321314	not_started	
obi-v03-n0125-ob-p0214	အသင်္ခယာကျောင်းကျောက်စာ	zenodo_4321314	not_started	
obi-v03-n0126-ob-p0217	အမတ် စတ္တလင်္ကပို့ ကျောက်စာ	zenodo_4321314	not_started	
obi-v03-n0127-ob-p0218	အမတ်ကြီး မနောရသိန်းစည်းကျောက်စာ	zenodo_4321314	not_started	
obi-v03-n0128-ob-p0218	စတ္တလင်္ကပတေ့ ကျောက်စာ	zenodo_4321314	not_started	
obi-v03-n0128-re-p0219	စတ္တလင်္ကပတေ့ ကျောက်စာ	zenodo_4321314	not_started	
obi-v03-n0129-ob-p0220	သင်္ဃဒိပ္ပကျောင်းမှ ကျောက်စာ	zenodo_4321314	not_started	
obi-v03-n0130-ob-p0221	သူကြွယ် ငပ္လည်ရသင် စသောသူတို့ ကျောက်စာ	zenodo_4321314	not_started	
obi-v03-n0131-ob-p0222	ရာစပါ ကျောက်စာ	zenodo_4321314	not_started	
obi-v03-n0132-ob-p0225	မင်းမတ် သုဖရစ်စသော သူတို့ကျောက်စာ	zenodo_4321314	not_started	
obi-v03-n0133-ob-p0227	စစ်သူကြီး လက်ဝဲ အမတ်ကြီး ကျောက်စာ	zenodo_4321314	not_started	
obi-v03-n0134-tx-p0228	အနန္တသူ ကျောင်းဘုရားကျောက်စာ	zenodo_4321314	not_started	
obi-v03-n0134-tx-p0229	အနန္တသူ ကျောင်းဘုရားကျောက်စာ	zenodo_4321314	not_started	
obi-v03-n0134-tx-p0230	အနန္တသူ ကျောင်းဘုရားကျောက်စာ	zenodo_4321314	not_started	
obi-v03-n0135-ob-p0230	ချံသာပတေ့ လင်မယားကျောက်စာ	zenodo_4321314	not_started	
obi-v03-n0136-re-p0232	ချံသာပတေ့ လင်မယား ကျောက်စာ၂ မျက်နှာ	zenodo_4321314	not_started	
obi-v03-n0137-ob-p0234	လှည်းငှူးနှင့် အမတ်ကြီး ရာဇသင်ကြံတို့ ကျောက်စာ	zenodo_4321314	not_started	
obi-v03-n0138-ob-p0235	လှည်းငှူးနှင့်အမတ်ကြီး ရာဇသင်းကြံတို့ကျောက်စာ	zenodo_4321314	not_started	
obi-v03-n0139-re-p0236	မင်းအသင်္ခယာကျောင်းကျောက်စာ	zenodo_4321314	not_started	
obi-v03-n0140-ob-p0237	ဆင်ဖြူသ္ခိင်သမီး စောထွေး ကျောက်စာ	zenodo_4321314	not_started	
obi-v03-n0141-ob-p0238	မင်းမတ်ကြီး သုံယောက် နှမကျောက်စာ	zenodo_4321314	not_started	
obi-v03-n0142-ob-p0240	မင်းသိင်္ကသူ ကျောက်စာ	zenodo_4321314	not_started	
obi-v03-n0142-re-p0241	မင်းသိင်္ကသူ ကျောက်စာ	zenodo_4321314	not_started	
obi-v03-n0143-ob-p0242	စေတီလှဘုရား ကျောက်စာ	zenodo_4321314	not_started	
obi-v03-n0144-ob-p0243	စစ်သူကြီး တုရင်ကပိုစသည်တို့ ကျောက်စာ	zenodo_4321314	not_started	
obi-v03-n0145-ob-p0245	ငလက်စွယ်သင် မောင်နှံကျောက်စာ	zenodo_4321314	not_started	
obi-v03-n0146-ob-p0246	မြတ်ကြီး ပိကုန်ထေ ကျောက်စာ	zenodo_4321314	not_started	
obi-v03-n0147-ob-p0247	မိဖုရားစော ကျောက်စာ	zenodo_4321314	not_started	
obi-v03-n0148-re-p0249	ငါကြံလှောက်သင် ကျောက်စာ	zenodo_4321314	not_started	
obi-v03-n0149-ob-p0251	သူကြွယ်မ ငသယ်သင် မယားကျောင်းကျောက်စာ	zenodo_4321314	not_started	
obi-v03-n0150-ob-p0252	အဘယထော တောကျောင်း မြတ်ကြီး စေတီ ကျောက်စာ	zenodo_4321314	not_started	
obi-v03-n0151-ob-p0253	ပင်းယ ရွှေစည်းခုံဘုရား ကျောက်စာ	zenodo_4321314	not_started	
obi-v03-n0152-ob-p0254	တောင်ခွင်ကျောင်းနှင့် ဘုရားကျောက်စာ	zenodo_4321314	not_started	
obi-v03-n0153-ob-p0255	သိန်ကပကြံကျောင်း ကျောက်စာ	zenodo_4321314	not_started	
obi-v03-n0154-ob-p0257	ကိုရံသူကြီးကျောင်း ကျောက်စာ	zenodo_4321314	not_started	
obi-v03-n0155-ob-p0259	ကျောင်းသည် ငပြည်ညီ လင်မယား ကျောက်စာ	zenodo_4321314	not_started	
obi-v03-n0156-ob-p0259	မင်းမတ်ကြီး ရစကကျောင်းကျောက်စာ	zenodo_4321314	not_started	
obi-v03-n0157-ob-p0260	ဆုံသည် အိုမ်ကန်တူ ကျောင်းကျောက်စာ	zenodo_4321314	not_started	
obi-v03-n0158-ob-p0261	မဟာကဿပ ကျောင်းကျောက်စာ	zenodo_4321314	not_started	
obi-v03-n0159-ob-p0264	ရှင်မဟာကဿပ ဘုရားကျောင်းကျောက်စာ	zenodo_4321314	not_started	
obi-v03-n0159-re-p0268	ရှင်မဟာကဿပ ဘုရားကျောင်းကျောက်စာ	zenodo_4321314	not_started	
obi-v03-n0160-tx-p0272	မြတ်ကြီးညောင် မယားကျောက်စာ	zenodo_4321314	not_started	
obi-v03-n0161-re-p0273	ဤမ်ကြီးသည် ကျောက်စာ	zenodo_4321314	not_started	
obi-v03-n0162-ob-p0274	မန္တလေးမြို့နန်းတွင်းရုံ အမှတ် ၃၈၉ ကျောက်စာ	zenodo_4321314	not_started	
obi-v03-n0163-ob-p0275	ငမန်ဩင်ကျောင်း ကျောက်စာ	zenodo_4321314	not_started	
obi-v03-n0164-ob-p0276	အနန္တသူ မောင်နှံကျောင်းကျောက်စာ	zenodo_4321314	not_started	
obi-v03-n0165-ob-p0279	လောက ရွှေဘုံသာဘုရားအနီးရှိ ကျောက်စာ	zenodo_4321314	not_started	
obi-v03-n0165-re-p0280	လောကရွှေဘုံသာဘုရား အနီးရှိကျောက်စာ	zenodo_4321314	not_started	
obi-v03-n0166-ob-p0281	ဟန်လင်းကျောက်စာရုံ အမှတ် ၁၂ ကျောက်စာ	zenodo_4321314	not_started	
obi-v03-n0167-ob-p0282	မင်းအသင်္ခယာကြီးကျောက်စာ	zenodo_4321314	not_started	
obi-v03-n0168-ob-p0283	တရားနိုင်ကြောင်းရေးထိုးသောကျောက်စာ	zenodo_4321314	not_started	
obi-v03-n0169-ob-p0285	သိမ်ဘုရားနှင့် ကျောင်းကြီးဘုရားကျောက်စာ	zenodo_4321314	not_started	
obi-v03-n0169-re-p0287	ကူနီဘုရားကျောက်စာ	zenodo_4321314	not_started	
obi-v03-n0170-ob-p0289	မင်းသိင်္ကပတေ ကျောက်စာ	zenodo_4321314	not_started	
obi-v03-n0171-ob-p0290	အနန္တသူ ဘုရားကျောင်း ကျောက်စာ	zenodo_4321314	not_started	
obi-v03-n0171-re-p0291	အနန္တသူ ဘုရားကျောင်းကျောက်စာ	zenodo_4321314	not_started	
obi-v03-n0172-re-p0292	မဟာ အနာထပိန်သူဌေး ကျောက်စာ	zenodo_4321314	not_started	
obi-v03-n0173-ob-p0293	ရတနာစေတီကျောက်စာ	zenodo_4321314	not_started	
obi-v03-n0173-re-p0295	ရတနာစေတီ ကျောက်စာ	zenodo_4321314	not_started	
obi-v03-n0174-ob-p0296	အောင်သာဖ စသောသူတို့ ကျောက်စာ	zenodo_4321314	not_started	
obi-v03-n0175-re-p0297	မိဖုရား အိုမ်ပ္လည်သင် ကျောက်စာ	zenodo_4321314	not_started	
obi-v03-n0176-ob-p0298	သူကြွယ် ဥတ္တမဖြစ်သား အရွယ်ကျောက်စာ	zenodo_4321314	not_started	
obi-v03-n0177-ob-p0299	ဖုမ္မတေ ကျောက်စာ	zenodo_4321314	not_started	
obi-v03-n0178-ob-p0299	ကန်စွက်ကျောင်းကျောက်စာ	zenodo_4321314	not_started	
obi-v03-n0179-ob-p0300	တောင်ငယ် ဥမ္မင်ကျောင်းကျောက်စာ	zenodo_4321314	not_started	
obi-v03-n0180-ob-p0301	အမတ်ကြီး အရိမတ်ကျောက်စာ	zenodo_4321314	not_started	
obi-v03-n0181-re-p0302	သပေါက်သူကြီး စသောသူတို့ကျောက်စာ	zenodo_4321314	not_started	
obi-v03-n0182-ob-p0304	ငဇွန်ဘုရားကျောက်စာ	zenodo_4321314	not_started	
obi-v03-n0183-ob-p0305	သျှင်မဟာထီ ကျောက်စာ	zenodo_4321314	not_started	
obi-v03-n0184-ob-p0306	ရာဇသင်ကြံ မျောက်သားကျောက်စာ	zenodo_4321314	not_started	
obi-v03-n0185-ob-p0307	ရတနသင်ကြံမယားကျောက်စာ	zenodo_4321314	not_started	
obi-v03-n0186-ob-p0308	ရွှေကြက်ယက်ဘုရားကျောက်စာ	zenodo_4321314	not_started	
obi-v03-n0187-ob-p0310	မြေလှူသည်နှင့်တူသော ကျောက်စာ	zenodo_4321314	not_started	
obi-v03-n0188-ob-p0310	ဖုမ္မသိင်္ခါ စသော သူတို့ကျောက်စာ	zenodo_4321314	not_started	
obi-v03-n0188-re-p0311	ဖုမ္မသိင်္ခါ စသော သူတို့ကျောက်စာ	zenodo_4321314	not_started	
obi-v03-n0189-tx-p0312	ကျွန်လှူသော ကျောက်စာ	zenodo_4321314	not_started	
obi-v03-n0190-ob-p0312	မြတ်ကြီး မဟာထီ ကျောက်စာ	zenodo_4321314	not_started	
obi-v03-n0191-ob-p0313	ကျောင်းလှူသော ကျောက်စာ	zenodo_4321314	not_started	
obi-v03-n0191-re-p0314	ကျောင်းလှူသော ကျောက်စာ	zenodo_4321314	not_started	
obi-v03-n0192-ob-p0315	မြေလှူသည်နှင့် တူသော ကျောက်စာ	zenodo_4321314	not_started	
obi-v03-n0193-ob-p0315	စစ်သူကြီး သူဖရစ် ကျောက်စာ	zenodo_4321314	not_started	
obi-v03-n0194-ob-p0317	သရအိုင် သာရီရိက စေတီတော်ကျောက်စာ	zenodo_4321314	not_started	
obi-v03-n0195-ob-p0318	ချောက်သိခင် မထေရ်ဂူ ကျောက်စာ	zenodo_4321314	not_started	
obi-v03-n0196-ob-p0319	ဥစ္စနာမင်းကြီးကျောက်စာ	zenodo_4321314	not_started	
obi-v03-n0197-ob-p0320	သရိုင်ဘုရားကျောက်စာ	zenodo_4321314	not_started	
obi-v03-n0197-re-p0321	သရိုင်ဘုရား ကျောက်စာ	zenodo_4321314	not_started	
obi-v03-n0198-tx-p0322	အနန္တသူဘုရား ကျောက်စာ	zenodo_4321314	not_started	
obi-v03-n0199-ob-p0324	ဂူကြီးကျောင်းကြီး ကျောက်စာ	zenodo_4321314	not_started	
obi-v03-n0200-ob-p0325	စစ်သူကြီး လက်ျာပတိယ် မောင်နှံကျောက်စာ	zenodo_4321314	not_started	
obi-v03-n0200-re-p0326	စစ်သူကြီး ငတိုင်ကျောင်း ကျောက်စာ၂ မျက်နှာ	zenodo_4321314	not_started	
obi-v03-n0201-ob-p0327	ရတနာပုံ အမိဖုရား ကျောက်စာ	zenodo_4321314	not_started	
obi-v03-n0201-re-p0330	ရတနာပုံ အမိဖုရားကျောက်စာ	zenodo_4321314	not_started	
obi-v03-n0202-ob-p0330	ဥစ္စနာမင်းကြီး စေတီကျောက်စာ	zenodo_4321314	not_started	
obi-v03-n0203-tx-p0331	မင်းမတ် ထင်္ကပိစည်းကျောင်း ကျောက်စာ	zenodo_4321314	not_started	
obi-v03-n0204-ob-p0332	ခင်မွန် တောကျောင်းစေတီ ကျောက်စာ	zenodo_4321314	not_started	
obi-v03-n0205-ob-p0333	ရွှေအင်းပဲဘုရားကျောက်စာ	zenodo_4321314	not_started	
obi-v03-n0206-ob-p0335	သူကြွယ် ငဖ္လူသင် ကျောင်းကျောက်စာ	zenodo_4321314	not_started	
obi-v03-n0207-ob-p0336	ငမလိုဝ်သင် ကျောက်စာ	zenodo_4321314	not_started	
obi-v03-n0207-re-p0337	ငမလိုဝ်သင်ကျောက်စာ	zenodo_4321314	not_started	
obi-v03-n0208-ob-p0337	စလင်းကျောက် ကျောက်စာ	zenodo_4321314	not_started	
obi-v03-n0209-ob-p0339	နံကိုင်းဘုရားကျောက်စာ	zenodo_4321314	not_started	
obi-v03-n0209-re-p0341	နံကိုင်းဘုရားကျောက်စာ	zenodo_4321314	not_started	
obi-v03-n0210-ob-p0341	သဗ္ဗညုဘုရားကျောက်စာ	zenodo_4321314	not_started	
obi-v03-n0211-ob-p0342	ပြည်စိုး အနန္တသူ ကျောက်စာ	zenodo_4321314	not_started	
obi-v03-n0212-ob-p0343	သစ္စဝတီဘုရားကျောက်စာ	zenodo_4321314	not_started	
obi-v03-n0212-re-p0345	သစ္စာဝတီဘုရား ကျောက်စာ	zenodo_4321314	not_started	
obi-v03-n0213-ob-p0345	ငမောင်ကျောင်းကျောက်စာ	zenodo_4321314	not_started	
obi-v03-n0214-ob-p0347	မင်းမတ်ကြီး သ္မန်ချတ္တရာ ကျောင်းကျောက်စာ	zenodo_4321314	not_started	
obi-v03-n0215-ob-p0348	ရွှေကျောင်းကျောက်စာ	zenodo_4321314	not_started	
obi-v03-n0215-re-p0350	ရွှေကျောင်းကျောက်စာ	zenodo_4321314	not_started	
obi-v03-n0216-ob-p0351	မထောစေတီကျောက်စာ	zenodo_4321314	not_started	
obi-v03-n0217-ob-p0353	ဖုမ္မသိင်္ဃာ သိမ်ကျောက်စာ	zenodo_4321314	not_started	
obi-v03-n0218-ob-p0354	တန်လိုင်သူကြီး ဖုမ္မသင်ကြံ ကျောက်စာ	zenodo_4321314	not_started	
obi-v03-n0219-tx-p0355	တိုင်းရင်း တ~၃၀၆/ခ ကျောက်စာ	zenodo_4321314	not_started	
obi-v03-n0220-tx-p0356	တိုင်းရင်း တ~၃၀၆/ဂ ကျောက်စာ	zenodo_4321314	not_started	
obi-v03-n0221-tx-p0356	တိုင်းရင်း-တ-၃၀၆/ဃ ကျောက်စာ	zenodo_4321314	not_started	
obi-v03-n0222-ob-p0357	သရိယ်ကူဘုရားကျောက်စာ	zenodo_4321314	not_started	
obi-v03-n0223-ob-p0358	တောင်ပိမင်းစေတီဂူကျောင်းကျောက်စာ	zenodo_4321314	not_started	
obi-v03-n0224-ob-p0359	ပုဂံ မင်းနန်သူ ဂူဘုရားကျောက်စာ	zenodo_4321314	not_started	
obi-v03-n0225-ob-p0360	ရွှေစေတီ ကျောက်စာ	zenodo_4321314	not_started	
obi-v03-n0225-re-p0362	ရွှေစေတီ ကျောက်စာ	zenodo_4321314	not_started	
obi-v03-n0226-ob-p0363	သုံးပန်လှဘုရား ကျောက်စာ	zenodo_4321314	not_started	
obi-v03-n0227-ob-p0364	မဟာဝိဟာရ ကျောင်းတော်ကျောက်စာ	zenodo_4321314	not_started	
obi-v04-n0001-ob-p0001	ဇေယျာဝံသချောင်တွင်ရှိ ကျောက်စာ	zenodo_4321314	not_started	
obi-v04-n0001-re-p0002	ဇေယျာဝံသချောင်တွင်ရှိ ကျောက်စာ	zenodo_4321314	not_started	
obi-v04-n0002-ob-p0003	လေးကျွန်းချံသာ ဘုရားကျောက်စာ	zenodo_4321314	not_started	
obi-v04-n0003-ob-p0004	ဥမင်ကျောင်း ကျောက်စာ	zenodo_4321314	not_started	
obi-v04-n0004-ob-p0005	တောင်လွဲဆရာတော်ညွှန်သော ကျောက်စာ	zenodo_4321314	not_started	
obi-v04-n0004-re-p0006	တောင်လွဲဆရာတော်ညွှန်သော ကျောက်စာ	zenodo_4321314	not_started	
obi-v04-n0005-ob-p0007	ငခရသင် ကျောက်စာ	zenodo_4321314	not_started	
obi-v04-n0006-ob-p0008	မင်းသတိုးသီဟသူရကျောက်စာ	zenodo_4321314	not_started	
obi-v04-n0007-ob-p0009	ရွှေဂူဘုရားကျောက်စာ	zenodo_4321314	not_started	
obi-v04-n0007-re-p0010	ရွှေဂူဘုရားကျောက်စာ	zenodo_4321314	not_started	
obi-v04-n0008-ob-p0012	သုံးပန်လှဘုရား ကျောက်စာ	zenodo_4321314	not_started	
obi-v04-n0009-ob-p0013	ဥစ္စနာမင်ကြီး ကျောက်စာ	zenodo_4321314	not_started	
obi-v04-n0009-re-p0013	ဥစ္စနာမင်ကြီး ကျောက်စာ	zenodo_4321314	not_started	
obi-v04-n0010-re-p0014	မင်းမတ် ဥဒိန်ကြီးကျောင်း ကျောက်စာ	zenodo_4321314	not_started	
obi-v04-n0011-re-p0015	မင်းမတ်သတျာ ပိစည်းကျောက်စာ	zenodo_4321314	not_started	
obi-v04-n0012-ob-p0016	ကိုရံသူကြီးကျောင်း ကျောက်စာ	zenodo_4321314	not_started	
obi-v04-n0013-ob-p0017	ရွှေဂူသာ တောရဘုရားကျောက်စာ	zenodo_4321314	not_started	
obi-v04-n0014-ob-p0018	အထိန်းသား ပစ္စပတိယ်ကျောက်စာ	zenodo_4321314	not_started	
obi-v04-n0015-ob-p0019	ငါးဆူဘုရား ကျောက်စာ	zenodo_4321314	not_started	
obi-v04-n0016-ob-p0020	ရှင်ပင်ငန်းစွယ်ဘုရားကျောက်စာ	zenodo_4321314	not_started	
obi-v04-n0017-ob-p0022	ရွှေမုဌောဘုရားကျောက်စာ	zenodo_4321314	not_started	
obi-v04-n0018-ob-p0023	ထူပါရုံကျောက်စာရုံ ကျောက်တိုင်အမှတ် ၄၁ ကျောက်စာ	zenodo_4321314	not_started	
obi-v04-n0019-ob-p0024	အနန္တပကြံ ကျောက်စာ	zenodo_4321314	not_started	
obi-v04-n0019-re-p0025	အနန္တပကြံကျောက်စာ	zenodo_4321314	not_started	
obi-v04-n0020-ob-p0026	ကတူတောကျောင်းကျောက်စာ	zenodo_4321314	not_started	
obi-v04-n0020-re-p0027	ကတူတောကျောင်း ကျောက်စာ	zenodo_4321314	not_started	
obi-v04-n0021-ob-p0028	ရတနာကျောင်းကျောက်စာ	zenodo_4321314	not_started	
obi-v04-n0022-ob-p0029	ကိုယ်တော်ပျောက်ဘုရား ကျောက်စာ	zenodo_4321314	not_started	
obi-v04-n0023-ob-p0032	သက်ရှည်သင် မည်သောသူတို့ကျောက်စာ	zenodo_4321314	not_started	
obi-v04-n0023-re-p0034	သက်ရှည်သင် မည်သောသူတိုံ ကျောက်စာ	zenodo_4321314	not_started	
obi-v04-n0024-ob-p0036	ဆားတောင်ရွာကျောင်းကျောက်စာ	zenodo_4321314	not_started	
obi-v04-n0025-ob-p0037	ကနီမင်းနော်ရထာ ကျောက်စာ	zenodo_4321314	not_started	
obi-v04-n0025-re-p0039	ကနီမင်း နော်ရထာ ကျောက်စာ	zenodo_4321314	not_started	
obi-v04-n0026-ob-p0040	ငသသင် မောင်နှံ ကျောက်စာ	zenodo_4321314	not_started	
obi-v04-n0027-ob-p0041	သုဝဏ္ဏလက်ယာကျောင်း ကျောက်စာ	zenodo_4321314	not_started	
obi-v04-n0028-ob-p0042	မင်္ဂလာကြီးစေတီကျောင်း ကျောက်စာ	zenodo_4321314	not_started	
obi-v04-n0029-ob-p0044	အဘယကြီးကျောင်း ကျောက်စာ	zenodo_4321314	not_started	
obi-v04-n0029-re-p0046	အဘယကြီးကျောင်း ကျောက်စာ	zenodo_4321314	not_started	
obi-v04-n0030-ob-p0047	ငခွေးညိုဂူကျောက်စာ	zenodo_4321314	not_started	
obi-v04-n0030-re-p0048	ငခွေးညိုဂူကျောက်စာ	zenodo_4321314	not_started	
obi-v04-n0031-ob-p0049	သတိုးသင်္ကသူကျောင်းကျောက်စာ	zenodo_4321314	not_started	
obi-v04-n0032-ob-p0050	သမန်စတာဘုရားကျောက်စာ	zenodo_4321314	not_started	
obi-v04-n0032-re-p0052	သမန်စတာဘုရားကျောက်စာ	zenodo_4321314	not_started	
obi-v04-n0033-ob-p0054	မန္တလေး နန်းတွင်းရုံ ကျောက်တိုင်အမှတ် ၂၁၁ ကျောက်စာ	zenodo_4321314	not_started	
obi-v04-n0034-ob-p0055	ရတနာကုံမ်ကဲကျောင်းကျောက်စာ	zenodo_4321314	not_started	
obi-v04-n0035-ob-p0056	ပရိမ္မသူကြီး ငကောင်ရမ်သင် မောင်နှံကျောက်စာ	zenodo_4321314	not_started	
obi-v04-n0035-re-p0058	ပရိမ္မသူကြီး ငကောင်ရမ်သင် မောင်နှံကျောက်စာ	zenodo_4321314	not_started	
obi-v04-n0036-re-p0059	တိုင်းချွတ်ဘုရားကျောက်စာ	zenodo_4321314	not_started	
obi-v04-n0037-ob-p0061	မဟာဝိဟာရကျောင်းတော် ကျောက်စာ	zenodo_4321314	not_started	
obi-v04-n0038-ob-p0062	ကုနန္တရစ်ကျောက်စာ	zenodo_4321314	not_started	
obi-v04-n0039-ob-p0064	သူကြွယ်ကြီး အိုမ်စောင်သင် မောင်နှံကျောက်စာ	zenodo_4321314	not_started	
obi-v04-n0039-re-p0065	သူကြွယ်ကြီး အိုမ်စောင်သင် မောင်နှံကျောက်စာ	zenodo_4321314	not_started	
obi-v04-n0039-tx-p0066	သူကြွယ်ကြီး အိုမ်စောင်သင် မောင်နှံ ကျောက်စာ	zenodo_4321314	not_started	
obi-v04-n0039-tx-p0067	သူကြွယ်ကြီး အိုမ်စောင်သင် မောင်နှံကျောက်စာ	zenodo_4321314	not_started	
obi-v04-n0040-ob-p0068	စိုးမင်းကိုယ်တော်ကြီးကျောင်းကျောက်စာ	zenodo_4321314	not_started	
obi-v04-n0041-ob-p0070	ဘုရားနှင့် ကျောင်းအား မြေလှူသော ကျောက်စာ	zenodo_4321314	not_started	
obi-v04-n0042-re-p0071	အမိဖုရားစောထွတ်ကျောင်းကျောက်စာ	zenodo_4321314	not_started	
obi-v04-n0043-ob-p0072	စစ်သူကြီးလက်ယာပစ္စည်းမောင်နှံကျောက်စာ	zenodo_4321314	not_started	
obi-v04-n0044-ob-p0073	အိုန်ဖုန်ဆုံသင်တို့ကျောက်စာ	zenodo_4321314	not_started	
obi-v04-n0045-re-p0074	ရွှေဘူဘုရားကျောက်စာ	zenodo_4321314	not_started	
obi-v04-n0046-re-p0075	ရှင်ပင်ငန်းစွယ်ဘုရားကျောက်စာ	zenodo_4321314	not_started	
obi-v04-n0047-ob-p0076	မန္တလေးမြို့နန်းတွင်းရုံ အမှတ် ၄၇၄ ကျောက်စာ	zenodo_4321314	not_started	
obi-v04-n0048-ob-p0077	ဆုတောင်းပြည့်ဘုရားကျောက်စာ	zenodo_4321314	not_started	
obi-v04-n0049-ob-p0079	မန္တလေးမြို့ နန်းတွင်းရုံတွင် အမှတ် ၁၂၁-ကျောက်စာ	zenodo_4321314	not_started	
obi-v04-n0050-ob-p0080	စစ်သူကြီး စတ္တလင်္ကသူကျောက်စာ	zenodo_4321314	not_started	
obi-v04-n0051-ob-p0081	ရွှေဂူကြီးဘုရားကျောက်စာ	zenodo_4321314	not_started	
obi-v04-n0052-ob-p0082	အနန္တသူ အမတ်ကြီးကျောက်စာ	zenodo_4321314	not_started	
obi-v04-n0053-re-p0083	ပင်းယ ရွှေစည်းခုံဘုရား ကျောက်စာ	zenodo_4321314	not_started	
obi-v04-n0054-ob-p0084	ကာလဟတ္ထိကျောက်စာ	zenodo_4321314	not_started	
obi-v04-n0055-ob-p0085	မှောက်တော်ကြီးကျောင်းကျောက်စာ	zenodo_4321314	not_started	
obi-v04-n0056-ob-p0086	စစ်သူကြီး လောကနတ်ကျောက်စာ	zenodo_4321314	not_started	
obi-v04-n0057-ob-p0087	ရွှေဂူဘုရားကျောက်စာ	zenodo_4321314	not_started	
obi-v04-n0058-ob-p0088	ရွှေပိန်းကြီးဘုရားကျောက်စာ	zenodo_4321314	not_started	
obi-v04-n0059-ob-p0089	စည်းခုံဘုရားကြီး ကျောက်စာ	zenodo_4321314	not_started	
obi-v04-n0059-re-p0090	စည်းခုံဘုရားကြီးကျောက်စာ	zenodo_4321314	not_started	
obi-v04-n0060-ob-p0092	မန္တလေးမြို့နန်းတွင်းရုံတွင် အမှတ် ၄၆၉ ကျောက်စာ	zenodo_4321314	not_started	
obi-v04-n0061-ob-p0093	အင်းပဲဘုရားနှင့် နဂါးရုံဘုရားကျောက်စာ	zenodo_4321314	not_started	
obi-v04-n0061-tx-p0094	အင်းပဲဘုရားနှင့် နဂါးရုံဘုရားကျောက်စာ	zenodo_4321314	not_started	
obi-v04-n0062-ob-p0095	မန္တလေးမြို့ နန်းတွင်းရုံတွင် အမှတ် ၄၇၉ ကျောက်စာ	zenodo_4321314	not_started	
obi-v04-n0063-ob-p0096	မန္တလေးမြို့နန်းတွင်းရုံတွင် အမှတ် ၁၂၄ ကျောက်စာ	zenodo_4321314	not_started	
obi-v04-n0064-ob-p0097	ဆင်ဖြူသခင်မင်းကျောက်စာ	zenodo_4321314	not_started	
obi-v04-n0064-re-p0098	ဆင်ဖြူသခင်မင်းကျောက်စာ	zenodo_4321314	not_started	
obi-v04-n0065-ob-p0099	စည်းခုံကြီးဘုရားကျောက်စာ	zenodo_4321314	not_started	
obi-v04-n0065-re-p0101	စည်းခုံကြီးဘုရားကျောက်စာ	zenodo_4321314	not_started	
obi-v04-n0066-ob-p0102	ဆုတောင်းပြည့်ဘုရား ကျောက်စာ	zenodo_4321314	not_started	
obi-v04-n0066-re-p0105	ဆုတောင်းပြည့်ဘုရားကျောက်စာ	zenodo_4321314	not_started	
obi-v04-n0067-ob-p0107	ငပ္လါဝ်လှ ကျောက်စာ	zenodo_4321314	not_started	
obi-v04-n0068-ob-p0108	မန္တလေးမြို့ နန်းတွင်းရုံတွင် အမှတ် ၅၂၆ ကျောက်စာ	zenodo_4321314	not_started	
obi-v04-n0068-re-p0108	မန္တလေးမြို့ နန်းတွင်းရုံတွင် အမှတ် ၅၂၆ ကျောက်စာ	zenodo_4321314	not_started	
obi-v04-n0069-ob-p0109	မင်းမဟာနှင့် သိရိမဟာကျောက်စာ	zenodo_4321314	not_started	
obi-v04-n0070-ob-p0110	သိခင် စလိယ်ထေကျောက်စာ	zenodo_4321314	not_started	
obi-v04-n0071-re-p0111	အိုန်ညုမိ၊ အိုန်ညုဖ၊ ကျောက်စာ	zenodo_4321314	not_started	
obi-v04-n0072-ob-p0112	မုဌောဘုရားကျောက်စာ	zenodo_4321314	not_started	
obi-v04-n0072-re-p0113	မုဌောဘုရားကျောက်စာ	zenodo_4321314	not_started	
obi-v04-n0073-ob-p0114	မိဖုရားရွှေတောင်မယ် ကျောက်စာ	zenodo_4321314	not_started	
obi-v04-n0073-re-p0115	မိဖုရားရွှေတောင်မယ်ကျောက်စာ	zenodo_4321314	not_started	
obi-v04-n0074-ob-p0117	စတ္တလင်္ကသူ ကျောက်စာ	zenodo_4321314	not_started	
obi-v04-n0075-ob-p0118	မန္တလေးမြို့နန်းတွင်းရုံအမှတ် ၁၄၅ ကျောက်စာ	zenodo_4321314	not_started	
obi-v04-n0076-ob-p0119	ပင်းယ ဥမ္မာဒန္တီကျောင်းကျောက်စာ	zenodo_4321314	not_started	
obi-v04-n0077-ob-p0121	စစ်သူကြီး ရာဇသင်္ကြံ မယားကျောက်စာ	zenodo_4321314	not_started	
obi-v04-n0078-ob-p0121	ဆင်ဖြူသျှင်မင်းကျောက်စာ	zenodo_4321314	not_started	
obi-v04-n0079-ob-p0123	မထဝ်စေတီဘုရားကျောက်စာ	zenodo_4321314	not_started	
obi-v04-n0080-re-p0125	မန္တလေးမြို့နန်းတွင်းရုံတွင် အမှတ် ၄၆၇ ကျောက်စာ	zenodo_4321314	not_started	
obi-v04-n0080-tx-p0124	မန္တလေးမြို့နန်းတွင်းရုံတွင် ကျောက်တိုင်အမှတ် ၄၆၇ ကျောက်စာ	zenodo_4321314	not_started	
obi-v04-n0081-ob-p0126	သူကြွယ် ငမ္လောက်သင်ကျောက်စာ	zenodo_4321314	not_started	
obi-v04-n0082-ob-p0127	အမတ်ကြီး သရေ အသင်္ဃယာကျောက်စာ	zenodo_4321314	not_started	
obi-v04-n0082-re-p0128	အမတ်ကြီး သရေ အသင်္ဃယာ ကျောက်စာ	zenodo_4321314	not_started	
obi-v04-n0083-ob-p0129	ထူပါရုံကျောက်စာရုံတွင် အမှတ် ၁၁ ကျောက်စာ	zenodo_4321314	not_started	
obi-v04-n0084-tx-p0130	မင်းမတ်ကြီး ပိတ္တရစ် မောင်နှံကျောက်စာ	zenodo_4321314	not_started	
obi-v04-n0084-tx-p0131	မင်းမတ်ကြီး ပိတ္တရစ် မောင်နှံကျောက်စာ	zenodo_4321314	not_started	
obi-v04-n0084-tx-p0132	မင်းမတ်ကြီး ပိတ္တရစ် မောင်နှံ ကျောက်စာ	zenodo_4321314	not_started	
obi-v04-n0084-tx-p0133	မင်းမတ်ကြီး ပိတ္တရစ် မောင်နှံ ကျောက်စာ	zenodo_4321314	not_started	
obi-v04-n0085-ob-p0135	သက်တော်ရှည်ဘုရားကျောက်စာ	zenodo_4321314	not_started	
obi-v04-n0086-ob-p0136	လေးမျက်နှာဘုရားကျောက်စာ	zenodo_4321314	not_started	
obi-v04-n0087-ob-p0138	ငချစ်ဖွယ်သင် ကျောက်စာ	zenodo_4321314	not_started	
obi-v04-n0088-ob-p0139	မင်းမဟာသတ်ထိတ် မောင်နှံ ကျောက်စာ	zenodo_4321314	not_started	
obi-v04-n0089-ob-p0140	စိုးမင်းကိုယ်တော်ကြီးကျောင်း ကျောက်စာ	zenodo_4321314	not_started	
obi-v04-n0089-re-p0142	စိုးမင်းကိုယ်တော်ကြီးကျောင်းကျောက်စာ	zenodo_4321314	not_started	
obi-v04-n0090-ob-p0144	အစောကြီးမိဖုရားကျောင်းကျောက်စာ	zenodo_4321314	not_started	
obi-v04-n0091-ob-p0146	စိုးမင်းကိုယ်တော်ကြီးကျောင်းကျောက်စာ (၂ မျက်နှာ မျက်နှာ)	zenodo_4321314	not_started	
obi-v04-n0092-ob-p0147	မင်းမတ် အနန္တခြင်သေ့ လင်မယားကျောင်းကျောက်စာ	zenodo_4321314	not_started	
obi-v04-n0093-ob-p0149	မင်းမဟာသတ်ထိတ် မောင်နှံ ကျောက်စာ	zenodo_4321314	not_started	
obi-v04-n0094-tx-p0150	မုတ္ထောဘုရား ကျောက်စာ တမျကနှာ	zenodo_4321314	not_started	
obi-v04-n0095-ob-p0151	ရာဇသင်္ကြံကျောင်းကျောက်စာ	zenodo_4321314	not_started	
obi-v04-n0095-re-p0152	ရာဇသင်္ကြံကျောင်းကျောက်စာ	zenodo_4321314	not_started	
obi-v04-n0096-ob-p0153	ထူပါရုံဘုရားကျောက်စာရုံတွင် အမှတ် ၃၇/က ကျောက်စာ	zenodo_4321314	not_started	
obi-v04-n0096-tx-p0154	ထူပါရုံဘုရားကျောက်စာရုံတွင် အမှတ် ၃၇/ခ ကျောက်စာ	zenodo_4321314	not_started	
obi-v04-n0097-ob-p0155	ရွှေနန်းသျှင်သမီး ကျောက်စာ	zenodo_4321314	not_started	
obi-v04-n0098-ob-p0156	မဟာထီးကျောက်စာ	zenodo_4321314	not_started	
obi-v04-n0098-tx-p0157	မဟာထီးကျောက်စာ၏့ ဝဲဘက်တွင် ထောင်လိုက်ရေးထားသော ကျောက်စာ	zenodo_4321314	not_started	
obi-v04-n0098-tx-p0157-r02	မဟာထီးကျောက်စာ၏့ အထက်ပိုင်းတွင် စာပြောင်းပြန် ရေးထားသောကျောက်စာ	zenodo_4321314	not_started	
obi-v04-n0099-ob-p0158	ရွှေဂူဘုရားကျောက်စာ	zenodo_4321314	not_started	
obi-v04-n0100-ob-p0159	ကုခန် ကူနီဘုရားခေါ် ခတုန်ဘုရားကျောက်စာ	zenodo_4321314	not_started	
obi-v04-n0101-ob-p0160	ငနသီဖ ကျောက်စာ	zenodo_4321314	not_started	
obi-v04-n0102-ob-p0161	တောင်ငူမင်း အနောရထာကျောက်စာ	zenodo_4321314	not_started	
obi-v04-n0103-re-p0162	မင်းယောက်ခမနှင့် မင်းလက်ယာတို့ကျောက်စာ	zenodo_4321314	not_started	
obi-v04-n0104-ob-p0163	နန်းတွင်းကျောက်တိုင်အမှတ် ၇၈ ကျောက်စာ	zenodo_4321314	not_started	
obi-v04-n0104-re-p0165	နန်းတွင်းကျောက်တိုင်အမှတ် ၇၈ ကျောက်စာ	zenodo_4321314	not_started	
obi-v04-n0104-tx-p0164	နန်းတွင်းကျောက်တိုင်အမှတ် ၇၈ ကျောက်စာ	zenodo_4321314	not_started	
obi-v04-n0105-ob-p0166	စူဠာမဏိဘုရားကျောက်စာ	zenodo_4321314	not_started	
obi-v04-n0105-re-p0167	စူဠာမဏိဘုရားကျောက်စာ	zenodo_4321314	not_started	
obi-v04-n0106-ob-p0168	မိဖုရားကြီး စောနန္ဒာ ကျောက်စာ	zenodo_4321314	not_started	
obi-v04-n0106-re-p0170	မိဖုရားကြီးစောနန္ဒာ ကျောက်စာ	zenodo_4321314	not_started	
obi-v04-n0107-ob-p0171	သထိယ် ကျောက်စာ	zenodo_4321314	not_started	
obi-v04-n0108-ob-p0172	ဖွားစောကျောင်းနှင့် လှေအသျင် မောင်နှံကျောင်းကျောက်စာ	zenodo_4321314	not_started	
obi-v04-n0108-re-p0175	ဖွားစောကျောင်းနှင့် လှေအသျင် မောင်နှံကျောင်းကျောက်စာ	zenodo_4321314	not_started	
obi-v04-n0109-ob-p0178	သမန်တရစ်ကျောက်စာ	zenodo_4321314	not_started	
obi-v04-n0110-ob-p0179	ငလှိသင်ခမည်းကျောက်စာ	zenodo_4321314	not_started	
obi-v04-n0111-re-p0180	ဝပေသူကြီး ကျောက်စာ	zenodo_4321314	not_started	
obi-v04-n0112-ob-p0181	ကျောင်းအားလယ်မြေလှူသောကျောက်စာ	zenodo_4321314	not_started	
obi-v04-n0113-ob-p0182	သယောင်ဘုရားကျောက်စာ	zenodo_4321314	not_started	
obi-v04-n0114-ob-p0183	ဂုဏ်တော် ၉ ပါးကျောက်စာ	zenodo_4321314	not_started	
obi-v04-n0115-re-p0184	ငပေါင်လောင်သင် ကျောက်စာ	zenodo_4321314	not_started	
obi-v04-n0116-ob-p0185	ဆုတောင်းပြည့်ဘုရားကျောက်စာ	zenodo_4321314	not_started	
obi-v04-n0116-re-p0188	ဆုတောင်းပြည့်ဘုရားကျောက်စာ	zenodo_4321314	not_started	
obi-v04-n0117-re-p0191	ဇံသီးဘုရား ကျောက်စာ	zenodo_4321314	not_started	
obi-v04-n0118-ob-p0192	စောဥမ္မာ ကျောက်စာ	zenodo_4321314	not_started	
obi-v04-n0119-ob-p0193	ရှင်ဖြူရှင်လှဘုရား ကျောက်စာ	zenodo_4321314	not_started	
obi-v04-n0119-re-p0195	ရှင်ဖြူ ရှင်လှဘုရား၊ ကျောက်စာ	zenodo_4321314	not_started	
obi-v04-n0120-ob-p0196	မိဖုရားစောတော်ဦးကျောင်း ကျောက်စာ	zenodo_4321314	not_started	
obi-v04-n0120-re-p0198	မိဖုရားစောတော်ဦးကျောင်းကျောက်စာ	zenodo_4321314	not_started	
obi-v04-n0121-ob-p0199	သူကြီး ငရင်ဖ ကျောက်စာ	zenodo_4321314	not_started	
obi-v04-n0121-re-p0199	သူကြီး ငရင်ဖ ကျောက်စာ	zenodo_4321314	not_started	
obi-v04-n0122-ob-p0200	သာကျင်ရွာဘုရားရှိကျောက်စာ	zenodo_4321314	not_started	
obi-v04-n0123-ob-p0201	မန္တလေးနန်းတွင်းရုံတွင် အမှတ် ၄၅၂ ကျောက်စာ	zenodo_4321314	not_started	
obi-v04-n0123-re-p0201	မန္တလေးနန်းတွင်းရုံတွင် အမှတ် ၄၅၂ ကျောက်စာ	zenodo_4321314	not_started	
obi-v04-n0123-tx-p0201	မန္တလေးနန်းတွင်းရုံတွင် အမှတ် ၄၅၂ ကျောက်စာ	zenodo_4321314	not_started	
obi-v04-n0124-ob-p0202	မင်းရဲကြီးကျောင်းကျောက်စာ	zenodo_4321314	not_started	
obi-v04-n0125-tx-p0203	မင်းကြီးစွာစော်ကဲ ကျောက်စာ	zenodo_4321314	not_started	
obi-v04-n0126-ob-p0206	ကျောင်းအား လယ်လှူသော ကျောက်စာ	zenodo_4321314	not_started	
obi-v04-n0126-re-p0205	မင်းကြီးစွာစော်ကဲ ကျောက်စာ	zenodo_4321314	not_started	
obi-v04-n0127-ob-p0207	မင်းကြီးစွာစော်ကဲ ကျောက်စာ	zenodo_4321314	not_started	
obi-v04-n0127-re-p0208	မင်းကြးစွာစော်ကဲကျောက်စာ	zenodo_4321314	not_started	
obi-v04-n0128-re-p0210	ရန်အောင်မြင်ဘုရား ကျောက်စာ၊ အငယ်	zenodo_4321314	not_started	
obi-v04-n0128-tx-p0209	ရန်အောင်မြင်ဘုရားကျောက်စာ အငယ်	zenodo_4321314	not_started	
obi-v04-n0129-ob-p0212	ထွဋ်တင်မာရ်အောင်ဘုရားကျောက်စာ	zenodo_4321314	not_started	
obi-v04-n0129-re-p0214	ထွဋ်တင်မာရ်အောင်ဘုရားကျောက်စာ	zenodo_4321314	not_started	
obi-v04-n0130-re-p0216	ဥမင်ကျောင်းကျောက်စာ	zenodo_4321314	not_started	
obi-v04-n0131-ob-p0217	ပင်းယမင်းကြည်မှူးသား ကျောက်စာ	zenodo_4321314	not_started	
obi-v04-n0132-ob-p0218	သမန္တသူ မောင်နှံကျောက်စာ	zenodo_4321314	not_started	
obi-v04-n0133-re-p0219	ကုသသမုတိ ဘုရားကျောက်စာ	zenodo_4321314	not_started	
obi-v04-n0134-ob-p0220	ရန်အောင်မြင်ဘုရားကျောက်စာအကြီး	zenodo_4321314	not_started	
obi-v04-n0134-re-p0224	ရန်အောင်မြင်ဘုရားကျောက်စာ၊ အကြီး	zenodo_4321314	not_started	
obi-v04-n0135-ob-p0228	နာဂသမန်း အမတ်ကျောက်စာ	zenodo_4321314	not_started	
obi-v04-n0136-ob-p0230	မိဖုရားစောကျောက်စာ	zenodo_4321314	not_started	
obi-v04-n0137-ob-p0231	မင်းကြီးရွှေနန်းသျှင် သားတော်စင်ပု ကျောက်စာ	zenodo_4321314	not_started	
obi-v04-n0137-re-p0232	မင်းကြီး ရွှေနန်းသျှင် သားတောင်စင်ပု ကျောက်စာ	zenodo_4321314	not_started	
obi-v04-n0138-ob-p0233	အမတ်ကြီး လက်ျာဖရစ်ကျောက်စာ	zenodo_4321314	not_started	
obi-v04-n0138-re-p0235	အမတ်ကြီး လက်ယာဖရစ် ကျောက်စာ	zenodo_4321314	not_started	
obi-v04-n0139-re-p0236	မိဖုရား စောဘို့မယ်ကျောင်း ကျောက်စာ	zenodo_4321314	not_started	
obi-v04-n0140-ob-p0237	နရသိင်္ခါ ကျောက်စာ	zenodo_4321314	not_started	
obi-v04-n0140-re-p0238	နရသိင်္ခါ ကျောက်စာ	zenodo_4321314	not_started	
obi-v04-n0141-ob-p0239	ရွှေမုတ္ထောဘုရား ကျောက်စာ	zenodo_4321314	not_started	
obi-v04-n0142-ob-p0240	ဘဝဆင်ဖြူရှင် သီဟသူကျောင်း ကျောက်စာ	zenodo_4321314	not_started	
obi-v04-n0142-re-p0242	အဝဆင်ဖြူရှင် သီဟသူကျောင်းကျောက်စာ	zenodo_4321314	not_started	
obi-v04-n0143-ob-p0243	ရတနာစေတီ ကျောက်စာ	zenodo_4321314	not_started	
obi-v04-n0143-re-p0245	ရတနာစေတီ ကျောက်စာ	zenodo_4321314	not_started	
obi-v04-n0144-re-p0248	နာဂသမန်း အမတ် ကျောက်စာ	zenodo_4321314	not_started	
obi-v04-n0145-ob-p0250	တန်တိုင်းနှင့် ဂူတော်တည်သော ကျောက်စာ	zenodo_4321314	not_started	
obi-v04-n0146-ob-p0251	မန္တလေးမြို့နန်းတွင်းရုံတွင် အမှတ် ၃၄၃ ကျောက်စာ	zenodo_4321314	not_started	
obi-v04-n0147-ob-p0252	သစ်ဆိမ့်မင်း တုရင်သိန်းစည်းကျောင်း ကျောက်စာ	zenodo_4321314	not_started	
obi-v04-n0147-re-p0254	သစ်ဆိမ့်မင်း တုရင်သိန်စည်းကျောင်းကျောက်စာ	zenodo_4321314	not_started	
obi-v04-n0148-ob-p0255	မိုးညှင်းမင်းတရား ကျောက်စာ	zenodo_4321314	not_started	
obi-v04-n0149-ob-p0259	မဟာသင်္ဃရာဇာ ကျောက်စာ	zenodo_4321314	not_started	
obi-v04-n0149-re-p0260	မဟာသင်္ဃရာဇာကျောက်စာ	zenodo_4321314	not_started	
obi-v04-n0150-ob-p0261	သစ္စာရဘုရားကျောက်စာ	zenodo_4321314	not_started	
obi-v04-n0150-re-p0262	သစ္စာရဘုရား ကျောက်စာ	zenodo_4321314	not_started	
obi-v04-n0151-ob-p0263	အမတ်ကြီး မဟာကျောက်စာ	zenodo_4321314	not_started	
obi-v04-n0151-re-p0264	အမတ်ကြီး မဟာကျောက်စာ	zenodo_4321314	not_started	
obi-v04-n0152-ob-p0265	ပင်းတလဲဘုရားကျောက်စာ	zenodo_4321314	not_started	
obi-v04-n0152-re-p0267	ပင်းတလဲဘုရားကျောက်စာ	zenodo_4321314	not_started	
obi-v05-n0001-tx-p0001	သကျမုနိစေတီတော်ကျောက်စာ	zenodo_4321314	not_started	
obi-v05-n0002-ob-p0003	ကျောင်းအားမြေလှူသောကျောက်စာ	zenodo_4321314	not_started	
obi-v05-n0002-re-p0004	ကျောင်းအားမြေလှူသောကျောက်စာ	zenodo_4321314	not_started	
obi-v05-n0003-ob-p0006	ပိတူ သင်္ဃရာဇာကျောင်းကျောက်စာ	zenodo_4321314	not_started	
obi-v05-n0003-re-p0007	ပိတူ သင်္ဃရာဇာကျောင်းကျောက်စာ	zenodo_4321314	not_started	
obi-v05-n0004-tx-p0008	ပဲသာမင်း ကျောင်းနှင့်ဘုရားကျောက်စာ မျက်နှာ	zenodo_4321314	not_started	
obi-v05-n0004-tx-p0009	ပဲသာမင်းကျောင်းနှင့် ဘုရားကျောက်စာ	zenodo_4321314	not_started	
obi-v05-n0005-tx-p0010	ဆင်ကဲ စောစံပကျောင်းကျောက်စာ တစ်မျက်နှာ	zenodo_4321314	not_started	
obi-v05-n0006-ob-p0011	ပိတူးသင်္ဃရာဇာ စည်းခုံ ကျောက်စာ	zenodo_4321314	not_started	
obi-v05-n0006-re-p0015	ပိတူးသင်္ဃရာဇာ စည်းခုံ ကျောက်စာ	zenodo_4321314	not_started	
obi-v05-n0007-ob-p0017	မင်းကျည်ကျပ် ဘုရားကျောင်း ကျောက်စာ	zenodo_4321314	not_started	
obi-v05-n0008-ob-p0018	မင်းရဲကျော်စွာမောင်နှံကျောက်စာ	zenodo_4321314	not_started	
obi-v05-n0008-re-p0019	မင်းရဲကျော်စွာ မောင်နှံ ကျောက်စာ	zenodo_4321314	not_started	
obi-v05-n0009-ob-p0021	တက်နွယ်ကျောင်းကျောက်စာ	zenodo_4321314	not_started	
obi-v05-n0009-re-p0025	တက်နွယ်ကျောင်းကျောက်စာ	zenodo_4321314	not_started	
obi-v05-n0009-tx-p0030	တက်နွယ်ကျောင်းကျောက်စာ	zenodo_4321314	not_started	
obi-v05-n0009-tx-p0032	တက်နွယ်ကျောင်းကျောက်စာ	zenodo_4321314	not_started	
obi-v05-n0010-ob-p0034	ထူပါရုံဘုရားကျောက်စာ	zenodo_4321314	not_started	
obi-v05-n0010-re-p0039	ထူပါရုံဘုရားကျောက်စာ	zenodo_4321314	not_started	
obi-v05-n0011-ob-p0044	မြပုထိုးနှင့် ဥဒ္ဒိဿစေတီ ကျောက်စာ	zenodo_4321314	not_started	
obi-v05-n0012-ob-p0046	မဟာသီဟသူရကျောင်း ကျောက်စာ	zenodo_4321314	not_started	
obi-v05-n0012-re-p0048	မဟာသီဟသူရကျောင်း ကျောက်စာ	zenodo_4321314	not_started	
obi-v05-n0013-tx-p0050	ပင်ကြားအသည်ကျောင်းကျောက်စာ တစ်မျက်နှာ	zenodo_4321314	not_started	
obi-v05-n0014-ob-p0052	သိမ်တော်ဘုရားကျောင်းကျောက်စာ	zenodo_4321314	not_started	
obi-v05-n0015-ob-p0053	ကျောင်းဆောက်သော ကျောက်စာ	zenodo_4321314	not_started	
obi-v05-n0016-ob-p0054	သစ်ဆိမ့်ကိုယ်တော်ကျောင်းကျောက်စာ	zenodo_4321314	not_started	
obi-v05-n0016-re-p0056	သစ်ဆိမ်ကိုယ်တောင်ကျောင်း ကျောက်စာ	zenodo_4321314	not_started	
obi-v05-n0017-ob-p0058	အင်းဝ နရပတိမင်းနှင့် မိဖုရားကျောင်းကျောက်စာ	zenodo_4321314	not_started	
obi-v05-n0017-re-p0060	အင်းဝ နရပတိမင်းနှင့် မိဖုရားကျောင်းကျောက်စာ	zenodo_4321314	not_started	
obi-v05-n0018-ob-p0061	ဥစ္စနာမင်းကြီးကျောက်စာ	zenodo_4321314	not_started	
obi-v05-n0019-tx-p0062	ဘုရင်မယ်တော်ဘုရားကျောက်စာ တစ်မျက်နှာ	zenodo_4321314	not_started	
obi-v05-n0020-ob-p0063	မင်းကြီး သိမ္ပတေကျောင်းကျောက်စာ	zenodo_4321314	not_started	
obi-v05-n0020-re-p0064	မင်းကြီး သိမ္ပတေကျောင်းကျောက်စာ	zenodo_4321314	not_started	
obi-v05-n0021-ob-p0065	ရိုးစေတီဘုရားကျောက်စာ	zenodo_4321314	not_started	
obi-v05-n0022-re-p0066	စောနန်ဖိုးကျောက်စာ	zenodo_4321314	not_started	
obi-v05-n0023-tx-p0066	ရွှေအင်တောင်ဘုရား ကျောက်ထီးရိုးမှ စာ	zenodo_4321314	not_started	
obi-v05-n0024-re-p0067	သစ်ဆိမ့်မင်းတုရင်သိန်စည်းကျောင်း ကျောက်စာ	zenodo_4321314	not_started	
obi-v05-n0025-ob-p0068	သမတန်ကျောင်းမ ကျောက်စာ	zenodo_4321314	not_started	
obi-v05-n0026-ob-p0068	ဝိမလာဒေဝီမည်သော အမိစိုးမင်းကျောက်စာ	zenodo_4321314	not_started	
obi-v05-n0026-re-p0070	ဝိမလာဒေဝီမည်သော အမိစိုးမင်းကျောက်စာ	zenodo_4321314	not_started	
obi-v05-n0027-ob-p0072	ရွှေစေတီနှင့် ကျောင်းကျောက်စာ	zenodo_4321314	not_started	
obi-v05-n0028-ob-p0073	ရတနာစေတီနှင့် ကျောင်းတော် ကျောက်စာ	zenodo_4321314	not_started	
obi-v05-n0029-tx-p0074	ဒုတိယမင်းခေါင်နှင့် မယ်တော် မိဖုရားကြီးကျောက်စာ	zenodo_4321314	not_started	
obi-v05-n0030-ob-p0078	ရွှေတိဂုံဘုရားကျောက်စာ	zenodo_4321314	not_started	
obi-v05-n0030-re-p0082	ရွှေတိဂုံဘုရားကျောက်စာ	zenodo_4321314	not_started	
obi-v05-n0031-tx-p0086	ဆင်းတုငယ် ပလ္လင်မှစာ	zenodo_4321314	not_started	
obi-v05-n0032-ob-p0086	ဝဇနာမင်ကြီးကျောက်စာ	zenodo_4321314	not_started	
obi-v05-n0033-tx-p0087	မဟာထေရ်ကျောင်းကျောက်စာ တစ်မျက်နှာ	zenodo_4321314	not_started	
obi-v05-n0034-ob-p0088	ငရမံသင် ရွှေဘုရားကျောက်စာ	zenodo_4321314	not_started	
obi-v05-n0035-ob-p0089	ဝေဠုဝန်ကျောင်းကျောက်စာ	zenodo_4321314	not_started	
obi-v05-n0036-re-p0095	ရတနာဗိမာန်ကျောင်း ကျောက်စာ	zenodo_4321314	not_started	
obi-v05-n0036-tx-p0090	ရတနာဗိမာန်ကျောင်း ကျောက်စာ	zenodo_4321314	not_started	
obi-v05-n0037-tx-p0098	ရွှေပြည်စိုးကျောင်းကျောက်စာ တစ်မျက်နှာ	zenodo_4321314	not_started	
obi-v05-n0038-ob-p0099	အဝမြို့နန်းတည် အခမ်းအနားကျောက်စာ	zenodo_4321314	not_started	
obi-v05-n0039-ob-p0108	မင်းကြီးဦးရီးတော် စည်သူကျောက်စာနှင့် မြောင်လှမင်းကြီးကျောက်စာ	zenodo_4321314	not_started	
obi-v05-n0040-ob-p0109	တက်ကလဲ တောင်ကျောင်းဘုရား ကျောက်စာ	zenodo_4321314	not_started	
obi-v05-n0041-ob-p0109	တဲတော်ရာကျောင်း ကျောက်စာ	zenodo_4321314	not_started	
obi-v05-n0042-ob-p0110	သိမ်ဘုရားအတွင်းရှိ ကျောက်စာ	zenodo_4321314	not_started	
obi-v05-n0043-ob-p0110	မြေလှူသည်နှင့် တူသောကျောက်စာ	zenodo_4321314	not_started	
obi-v05-n0044-ob-p0111	ဖုန်းသည်ကြီးကျောက်စာ	zenodo_4321314	not_started	
obi-v05-n0045-ob-p0112	မင်းရဲကျော်စွာ ကျောက်စာ	zenodo_4321314	not_started	
obi-v05-n0045-re-p0114	မင်းရဲကျော်စွာ ကျောက်စာ	zenodo_4321314	not_started	
obi-v05-n0046-tx-p0116	သစ်ဆိမ့်ကြီးရွာ ကျောက်စာရုံတွင် အမှတ် ၁ ကျောက်စာ	zenodo_4321314	not_started	
obi-v05-n0047-tx-p0116	အနော်မာဘုရားကျောက်စာ	zenodo_4321314	not_started	
obi-v05-n0048-ob-p0117	စောလှယင့်သင့်မော် ကျောင်းကျောက်စာ	zenodo_4321314	not_started	
obi-v05-n0049-ob-p0119	ပိုက်သည်ရပ် ကျောက်စာ	zenodo_4321314	not_started	
obi-v05-n0049-re-p0121	ပိုက်သည်ရပ် ကျောက်စာ	zenodo_4321314	not_started	
obi-v05-n0049-tx-p0120	ပိုက်သည်ရပ် ကျောက်စာ၊ မျက်နှာဘက် အဆက်	zenodo_4321314	not_started	
obi-v05-n0049-tx-p0122	ပိုက်သည်ရပ် ကျောက်စာ	zenodo_4321314	not_started	
obi-v05-n0049-tx-p0123	ပိုက်သည်ရပ် ကျောက်စာ	zenodo_4321314	not_started	
obi-v05-n0050-ob-p0124	ရန်နောင်ကျက်သရေ အထိန်းမောင်နှံ ကျောက်စာ	zenodo_4321314	not_started	
obi-v05-n0051-re-p0126	ဂူကျောင်းအား မြေလှူသော ကျောက်စာ	zenodo_4321314	not_started	
obi-v05-n0051-tx-p0126	ဂူကျောင်းအား မြေလှူသော ကျောက်စာ	zenodo_4321314	not_started	
obi-v05-n0052-ob-p0127	ရှင်သုဘရစ် ကျောက်စာ	zenodo_4321314	not_started	
obi-v05-n0052-re-p0127	ရှင်သုဘရစ် ကျောက်စာ	zenodo_4321314	not_started	
obi-v05-n0053-ob-p0128	ကျောင်းအားမြေလှူသော ကျောက်စာ	zenodo_4321314	not_started	
obi-v05-n0054-ob-p0129	မင်းအသင်္ခယာ ကျောက်စာ	zenodo_4321314	not_started	
obi-v05-n0055-tx-p0130	သင်းတော်သွေး ကျောက်စာ၊ တစ်မျက်နှာ	zenodo_4321314	not_started	
obi-v05-n0056-ob-p0130	ရွက်ညိုတောင်ဘုရားကျောက်စာ	zenodo_4321314	not_started	
obi-v05-n0057-tx-p0131	ကုလားက ဘုရားကျောက်စာ	zenodo_4321314	not_started	
obi-v05-n0058-ob-p0133	စုက္ကတေးကျောင်း ကျောက်စာ	zenodo_4321314	not_started	
obi-v05-n0058-re-p0134	စုက္ကတေးကျောင်းကျောက်စာ	zenodo_4321314	not_started	
obi-v05-n0059-ob-p0134	ဓါးမတိုက်သူဌေးကျောက်စာ	zenodo_4321314	not_started	
obi-v05-n0059-re-p0134	ဓါးမတိုက်သူဌေးကျောက်စာ	zenodo_4321314	not_started	
obi-v05-n0060-ob-p0135	ဂဠုန်တောင်ဘုရားကျောက်စာ	zenodo_4321314	not_started	
obi-v05-n0061-ob-p0135	ပီပင်ကုန်းဘုရားကျောက်စာ	zenodo_4321314	not_started	
obi-v05-n0062-ob-p0136	သစ္စာရဘုရားကျောက်စာ	zenodo_4321314	not_started	
obi-v05-n0062-re-p0137	သစ္စာရဘုရားကျောက်စာ	zenodo_4321314	not_started	
obi-v05-n0063-re-p0138	မီးငြိမ်းကုန်းဘုရားကျောက်စာ	zenodo_4321314	not_started	
obi-v05-n0064-tx-p0139	နန်းကျားရွာ မတ်ရပ်တော်ဘုရားမှ စာ	zenodo_4321314	not_started	
obi-v05-n0065-ob-p0140	ကောင်းမှုတော်ဘုရားကျောက်စာ	zenodo_4321314	not_started	
obi-v05-n0065-tx-p0151	ကောင်းမှုတော်ဘုရားကျောက်စာ မျက်နှာ	zenodo_4321314	not_started	
obi-v06-n0001-ob-p0001	ဖောင်တော်ဦးစေတီကျောက်စာ	zenodo_4321314	not_started	
obi-v06-n0002-ob-p0003	သိမ်တော်ကျောက်စာ	zenodo_4321314	not_started	
obi-v06-n0003-ob-p0005	ရတနာမုနိဘုရားကျောက်စာ	zenodo_4321314	not_started	
obi-v06-n0004-ob-p0006	ရွှေသိမ်တော်မော်ကွန်းကျောက်စာ	zenodo_4321314	not_started	
obi-v06-n0005-ob-p0007	လေးစုံသ္မီးမောင်နှံကျောက်စာ	zenodo_4321314	not_started	
obi-v06-n0006-ob-p0008	သူကြီးစံပေါင်သ္မီး မောင်နှံကျောက်စာ	zenodo_4321314	not_started	
obi-v06-n0007-tx-p0009	ဂေါတမဂူကျောက်စာ	zenodo_4321314	not_started	
obi-v06-n0008-ob-p0011	ခြေတော်ရာကျောက်စာ	zenodo_4321314	not_started	
obi-v06-n0009-ob-p0013	ရွှေတန်ဆာဘုရားကျောက်စာ	zenodo_4321314	not_started	
obi-v06-n0010-ob-p0016	ရွှေကြက်ယက်မုဌောဘုရားကျောက်စာ	zenodo_4321314	not_started	
obi-v06-n0011-ob-p0018	ရွှေမုတ္တောစေတီကျောက်စာ	zenodo_4321314	not_started	
obi-v06-n0012-ob-p0022	နိဗ္ဗာန်ဆိပ်ဦးဘုရားကျောက်စာ (က)	zenodo_4321314	not_started	
obi-v06-n0013-re-p0030	နိဗ္ဗာန်ဆိပ်ဦးဘုရားကျောက်စာ (ခ)	zenodo_4321314	not_started	
obi-v06-n0014-ob-p0039	ဘုံစံတုလွတ်ကျောင်းကျောက်စာ (က)	zenodo_4321314	not_started	
obi-v06-n0015-re-p0048	ဘုံစံတုလွတ်ကျောင်းကျောက်စာ (ခ)	zenodo_4321314	not_started	
obi-v06-n0016-tx-p0053	ရန်အောင်မင်္ဂလာစေတီတော်ကျောက်စာ	zenodo_4321314	not_started	
obi-v06-n0017-tx-p0056	ပုဂံရွှေစည်းခုံကျောက်စာ	zenodo_4321314	not_started	
obi-v06-n0018-tx-p0071	သိမ်အောင်ကျောက်စာ	zenodo_4321314	not_started	
obi-v06-n0019-tx-p0073	ပန်စွာဆရာတော်အရိုးအိုးကျောက်စာ	zenodo_4321314	not_started	
obi-v06-n0020-tx-p0076	ပြည်နိဗ္ဗာန်ဘုရားကျောက်စာ	zenodo_4321314	not_started	
obi-v06-n0021-tx-p0079	မြင်မိမုတ္ထောဘုရားကျောက်စာ (က)	zenodo_4321314	not_started	
obi-v06-n0022-tx-p0081	မြင်မိမုတ္ထောဘုရားကျောက်စာ (ခ)	zenodo_4321314	not_started	
obi-v06-n0023-tx-p0083	အင်းဝဆင်ဖြူရှင်မင်းတရားအလှူပြုသောကျောက်စာ	zenodo_4321314	not_started	
obi-v06-n0024-ob-p0086	အင်းဝမိုးထိကျောင်းကျောက်စာ (က)	zenodo_4321314	not_started	
obi-v06-n0025-re-p0093	အင်းဝမိုးထိကျောင်းကျောက်စာ (ခ)	zenodo_4321314	not_started	
obi-v06-n0026-ob-p0099	မဟာသိမ်တော်ကျောက်စာ (က)	zenodo_4321314	not_started	
obi-v06-n0027-re-p0104	မဟာသိမ်တော်ကျောက်စာ (ခ)	zenodo_4321314	not_started	
obi-v06-n0028-ob-p0108	အဝမြို့လောကမန်အောင်ဘုရားကျောက်စာ (က)	zenodo_4321314	not_started	
obi-v06-n0029-re-p0112	အဝမြို့လောကမန်အောင်ဘုရားကျောက်စာ (ခ)	zenodo_4321314	not_started	
obi-v06-n0030-ob-p0116	တောင်တွင်းကြီးမြို့နယ် ဝက်ချင်းကန်ကျောက်စာ (က)	zenodo_4321314	not_started	
obi-v06-n0031-re-p0118	တောင်တွင်းကြီးမြို့နယ် ဝက်ချင်းကန်ကျောက်စာ (ခ)	zenodo_4321314	not_started	
obi-v06-n0032-ob-p0120	အောင်မြေလောကဘုရားကျောက်စာ (က)	zenodo_4321314	not_started	
obi-v06-n0033-re-p0126	အောင်မြေလောကဘုရားကျောက်စာ (ခ)	zenodo_4321314	not_started	
obi-v06-n0034-ob-p0133	ရွှေဂူကြီးဘုရားကျောက်စာ (က)	zenodo_4321314	not_started	
obi-v06-n0035-re-p0138	ရွှေဂူကြီးဘုရားကျောက်စာ (ခ)	zenodo_4321314	not_started	
obi-v06-n0036-tx-p0141	သင်္ကန်းရုံနည်းအဆုံးအဖြတ်ကျောက်စာ	zenodo_4321314	not_started	
obi-v06-n0037-ob-p0145	ပုဂံရွှေစည်းခုံကျောက်စာ	zenodo_4321314	not_started	
obi-v06-n0038-tx-p0148	မဟာရတနာ မဉ္ဇူတိလောကစေတီကျောက်စာ	zenodo_4321314	not_started	
obi-v07-n0001-tx-p0001	စည်သူမင်းကျောက်စာ	zenodo_4321314	not_started	
obi-v07-n0002-tx-p0004	သင်ပုတ်ကျောင်းကျောက်စာ	zenodo_4321314	not_started	
obi-v07-n0003a-ob-p0006	သရပိုလ် သ္ခိင်ကျောင်းကျောက်စာ	zenodo_4321314	not_started	
obi-v07-n0003b-re-p0007	သရပိုလ် သ္ခိင်ကျောင်းကျောက်စာ	zenodo_4321314	not_started	
obi-v07-n0004-tx-p0010	စည်သူမင်းကြီး ဂူလျောင်းဂူပြောက်ကျောက်စာ	zenodo_4321314	not_started	
obi-v07-n0005-tx-p0012	ငဦသင်ကျောက်စာ	zenodo_4321314	not_started	
obi-v07-n0006-tx-p0014	လက်ဆောင်ဘုရားကျောက်စာ	zenodo_4321314	not_started	
obi-v07-n0007-tx-p0016	တောကျောင်းသခင်ကျောက်စာ	zenodo_4321314	not_started	
obi-v07-n0008-tx-p0018	ညာနရင်သီဘုရားကျောက်စာ	zenodo_4321314	not_started	
obi-v07-n0009a-ob-p0021	သိင်္ဃဝီရ်သုဇ္ဇ်ဗိုလ်ကျောက်စာ	zenodo_4321314	not_started	
obi-v07-n0009b-re-p0023	သိင်္ဃဝီရ်သုဇ္ဇ်ဗိုလ်ကျောက်စာ	zenodo_4321314	not_started	
obi-v07-n0010a-ob-p0026	ကန်ကျက်ကလိည်သူကြီးကျောက်စာ	zenodo_4321314	not_started	
obi-v07-n0010b-re-p0028	ကန်ကျက်ကလိည်သူကြီးကျောက်စာ	zenodo_4321314	not_started	
obi-v07-n0011-tx-p0030	နက္ကာပြံကြီးမယားကျောက်စာ	zenodo_4321314	not_started	
obi-v07-n0012-tx-p0034	ကန်သင်ဘုရားမြေကျောက်စာ	zenodo_1302525	not_started	
obi-v07-n0013-tx-p0036	သ္ခိင်မဟာထီမြေကျွန်ကျောက်စာ	zenodo_4321314	not_started	
obi-v07-n0014-tx-p0038	ဂုဏပတိမယားကျောက်စာ	zenodo_4321314	not_started	
obi-v07-n0015-tx-p0041	ဓမ္မသူဌေးလင်မယားကျောက်စာ	zenodo_4321314	not_started	
obi-v07-n0016a-ob-p0044	သူကြွယ်ငခင်ပွန်သင်ကျောက်စာ	zenodo_4321314	not_started	
obi-v07-n0016b-re-p0045	သူကြွယ်ငခင်ပွန်သင်ကျောက်စာ	zenodo_4321314	not_started	
obi-v07-n0017a-ob-p0048	သံပျင်ပတုန်မလောက်သွာဘုရားကျောက်စာ	zenodo_4321314	not_started	
obi-v07-n0017b-re-p0049	သံပျင်ပတုန်မလောက်သွာဘုရားကျောက်စာ	zenodo_4321314	not_started	
obi-v07-n0018-tx-p0052	သင်ကြီသီလဗင်ကျောက်စာ	zenodo_4321314	not_started	
obi-v07-n0019a-ob-p0055	မင်္ဂလာဒေဝီကျောင်းကျောက်စာ	zenodo_4321314	not_started	
obi-v07-n0019b-re-p0059	မင်္ဂလာဒေဝီကျောင်းကျောက်စာ	zenodo_4321314	not_started	
obi-v07-n0020-tx-p0061	မင်မတ်စတုရင်ကပတိလင်မယားကျောင်းကျောက်စာ	zenodo_4321314	not_started	
obi-v07-n0021-tx-p0064	ဆင်ပြူ့သိခင်ကျောက်စာ	zenodo_4321314	not_started	
obi-v07-n0022-tx-p0068	အမတ်ကြီးကျောက်စာ	zenodo_4321314	not_started	
obi-v07-n0023-tx-p0070	စလင်တပိုဝ်ကျောက်စာ	zenodo_4321314	not_started	
obi-v07-n0024-tx-p0072	တိုင်းချစ်ဘုရားသင်ပုတ်လဲလှူကျောက်စာ	zenodo_4321314	not_started	
obi-v07-n0025a-tx-p0074	သခင်ခင်ဥန်နှင့်သင်ကြီကုံကယ်ကျောက်စာ	zenodo_4321314	not_started	
obi-v07-n0025b-tx-p0075	ရာဇသင်ကြံမြေလှူကျောက်စာ	zenodo_4321314	not_started	
obi-v07-n0026-tx-p0079	စစ်လျင်သူကြီးအနန္တသူကျောက်စာ	zenodo_4321314	not_started	
obi-v07-n0027-tx-p0083	အမတ်ကြီးရာဇသင်င်္ကြံကျောက်စာ	zenodo_4321314	not_started	
obi-v07-n0028-tx-p0086	ဥစ္စနာမင်းကြီးကျောက်စာ	zenodo_4321314	not_started	
obi-v07-n0029-tx-p0089	ဧကရစ်မင်းကြီးကျောက်စာ	zenodo_4321314	not_started	
obi-v07-n0030a-ob-p0091	အမတ်ကြီးစလေမင်းမောင်နံကျောက်စာ	zenodo_4321314	not_started	
obi-v07-n0030b-re-p0092	အမတ်ကြီးစလေမင်းမောင်နံကျောက်စာ	zenodo_4321314	not_started	
obi-v07-n0031a-ob-p0097	ထနောင်းကန်သူကြီးသမီးမောင်နှံကျောက်စာ	zenodo_4321314	not_started	
obi-v07-n0031b-re-p0098	ထနောင်းကန်သူကြီးသမီးမောင်နှံကျောက်စာ	zenodo_4321314	not_started	
obi-v07-n0032a-ob-p0102	ဝါရာရွာသူကြွယ်ကျောက်စာ	zenodo_4321314	not_started	
obi-v07-n0032b-re-p0103	ဝါရာရွာသူကြွယ်ကျောက်စာ	zenodo_4321314	not_started	
obi-v07-n0033-tx-p0106	အကောက်ခွန်ကျောက်စာ	zenodo_4321314	not_started	
obi-v07-n0034-tx-p0108	ရာဇသင်္ကြံသမီးကျောက်စာ	zenodo_4321314	not_started	
obi-v07-n0035a-ob-p0110	မိဖုရားကြီးသီရိမဟာဓမ္မဒေဝီကျောက်စာ	zenodo_4321314	not_started	
obi-v07-n0035b-re-p0115	မိဖုရားကြီးသီရိမဟာဓမ္မဒေဝီကျောက်စာ	zenodo_4321314	not_started	
obi-v07-n0036-tx-p0121	သူကြွယ်ငကုလားသင်သိမ်ကျောက်စာ	zenodo_4321314	not_started	
obi-v07-n0037-tx-p0123	စူလာပိကြံသမီးကျောက်စာ	zenodo_1302525	not_started	
obi-v07-n0038-tx-p0124	နွားထိန်းအလိုတော်ပြည့်စလင်းအသင်္ခရာကျောက်စာ	zenodo_4321314	not_started	
obi-v07-n0039-tx-p0126	ပုရန်ငါယန်ကျောက်စာ	zenodo_4321314	not_started	
obi-v07-n0040-tx-p0128	ပုကံမဟာဓိဓမ္မကျွန်လှူကျောက်စာ	zenodo_4321314	not_started	
